objectid,parentid,title,creator,location,latitude,longitude,date,description,subject,source,transcriber,type,format,language,identifier,rights,rightsstatement,display_template,filename,object_transcript,image_small,image_thumb,object_location,image_alt_text
sakaino001,,1942 Fort Missoula Internment Camp Journal (Volume 4),"Sakaino, Bunro","Fort Missoula, MT",46.844072,-114.061906,1942,Cover of a diary kept by Bunro Sakaino between March 1942 and 1943.,concentration camps; diaries,"MG 387, George Shihei Shitamae papers, Special Collections and Archives, University of Idaho Library","Transcribed and translated by Naoko Tanabe, 2024-2025, of Densho (densho.org)",Text,application/pdf,jpn,mg387_cover,"In copyright, educational use permitted. Educational use includes non-commercial reproduction of text and images in materials for teaching and research purposes. For other contexts beyond fair use, including digital reproduction, please contact the University of Idaho Library Special Collections and Archives Department at libspec@uidaho.edu. The University of Idaho Library is not liable for any violations of the law by users.",http://rightsstatements.org/vocab/InC-EDU/1.0/,letter,mg387_cover.pdf,/objects/cover.md,https://objects.lib.uidaho.edu/sakaino/small/mg387_1_7-cover_sm.jpg,https://objects.lib.uidaho.edu/sakaino/thumbs/mg387_1_7-cover_th.jpg,https://objects.lib.uidaho.edu/sakaino/mg387_cover.pdf,
sakaino002,sakaino001,1942 Fort Missoula Internment Camp Journal (Volume 4),,,,,,,,,"Transcribed and translated by Naoko Tanabe, 2024-2025, of Densho (densho.org)",Text,image/jpeg,jpn,mg387_1_7-001,"In copyright, educational use permitted. Educational use includes non-commercial reproduction of text and images in materials for teaching and research purposes. For other contexts beyond fair use, including digital reproduction, please contact the University of Idaho Library Special Collections and Archives Department at libspec@uidaho.edu. The University of Idaho Library is not liable for any violations of the law by users.",http://rightsstatements.org/vocab/InC-EDU/1.0/,image,mg387_1_7-001.jpg,/objects/cover.md,https://objects.lib.uidaho.edu/sakaino/small/mg387_1_7-001_sm.jpg,https://objects.lib.uidaho.edu/sakaino/thumbs/mg387_1_7-001_th.jpg,https://objects.lib.uidaho.edu/sakaino/mg387_1_7-001.jpg,Lined notebook paper with handwritten Japanese text in ink
sakaino003,,"March 23, 1942 entry","Sakaino, Bunro","Fort Missoula, MT",46.844072,-114.061906,1942-03-23,"March 23, 1942, diary entry written by Bunro Sakaino while he was incarcerated at the Fort Missoula Internment Camp in Missoula, Montana.",concentration camps; diaries,"MG 387, George Shihei Shitamae papers, Special Collections and Archives, University of Idaho Library","Transcribed and translated by Naoko Tanabe, 2024-2025, of Densho (densho.org)",Text,application/pdf,jpn; eng,mg387_1_7-1942-03-23,"In copyright, educational use permitted. Educational use includes non-commercial reproduction of text and images in materials for teaching and research purposes. For other contexts beyond fair use, including digital reproduction, please contact the University of Idaho Library Special Collections and Archives Department at libspec@uidaho.edu. The University of Idaho Library is not liable for any violations of the law by users.",http://rightsstatements.org/vocab/InC-EDU/1.0/,letter,mg387_1_7-1942-03-23.pdf,/objects/1942-03-23.md,https://objects.lib.uidaho.edu/sakaino/small/mg387_1_7-1942-03-23_sm.jpg,https://objects.lib.uidaho.edu/sakaino/thumbs/mg387_1_7-1942-03-23_th.jpg,https://objects.lib.uidaho.edu/sakaino/mg387_1_7-1942-03-23.pdf,
sakaino004,sakaino003,"March 23, 1942 entry, page 1",,,,,,,,,"Transcribed and translated by Naoko Tanabe, 2024-2025, of Densho (densho.org)",Text,image/jpeg,jpn; eng,mg387_1_7-002,"In copyright, educational use permitted. Educational use includes non-commercial reproduction of text and images in materials for teaching and research purposes. For other contexts beyond fair use, including digital reproduction, please contact the University of Idaho Library Special Collections and Archives Department at libspec@uidaho.edu. The University of Idaho Library is not liable for any violations of the law by users.",http://rightsstatements.org/vocab/InC-EDU/1.0/,image,mg387_1_7-002.jpg,/objects/mg387_1_7-002.md,https://objects.lib.uidaho.edu/sakaino/small/mg387_1_7-002_sm.jpg,https://objects.lib.uidaho.edu/sakaino/thumbs/mg387_1_7-002_th.jpg,https://objects.lib.uidaho.edu/sakaino/mg387_1_7-002.jpg,Lined notebook paper with handwritten Japanese and English text in ink
sakaino005,sakaino003,"March 23, 1942 entry, page 2",,,,,,,,,"Transcribed and translated by Naoko Tanabe, 2024-2025, of Densho (densho.org)",Text,image/jpeg,jpn; eng,mg387_1_7-003,"In copyright, educational use permitted. Educational use includes non-commercial reproduction of text and images in materials for teaching and research purposes. For other contexts beyond fair use, including digital reproduction, please contact the University of Idaho Library Special Collections and Archives Department at libspec@uidaho.edu. The University of Idaho Library is not liable for any violations of the law by users.",http://rightsstatements.org/vocab/InC-EDU/1.0/,image,mg387_1_7-003.jpg,/objects/mg387_1_7-003a.md,https://objects.lib.uidaho.edu/sakaino/small/mg387_1_7-003_sm.jpg,https://objects.lib.uidaho.edu/sakaino/thumbs/mg387_1_7-003_th.jpg,https://objects.lib.uidaho.edu/sakaino/mg387_1_7-003.jpg,Lined notebook paper with handwritten Japanese and English text in ink
sakaino006,,"March 24, 1942 entry","Sakaino, Bunro","Fort Missoula, MT",46.844072,-114.061906,1942-03-24,"March 24, 1942, diary entry written by Bunro Sakaino while he was incarcerated at the Fort Missoula Internment Camp in Missoula, Montana.",concentration camps; diaries,"MG 387, George Shihei Shitamae papers, Special Collections and Archives, University of Idaho Library","Transcribed and translated by Naoko Tanabe, 2024-2025, of Densho (densho.org)",Text,application/pdf,jpn; eng,mg387_1_7-1942-03-24,"In copyright, educational use permitted. Educational use includes non-commercial reproduction of text and images in materials for teaching and research purposes. For other contexts beyond fair use, including digital reproduction, please contact the University of Idaho Library Special Collections and Archives Department at libspec@uidaho.edu. The University of Idaho Library is not liable for any violations of the law by users.",http://rightsstatements.org/vocab/InC-EDU/1.0/,letter,mg387_1_7-1942-03-24.pdf,/objects/1942-03-24.md,https://objects.lib.uidaho.edu/sakaino/small/mg387_1_7-1942-03-24_sm.jpg,https://objects.lib.uidaho.edu/sakaino/thumbs/mg387_1_7-1942-03-24_th.jpg,https://objects.lib.uidaho.edu/sakaino/mg387_1_7-1942-03-24.pdf,
sakaino007,sakaino006,"March 24, 1942 entry, page 1",,,,,,,,,"Transcribed and translated by Naoko Tanabe, 2024-2025, of Densho (densho.org)",Text,image/jpeg,jpn; eng,mg387_1_7-003,"In copyright, educational use permitted. Educational use includes non-commercial reproduction of text and images in materials for teaching and research purposes. For other contexts beyond fair use, including digital reproduction, please contact the University of Idaho Library Special Collections and Archives Department at libspec@uidaho.edu. The University of Idaho Library is not liable for any violations of the law by users.",http://rightsstatements.org/vocab/InC-EDU/1.0/,image,mg387_1_7-003.jpg,/objects/mg387_1_7-003b.md,https://objects.lib.uidaho.edu/sakaino/small/mg387_1_7-003_sm.jpg,https://objects.lib.uidaho.edu/sakaino/thumbs/mg387_1_7-003_th.jpg,https://objects.lib.uidaho.edu/sakaino/mg387_1_7-003.jpg,Lined notebook paper with handwritten Japanese and English text in ink
sakaino008,sakaino006,"March 24, 1942 entry, page 2",,,,,,,,,"Transcribed and translated by Naoko Tanabe, 2024-2025, of Densho (densho.org)",Text,image/jpeg,jpn; eng,mg387_1_7-004,"In copyright, educational use permitted. Educational use includes non-commercial reproduction of text and images in materials for teaching and research purposes. For other contexts beyond fair use, including digital reproduction, please contact the University of Idaho Library Special Collections and Archives Department at libspec@uidaho.edu. The University of Idaho Library is not liable for any violations of the law by users.",http://rightsstatements.org/vocab/InC-EDU/1.0/,image,mg387_1_7-004.jpg,/objects/mg387_1_7-004a.md,https://objects.lib.uidaho.edu/sakaino/small/mg387_1_7-004_sm.jpg,https://objects.lib.uidaho.edu/sakaino/thumbs/mg387_1_7-004_th.jpg,https://objects.lib.uidaho.edu/sakaino/mg387_1_7-004.jpg,Lined notebook paper with handwritten Japanese and English text in ink
sakaino009,,"March 25, 1942 entry","Sakaino, Bunro","Fort Missoula, MT",46.844072,-114.061906,1942-03-25,"March 25, 1942, diary entry written by Bunro Sakaino while he was incarcerated at the Fort Missoula Internment Camp in Missoula, Montana.",concentration camps; diaries,"MG 387, George Shihei Shitamae papers, Special Collections and Archives, University of Idaho Library","Transcribed and translated by Naoko Tanabe, 2024-2025, of Densho (densho.org)",Text,application/pdf,jpn; eng,mg387_1_7-1942-03-25,"In copyright, educational use permitted. Educational use includes non-commercial reproduction of text and images in materials for teaching and research purposes. For other contexts beyond fair use, including digital reproduction, please contact the University of Idaho Library Special Collections and Archives Department at libspec@uidaho.edu. The University of Idaho Library is not liable for any violations of the law by users.",http://rightsstatements.org/vocab/InC-EDU/1.0/,letter,mg387_1_7-1942-03-25.pdf,/objects/1942-03-25.md,https://objects.lib.uidaho.edu/sakaino/small/mg387_1_7-1942-03-25_sm.jpg,https://objects.lib.uidaho.edu/sakaino/thumbs/mg387_1_7-1942-03-25_th.jpg,https://objects.lib.uidaho.edu/sakaino/mg387_1_7-1942-03-25.pdf,
sakaino010,sakaino009,"March 25, 1942 entry, page 1",,,,,,,,,"Transcribed and translated by Naoko Tanabe, 2024-2025, of Densho (densho.org)",Text,image/jpeg,jpn; eng,mg387_1_7-004,"In copyright, educational use permitted. Educational use includes non-commercial reproduction of text and images in materials for teaching and research purposes. For other contexts beyond fair use, including digital reproduction, please contact the University of Idaho Library Special Collections and Archives Department at libspec@uidaho.edu. The University of Idaho Library is not liable for any violations of the law by users.",http://rightsstatements.org/vocab/InC-EDU/1.0/,image,mg387_1_7-004.jpg,/objects/mg387_1_7-004b.md,https://objects.lib.uidaho.edu/sakaino/small/mg387_1_7-004_sm.jpg,https://objects.lib.uidaho.edu/sakaino/thumbs/mg387_1_7-004_th.jpg,https://objects.lib.uidaho.edu/sakaino/mg387_1_7-004.jpg,Lined notebook paper with handwritten Japanese and English text in ink
sakaino011,sakaino009,"March 25, 1942 entry, page 2",,,,,,,,,"Transcribed and translated by Naoko Tanabe, 2024-2025, of Densho (densho.org)",Text,image/jpeg,jpn,mg387_1_7-005,"In copyright, educational use permitted. Educational use includes non-commercial reproduction of text and images in materials for teaching and research purposes. For other contexts beyond fair use, including digital reproduction, please contact the University of Idaho Library Special Collections and Archives Department at libspec@uidaho.edu. The University of Idaho Library is not liable for any violations of the law by users.",http://rightsstatements.org/vocab/InC-EDU/1.0/,image,mg387_1_7-005.jpg,/objects/mg387_1_7-005.md,https://objects.lib.uidaho.edu/sakaino/small/mg387_1_7-005_sm.jpg,https://objects.lib.uidaho.edu/sakaino/thumbs/mg387_1_7-005_th.jpg,https://objects.lib.uidaho.edu/sakaino/mg387_1_7-005.jpg,Lined notebook paper with handwritten Japanese text in ink
sakaino012,sakaino009,"March 25, 1942 entry, page 3",,,,,,,,,"Transcribed and translated by Naoko Tanabe, 2024-2025, of Densho (densho.org)",Text,image/jpeg,jpn,mg387_1_7-006,"In copyright, educational use permitted. Educational use includes non-commercial reproduction of text and images in materials for teaching and research purposes. For other contexts beyond fair use, including digital reproduction, please contact the University of Idaho Library Special Collections and Archives Department at libspec@uidaho.edu. The University of Idaho Library is not liable for any violations of the law by users.",http://rightsstatements.org/vocab/InC-EDU/1.0/,image,mg387_1_7-006.jpg,/objects/mg387_1_7-006.md,https://objects.lib.uidaho.edu/sakaino/small/mg387_1_7-006_sm.jpg,https://objects.lib.uidaho.edu/sakaino/thumbs/mg387_1_7-006_th.jpg,https://objects.lib.uidaho.edu/sakaino/mg387_1_7-006.jpg,Lined notebook paper with handwritten Japanese text in ink
sakaino013,sakaino009,"March 25, 1942 entry, page 4",,,,,,,,,"Transcribed and translated by Naoko Tanabe, 2024-2025, of Densho (densho.org)",Text,image/jpeg,jpn,mg387_1_7-007,"In copyright, educational use permitted. Educational use includes non-commercial reproduction of text and images in materials for teaching and research purposes. For other contexts beyond fair use, including digital reproduction, please contact the University of Idaho Library Special Collections and Archives Department at libspec@uidaho.edu. The University of Idaho Library is not liable for any violations of the law by users.",http://rightsstatements.org/vocab/InC-EDU/1.0/,image,mg387_1_7-007.jpg,/objects/mg387_1_7-007.md,https://objects.lib.uidaho.edu/sakaino/small/mg387_1_7-007_sm.jpg,https://objects.lib.uidaho.edu/sakaino/thumbs/mg387_1_7-007_th.jpg,https://objects.lib.uidaho.edu/sakaino/mg387_1_7-007.jpg,Lined notebook paper with handwritten Japanese text in ink
sakaino014,sakaino009,"March 25, 1942 entry, page 5",,,,,,,,,"Transcribed and translated by Naoko Tanabe, 2024-2025, of Densho (densho.org)",Text,image/jpeg,jpn,mg387_1_7-008,"In copyright, educational use permitted. Educational use includes non-commercial reproduction of text and images in materials for teaching and research purposes. For other contexts beyond fair use, including digital reproduction, please contact the University of Idaho Library Special Collections and Archives Department at libspec@uidaho.edu. The University of Idaho Library is not liable for any violations of the law by users.",http://rightsstatements.org/vocab/InC-EDU/1.0/,image,mg387_1_7-008.jpg,/objects/mg387_1_7-008.md,https://objects.lib.uidaho.edu/sakaino/small/mg387_1_7-008_sm.jpg,https://objects.lib.uidaho.edu/sakaino/thumbs/mg387_1_7-008_th.jpg,https://objects.lib.uidaho.edu/sakaino/mg387_1_7-008.jpg,Lined notebook paper with handwritten Japanese text in ink
sakaino015,sakaino009,"March 25, 1942 entry, page 6",,,,,,,,,"Transcribed and translated by Naoko Tanabe, 2024-2025, of Densho (densho.org)",Text,image/jpeg,jpn,mg387_1_7-009,"In copyright, educational use permitted. Educational use includes non-commercial reproduction of text and images in materials for teaching and research purposes. For other contexts beyond fair use, including digital reproduction, please contact the University of Idaho Library Special Collections and Archives Department at libspec@uidaho.edu. The University of Idaho Library is not liable for any violations of the law by users.",http://rightsstatements.org/vocab/InC-EDU/1.0/,image,mg387_1_7-009.jpg,/objects/mg387_1_7-009.md,https://objects.lib.uidaho.edu/sakaino/small/mg387_1_7-009_sm.jpg,https://objects.lib.uidaho.edu/sakaino/thumbs/mg387_1_7-009_th.jpg,https://objects.lib.uidaho.edu/sakaino/mg387_1_7-009.jpg,Lined notebook paper with handwritten Japanese text in ink
sakaino016,sakaino009,"March 25, 1942 entry, page 7",,,,,,,,,"Transcribed and translated by Naoko Tanabe, 2024-2025, of Densho (densho.org)",Text,image/jpeg,jpn; eng,mg387_1_7-010,"In copyright, educational use permitted. Educational use includes non-commercial reproduction of text and images in materials for teaching and research purposes. For other contexts beyond fair use, including digital reproduction, please contact the University of Idaho Library Special Collections and Archives Department at libspec@uidaho.edu. The University of Idaho Library is not liable for any violations of the law by users.",http://rightsstatements.org/vocab/InC-EDU/1.0/,image,mg387_1_7-010.jpg,/objects/mg387_1_7-010.md,https://objects.lib.uidaho.edu/sakaino/small/mg387_1_7-010_sm.jpg,https://objects.lib.uidaho.edu/sakaino/thumbs/mg387_1_7-010_th.jpg,https://objects.lib.uidaho.edu/sakaino/mg387_1_7-010.jpg,Lined notebook paper with handwritten Japanese and English text in ink
sakaino017,sakaino009,"March 25, 1942 entry, page 8",,,,,,,,,"Transcribed and translated by Naoko Tanabe, 2024-2025, of Densho (densho.org)",Text,image/jpeg,jpn; eng,mg387_1_7-011,"In copyright, educational use permitted. Educational use includes non-commercial reproduction of text and images in materials for teaching and research purposes. For other contexts beyond fair use, including digital reproduction, please contact the University of Idaho Library Special Collections and Archives Department at libspec@uidaho.edu. The University of Idaho Library is not liable for any violations of the law by users.",http://rightsstatements.org/vocab/InC-EDU/1.0/,image,mg387_1_7-011.jpg,/objects/mg387_1_7-011.md,https://objects.lib.uidaho.edu/sakaino/small/mg387_1_7-011_sm.jpg,https://objects.lib.uidaho.edu/sakaino/thumbs/mg387_1_7-011_th.jpg,https://objects.lib.uidaho.edu/sakaino/mg387_1_7-011.jpg,Lined notebook paper with handwritten Japanese and English text in ink
sakaino018,sakaino009,"March 25, 1942 entry, page 9",,,,,,,,,"Transcribed and translated by Naoko Tanabe, 2024-2025, of Densho (densho.org)",Text,image/jpeg,jpn; eng,mg387_1_7-012,"In copyright, educational use permitted. Educational use includes non-commercial reproduction of text and images in materials for teaching and research purposes. For other contexts beyond fair use, including digital reproduction, please contact the University of Idaho Library Special Collections and Archives Department at libspec@uidaho.edu. The University of Idaho Library is not liable for any violations of the law by users.",http://rightsstatements.org/vocab/InC-EDU/1.0/,image,mg387_1_7-012.jpg,/objects/mg387_1_7-012a.md,https://objects.lib.uidaho.edu/sakaino/small/mg387_1_7-012_sm.jpg,https://objects.lib.uidaho.edu/sakaino/thumbs/mg387_1_7-012_th.jpg,https://objects.lib.uidaho.edu/sakaino/mg387_1_7-012.jpg,Lined notebook paper with handwritten Japanese and English text in ink
sakaino019,,"March 26, 1942 entry",,"Fort Missoula, MT",46.844072,-114.061906,1942-03-26,"March 26, 1942, diary entry written by Bunro Sakaino while he was incarcerated at the Fort Missoula Internment Camp in Missoula, Montana.",concentration camps; diaries,"MG 387, George Shihei Shitamae papers, Special Collections and Archives, University of Idaho Library","Transcribed and translated by Naoko Tanabe, 2024-2025, of Densho (densho.org)",Text,application/pdf,jpn; eng,mg387_1_7-1942-03-26,"In copyright, educational use permitted. Educational use includes non-commercial reproduction of text and images in materials for teaching and research purposes. For other contexts beyond fair use, including digital reproduction, please contact the University of Idaho Library Special Collections and Archives Department at libspec@uidaho.edu. The University of Idaho Library is not liable for any violations of the law by users.",http://rightsstatements.org/vocab/InC-EDU/1.0/,letter,mg387_1_7-1942-03-26.pdf,/objects/1942-03-26.md,https://objects.lib.uidaho.edu/sakaino/small/mg387_1_7-1942-03-26_sm.jpg,https://objects.lib.uidaho.edu/sakaino/thumbs/mg387_1_7-1942-03-26_th.jpg,https://objects.lib.uidaho.edu/sakaino/mg387_1_7-1942-03-26.pdf,
sakaino020,sakaino019,"March 26, 1942 entry, page 1",,,,,,,,,"Transcribed and translated by Naoko Tanabe, 2024-2025, of Densho (densho.org)",Text,image/jpeg,jpn; eng,mg387_1_7-012,"In copyright, educational use permitted. Educational use includes non-commercial reproduction of text and images in materials for teaching and research purposes. For other contexts beyond fair use, including digital reproduction, please contact the University of Idaho Library Special Collections and Archives Department at libspec@uidaho.edu. The University of Idaho Library is not liable for any violations of the law by users.",http://rightsstatements.org/vocab/InC-EDU/1.0/,image,mg387_1_7-012.jpg,/objects/mg387_1_7-012b.md,https://objects.lib.uidaho.edu/sakaino/small/mg387_1_7-012_sm.jpg,https://objects.lib.uidaho.edu/sakaino/thumbs/mg387_1_7-012_th.jpg,https://objects.lib.uidaho.edu/sakaino/mg387_1_7-012.jpg,Lined notebook paper with handwritten Japanese and English text in ink
sakaino021,sakaino019,"March 26, 1942 entry, page 2",,,,,,,,,"Transcribed and translated by Naoko Tanabe, 2024-2025, of Densho (densho.org)",Text,image/jpeg,jpn,mg387_1_7-013,"In copyright, educational use permitted. Educational use includes non-commercial reproduction of text and images in materials for teaching and research purposes. For other contexts beyond fair use, including digital reproduction, please contact the University of Idaho Library Special Collections and Archives Department at libspec@uidaho.edu. The University of Idaho Library is not liable for any violations of the law by users.",http://rightsstatements.org/vocab/InC-EDU/1.0/,image,mg387_1_7-013.jpg,/objects/mg387_1_7-013.md,https://objects.lib.uidaho.edu/sakaino/small/mg387_1_7-013_sm.jpg,https://objects.lib.uidaho.edu/sakaino/thumbs/mg387_1_7-013_th.jpg,https://objects.lib.uidaho.edu/sakaino/mg387_1_7-013.jpg,Lined notebook paper with handwritten Japanese text in ink
sakaino022,sakaino019,"March 26, 1942 entry, page 3",,,,,,,,,"Transcribed and translated by Naoko Tanabe, 2024-2025, of Densho (densho.org)",Text,image/jpeg,jpn,mg387_1_7-014,"In copyright, educational use permitted. Educational use includes non-commercial reproduction of text and images in materials for teaching and research purposes. For other contexts beyond fair use, including digital reproduction, please contact the University of Idaho Library Special Collections and Archives Department at libspec@uidaho.edu. The University of Idaho Library is not liable for any violations of the law by users.",http://rightsstatements.org/vocab/InC-EDU/1.0/,image,mg387_1_7-014.jpg,/objects/mg387_1_7-014.md,https://objects.lib.uidaho.edu/sakaino/small/mg387_1_7-014_sm.jpg,https://objects.lib.uidaho.edu/sakaino/thumbs/mg387_1_7-014_th.jpg,https://objects.lib.uidaho.edu/sakaino/mg387_1_7-014.jpg,Lined notebook paper with handwritten Japanese text in ink
sakaino023,sakaino019,"March 26, 1942 entry, page 4",,,,,,,,,"Transcribed and translated by Naoko Tanabe, 2024-2025, of Densho (densho.org)",Text,image/jpeg,jpn,mg387_1_7-015,"In copyright, educational use permitted. Educational use includes non-commercial reproduction of text and images in materials for teaching and research purposes. For other contexts beyond fair use, including digital reproduction, please contact the University of Idaho Library Special Collections and Archives Department at libspec@uidaho.edu. The University of Idaho Library is not liable for any violations of the law by users.",http://rightsstatements.org/vocab/InC-EDU/1.0/,image,mg387_1_7-015.jpg,/objects/mg387_1_7-015.md,https://objects.lib.uidaho.edu/sakaino/small/mg387_1_7-015_sm.jpg,https://objects.lib.uidaho.edu/sakaino/thumbs/mg387_1_7-015_th.jpg,https://objects.lib.uidaho.edu/sakaino/mg387_1_7-015.jpg,Lined notebook paper with handwritten Japanese text in ink
sakaino024,sakaino019,"March 26, 1942 entry, page 5",,,,,,,,,"Transcribed and translated by Naoko Tanabe, 2024-2025, of Densho (densho.org)",Text,image/jpeg,jpn; eng,mg387_1_7-016,"In copyright, educational use permitted. Educational use includes non-commercial reproduction of text and images in materials for teaching and research purposes. For other contexts beyond fair use, including digital reproduction, please contact the University of Idaho Library Special Collections and Archives Department at libspec@uidaho.edu. The University of Idaho Library is not liable for any violations of the law by users.",http://rightsstatements.org/vocab/InC-EDU/1.0/,image,mg387_1_7-016.jpg,/objects/mg387_1_7-016.md,https://objects.lib.uidaho.edu/sakaino/small/mg387_1_7-016_sm.jpg,https://objects.lib.uidaho.edu/sakaino/thumbs/mg387_1_7-016_th.jpg,https://objects.lib.uidaho.edu/sakaino/mg387_1_7-016.jpg,Lined notebook paper with handwritten Japanese and English text in ink
sakaino025,sakaino019,"March 26, 1942 entry, page 6",,,,,,,,,"Transcribed and translated by Naoko Tanabe, 2024-2025, of Densho (densho.org)",Text,image/jpeg,jpn; eng,mg387_1_7-017,"In copyright, educational use permitted. Educational use includes non-commercial reproduction of text and images in materials for teaching and research purposes. For other contexts beyond fair use, including digital reproduction, please contact the University of Idaho Library Special Collections and Archives Department at libspec@uidaho.edu. The University of Idaho Library is not liable for any violations of the law by users.",http://rightsstatements.org/vocab/InC-EDU/1.0/,image,mg387_1_7-017.jpg,/objects/mg387_1_7-017a.md,https://objects.lib.uidaho.edu/sakaino/small/mg387_1_7-017_sm.jpg,https://objects.lib.uidaho.edu/sakaino/thumbs/mg387_1_7-017_th.jpg,https://objects.lib.uidaho.edu/sakaino/mg387_1_7-017.jpg,Lined notebook paper with handwritten Japanese and English text in ink
sakaino026,,"March 27, 1942 entry","Sakaino, Bunro","Fort Missoula, MT",46.844072,-114.061906,1942-03-27,"March 27, 1942, diary entry written by Bunro Sakaino while he was incarcerated at the Fort Missoula Internment Camp in Missoula, Montana.",concentration camps; diaries,"MG 387, George Shihei Shitamae papers, Special Collections and Archives, University of Idaho Library","Transcribed and translated by Naoko Tanabe, 2024-2025, of Densho (densho.org)",Text,application/pdf,jpn,mg387_1_7-1942-03-27,"In copyright, educational use permitted. Educational use includes non-commercial reproduction of text and images in materials for teaching and research purposes. For other contexts beyond fair use, including digital reproduction, please contact the University of Idaho Library Special Collections and Archives Department at libspec@uidaho.edu. The University of Idaho Library is not liable for any violations of the law by users.",http://rightsstatements.org/vocab/InC-EDU/1.0/,letter,mg387_1_7-1942-03-27.pdf,/objects/1942-03-27.md,https://objects.lib.uidaho.edu/sakaino/small/mg387_1_7-1942-03-27_sm.jpg,https://objects.lib.uidaho.edu/sakaino/thumbs/mg387_1_7-1942-03-27_th.jpg,https://objects.lib.uidaho.edu/sakaino/mg387_1_7-1942-03-27.pdf,
sakaino027,sakaino026,"March 27, 1942 entry, page 1",,,,,,,,,"Transcribed and translated by Naoko Tanabe, 2024-2025, of Densho (densho.org)",Text,image/jpeg,jpn; eng,mg387_1_7-017,"In copyright, educational use permitted. Educational use includes non-commercial reproduction of text and images in materials for teaching and research purposes. For other contexts beyond fair use, including digital reproduction, please contact the University of Idaho Library Special Collections and Archives Department at libspec@uidaho.edu. The University of Idaho Library is not liable for any violations of the law by users.",http://rightsstatements.org/vocab/InC-EDU/1.0/,image,mg387_1_7-017.jpg,/objects/mg387_1_7-017b.md,https://objects.lib.uidaho.edu/sakaino/small/mg387_1_7-017_sm.jpg,https://objects.lib.uidaho.edu/sakaino/thumbs/mg387_1_7-017_th.jpg,https://objects.lib.uidaho.edu/sakaino/mg387_1_7-017.jpg,Lined notebook paper with handwritten Japanese and English text in ink
sakaino028,sakaino026,"March 27, 1942 entry, page 2",,,,,,,,,"Transcribed and translated by Naoko Tanabe, 2024-2025, of Densho (densho.org)",Text,image/jpeg,jpn; eng,mg387_1_7-018,"In copyright, educational use permitted. Educational use includes non-commercial reproduction of text and images in materials for teaching and research purposes. For other contexts beyond fair use, including digital reproduction, please contact the University of Idaho Library Special Collections and Archives Department at libspec@uidaho.edu. The University of Idaho Library is not liable for any violations of the law by users.",http://rightsstatements.org/vocab/InC-EDU/1.0/,image,mg387_1_7-018.jpg,/objects/mg387_1_7-018a.md,https://objects.lib.uidaho.edu/sakaino/small/mg387_1_7-018_sm.jpg,https://objects.lib.uidaho.edu/sakaino/thumbs/mg387_1_7-018_th.jpg,https://objects.lib.uidaho.edu/sakaino/mg387_1_7-018.jpg,Lined notebook paper with handwritten Japanese and English text in ink
sakaino029,,"March 28, 1942 entry","Sakaino, Bunro","Fort Missoula, MT",46.844072,-114.061906,1942-03-28,"March 28, 1942, diary entry written by Bunro Sakaino while he was incarcerated at the Fort Missoula Internment Camp in Missoula, Montana.",concentration camps; diaries,"MG 387, George Shihei Shitamae papers, Special Collections and Archives, University of Idaho Library","Transcribed and translated by Naoko Tanabe, 2024-2025, of Densho (densho.org)",Text,application/pdf,jpn; eng,mg387_1_7-1942-03-28,"In copyright, educational use permitted. Educational use includes non-commercial reproduction of text and images in materials for teaching and research purposes. For other contexts beyond fair use, including digital reproduction, please contact the University of Idaho Library Special Collections and Archives Department at libspec@uidaho.edu. The University of Idaho Library is not liable for any violations of the law by users.",http://rightsstatements.org/vocab/InC-EDU/1.0/,letter,mg387_1_7-1942-03-28.pdf,/objects/1942-03-28.md,https://objects.lib.uidaho.edu/sakaino/small/mg387_1_7-1942-03-28_sm.jpg,https://objects.lib.uidaho.edu/sakaino/thumbs/mg387_1_7-1942-03-28_th.jpg,https://objects.lib.uidaho.edu/sakaino/mg387_1_7-1942-03-28.pdf,
sakaino030,sakaino029,"March 28, 1942 entry, page 1",,,,,,,,,"Transcribed and translated by Naoko Tanabe, 2024-2025, of Densho (densho.org)",Text,image/jpeg,jpn; eng,mg387_1_7-018,"In copyright, educational use permitted. Educational use includes non-commercial reproduction of text and images in materials for teaching and research purposes. For other contexts beyond fair use, including digital reproduction, please contact the University of Idaho Library Special Collections and Archives Department at libspec@uidaho.edu. The University of Idaho Library is not liable for any violations of the law by users.",http://rightsstatements.org/vocab/InC-EDU/1.0/,image,mg387_1_7-018.jpg,/objects/mg387_1_7-018b.md,https://objects.lib.uidaho.edu/sakaino/small/mg387_1_7-018_sm.jpg,https://objects.lib.uidaho.edu/sakaino/thumbs/mg387_1_7-018_th.jpg,https://objects.lib.uidaho.edu/sakaino/mg387_1_7-018.jpg,Lined notebook paper with handwritten Japanese and English text in ink
sakaino031,sakaino029,"March 28, 1942 entry, page 2",,,,,,,,,"Transcribed and translated by Naoko Tanabe, 2024-2025, of Densho (densho.org)",Text,image/jpeg,jpn; eng,mg387_1_7-019,"In copyright, educational use permitted. Educational use includes non-commercial reproduction of text and images in materials for teaching and research purposes. For other contexts beyond fair use, including digital reproduction, please contact the University of Idaho Library Special Collections and Archives Department at libspec@uidaho.edu. The University of Idaho Library is not liable for any violations of the law by users.",http://rightsstatements.org/vocab/InC-EDU/1.0/,image,mg387_1_7-019.jpg,/objects/mg387_1_7-019.md,https://objects.lib.uidaho.edu/sakaino/small/mg387_1_7-019_sm.jpg,https://objects.lib.uidaho.edu/sakaino/thumbs/mg387_1_7-019_th.jpg,https://objects.lib.uidaho.edu/sakaino/mg387_1_7-019.jpg,Lined notebook paper with handwritten Japanese and English text in ink
sakaino032,sakaino029,"March 28, 1942 entry, page 3",,,,,,,,,"Transcribed and translated by Naoko Tanabe, 2024-2025, of Densho (densho.org)",Text,image/jpeg,jpn; eng,mg387_1_7-020,"In copyright, educational use permitted. Educational use includes non-commercial reproduction of text and images in materials for teaching and research purposes. For other contexts beyond fair use, including digital reproduction, please contact the University of Idaho Library Special Collections and Archives Department at libspec@uidaho.edu. The University of Idaho Library is not liable for any violations of the law by users.",http://rightsstatements.org/vocab/InC-EDU/1.0/,image,mg387_1_7-020.jpg,/objects/mg387_1_7-020.md,https://objects.lib.uidaho.edu/sakaino/small/mg387_1_7-020_sm.jpg,https://objects.lib.uidaho.edu/sakaino/thumbs/mg387_1_7-020_th.jpg,https://objects.lib.uidaho.edu/sakaino/mg387_1_7-020.jpg,Lined notebook paper with handwritten Japanese and English text in ink
sakaino033,,"March 29, 1942 entry","Sakaino, Bunro","Fort Missoula, MT",46.844072,-114.061906,1942-03-29,"March 29, 1942, diary entry written by Bunro Sakaino while he was incarcerated at the Fort Missoula Internment Camp in Missoula, Montana.",concentration camps; diaries,"MG 387, George Shihei Shitamae papers, Special Collections and Archives, University of Idaho Library","Transcribed and translated by Naoko Tanabe, 2024-2025, of Densho (densho.org)",Text,application/pdf,jpn,mg387_1_7-1942-03-29,"In copyright, educational use permitted. Educational use includes non-commercial reproduction of text and images in materials for teaching and research purposes. For other contexts beyond fair use, including digital reproduction, please contact the University of Idaho Library Special Collections and Archives Department at libspec@uidaho.edu. The University of Idaho Library is not liable for any violations of the law by users.",http://rightsstatements.org/vocab/InC-EDU/1.0/,letter,mg387_1_7-1942-03-29.pdf,/objects/1942-03-29.md,https://objects.lib.uidaho.edu/sakaino/small/mg387_1_7-1942-03-29_sm.jpg,https://objects.lib.uidaho.edu/sakaino/thumbs/mg387_1_7-1942-03-29_th.jpg,https://objects.lib.uidaho.edu/sakaino/mg387_1_7-1942-03-29.pdf,
sakaino034,sakaino033,"March 29, 1942 entry, page 1",,,,,,,,,"Transcribed and translated by Naoko Tanabe, 2024-2025, of Densho (densho.org)",Text,image/jpeg,jpn,mg387_1_7-021,"In copyright, educational use permitted. Educational use includes non-commercial reproduction of text and images in materials for teaching and research purposes. For other contexts beyond fair use, including digital reproduction, please contact the University of Idaho Library Special Collections and Archives Department at libspec@uidaho.edu. The University of Idaho Library is not liable for any violations of the law by users.",http://rightsstatements.org/vocab/InC-EDU/1.0/,image,mg387_1_7-021.jpg,/objects/mg387_1_7-021.md,https://objects.lib.uidaho.edu/sakaino/small/mg387_1_7-021_sm.jpg,https://objects.lib.uidaho.edu/sakaino/thumbs/mg387_1_7-021_th.jpg,https://objects.lib.uidaho.edu/sakaino/mg387_1_7-021.jpg,Lined notebook paper with handwritten Japanese text in ink
sakaino035,sakaino033,"March 29, 1942 entry, page 2",,,,,,,,,"Transcribed and translated by Naoko Tanabe, 2024-2025, of Densho (densho.org)",Text,image/jpeg,jpn,mg387_1_7-022,"In copyright, educational use permitted. Educational use includes non-commercial reproduction of text and images in materials for teaching and research purposes. For other contexts beyond fair use, including digital reproduction, please contact the University of Idaho Library Special Collections and Archives Department at libspec@uidaho.edu. The University of Idaho Library is not liable for any violations of the law by users.",http://rightsstatements.org/vocab/InC-EDU/1.0/,image,mg387_1_7-022.jpg,/objects/mg387_1_7-022.md,https://objects.lib.uidaho.edu/sakaino/small/mg387_1_7-022_sm.jpg,https://objects.lib.uidaho.edu/sakaino/thumbs/mg387_1_7-022_th.jpg,https://objects.lib.uidaho.edu/sakaino/mg387_1_7-022.jpg,Lined notebook paper with handwritten Japanese text in ink
sakaino036,sakaino033,"March 29, 1942 entry, page 3",,,,,,,,,"Transcribed and translated by Naoko Tanabe, 2024-2025, of Densho (densho.org)",Text,image/jpeg,jpn,mg387_1_7-023,"In copyright, educational use permitted. Educational use includes non-commercial reproduction of text and images in materials for teaching and research purposes. For other contexts beyond fair use, including digital reproduction, please contact the University of Idaho Library Special Collections and Archives Department at libspec@uidaho.edu. The University of Idaho Library is not liable for any violations of the law by users.",http://rightsstatements.org/vocab/InC-EDU/1.0/,image,mg387_1_7-023.jpg,/objects/mg387_1_7-023.md,https://objects.lib.uidaho.edu/sakaino/small/mg387_1_7-023_sm.jpg,https://objects.lib.uidaho.edu/sakaino/thumbs/mg387_1_7-023_th.jpg,https://objects.lib.uidaho.edu/sakaino/mg387_1_7-023.jpg,Lined notebook paper with handwritten Japanese text in ink
sakaino037,sakaino033,"March 29, 1942 entry, page 4",,,,,,,,,"Transcribed and translated by Naoko Tanabe, 2024-2025, of Densho (densho.org)",Text,image/jpeg,jpn,mg387_1_7-024,"In copyright, educational use permitted. Educational use includes non-commercial reproduction of text and images in materials for teaching and research purposes. For other contexts beyond fair use, including digital reproduction, please contact the University of Idaho Library Special Collections and Archives Department at libspec@uidaho.edu. The University of Idaho Library is not liable for any violations of the law by users.",http://rightsstatements.org/vocab/InC-EDU/1.0/,image,mg387_1_7-024.jpg,/objects/mg387_1_7-024a.md,https://objects.lib.uidaho.edu/sakaino/small/mg387_1_7-024_sm.jpg,https://objects.lib.uidaho.edu/sakaino/thumbs/mg387_1_7-024_th.jpg,https://objects.lib.uidaho.edu/sakaino/mg387_1_7-024.jpg,Lined notebook paper with handwritten Japanese text in ink
sakaino038,,"March 30, 1942 entry","Sakaino, Bunro","Fort Missoula, MT",46.844072,-114.061906,1942-03-30,"March 30, 1942, diary entry written by Bunro Sakaino while he was incarcerated at the Fort Missoula Internment Camp in Missoula, Montana.",concentration camps; diaries,"MG 387, George Shihei Shitamae papers, Special Collections and Archives, University of Idaho Library","Transcribed and translated by Naoko Tanabe, 2024-2025, of Densho (densho.org)",Text,application/pdf,jpn,mg387_1_7-1942-03-30,"In copyright, educational use permitted. Educational use includes non-commercial reproduction of text and images in materials for teaching and research purposes. For other contexts beyond fair use, including digital reproduction, please contact the University of Idaho Library Special Collections and Archives Department at libspec@uidaho.edu. The University of Idaho Library is not liable for any violations of the law by users.",http://rightsstatements.org/vocab/InC-EDU/1.0/,letter,mg387_1_7-1942-03-30.pdf,/objects/1942-03-30.md,https://objects.lib.uidaho.edu/sakaino/small/mg387_1_7-1942-03-30_sm.jpg,https://objects.lib.uidaho.edu/sakaino/thumbs/mg387_1_7-1942-03-30_th.jpg,https://objects.lib.uidaho.edu/sakaino/mg387_1_7-1942-03-30.pdf,
sakaino039,sakaino038,"March 30, 1942 entry, page 1",,,,,,,,,"Transcribed and translated by Naoko Tanabe, 2024-2025, of Densho (densho.org)",Text,image/jpeg,jpn,mg387_1_7-024,"In copyright, educational use permitted. Educational use includes non-commercial reproduction of text and images in materials for teaching and research purposes. For other contexts beyond fair use, including digital reproduction, please contact the University of Idaho Library Special Collections and Archives Department at libspec@uidaho.edu. The University of Idaho Library is not liable for any violations of the law by users.",http://rightsstatements.org/vocab/InC-EDU/1.0/,image,mg387_1_7-024.jpg,/objects/mg387_1_7-024b.md,https://objects.lib.uidaho.edu/sakaino/small/mg387_1_7-024_sm.jpg,https://objects.lib.uidaho.edu/sakaino/thumbs/mg387_1_7-024_th.jpg,https://objects.lib.uidaho.edu/sakaino/mg387_1_7-024.jpg,Lined notebook paper with handwritten Japanese text in ink
sakaino040,sakaino038,"March 30, 1942 entry, page 2",,,,,,,,,"Transcribed and translated by Naoko Tanabe, 2024-2025, of Densho (densho.org)",Text,image/jpeg,jpn,mg387_1_7-025,"In copyright, educational use permitted. Educational use includes non-commercial reproduction of text and images in materials for teaching and research purposes. For other contexts beyond fair use, including digital reproduction, please contact the University of Idaho Library Special Collections and Archives Department at libspec@uidaho.edu. The University of Idaho Library is not liable for any violations of the law by users.",http://rightsstatements.org/vocab/InC-EDU/1.0/,image,mg387_1_7-025.jpg,/objects/mg387_1_7-025.md,https://objects.lib.uidaho.edu/sakaino/small/mg387_1_7-025_sm.jpg,https://objects.lib.uidaho.edu/sakaino/thumbs/mg387_1_7-025_th.jpg,https://objects.lib.uidaho.edu/sakaino/mg387_1_7-025.jpg,Lined notebook paper with handwritten Japanese text in ink
sakaino041,sakaino038,"March 30, 1942 entry, page 3",,,,,,,,,"Transcribed and translated by Naoko Tanabe, 2024-2025, of Densho (densho.org)",Text,image/jpeg,jpn,mg387_1_7-026,"In copyright, educational use permitted. Educational use includes non-commercial reproduction of text and images in materials for teaching and research purposes. For other contexts beyond fair use, including digital reproduction, please contact the University of Idaho Library Special Collections and Archives Department at libspec@uidaho.edu. The University of Idaho Library is not liable for any violations of the law by users.",http://rightsstatements.org/vocab/InC-EDU/1.0/,image,mg387_1_7-026.jpg,/objects/mg387_1_7-026a.md,https://objects.lib.uidaho.edu/sakaino/small/mg387_1_7-026_sm.jpg,https://objects.lib.uidaho.edu/sakaino/thumbs/mg387_1_7-026_th.jpg,https://objects.lib.uidaho.edu/sakaino/mg387_1_7-026.jpg,Lined notebook paper with handwritten Japanese text in ink
sakaino042,,"March 31, 1942 entry","Sakaino, Bunro","Fort Missoula, MT",46.844072,-114.061906,1942-03-31,"March 31, 1942, diary entry written by Bunro Sakaino while he was incarcerated at the Fort Missoula Internment Camp in Missoula, Montana.",concentration camps; diaries,"MG 387, George Shihei Shitamae papers, Special Collections and Archives, University of Idaho Library","Transcribed and translated by Naoko Tanabe, 2024-2025, of Densho (densho.org)",Text,application/pdf,jpn,mg387_1_7-1942-03-31,"In copyright, educational use permitted. Educational use includes non-commercial reproduction of text and images in materials for teaching and research purposes. For other contexts beyond fair use, including digital reproduction, please contact the University of Idaho Library Special Collections and Archives Department at libspec@uidaho.edu. The University of Idaho Library is not liable for any violations of the law by users.",http://rightsstatements.org/vocab/InC-EDU/1.0/,letter,mg387_1_7-1942-03-31.pdf,/objects/1942-03-31.md,https://objects.lib.uidaho.edu/sakaino/small/mg387_1_7-1942-03-31_sm.jpg,https://objects.lib.uidaho.edu/sakaino/thumbs/mg387_1_7-1942-03-31_th.jpg,https://objects.lib.uidaho.edu/sakaino/mg387_1_7-1942-03-31.pdf,
sakaino043,sakaino042,"March 31, 1942 entry, page 1",,,,,,,,,"Transcribed and translated by Naoko Tanabe, 2024-2025, of Densho (densho.org)",Text,image/jpeg,jpn,mg387_1_7-026,"In copyright, educational use permitted. Educational use includes non-commercial reproduction of text and images in materials for teaching and research purposes. For other contexts beyond fair use, including digital reproduction, please contact the University of Idaho Library Special Collections and Archives Department at libspec@uidaho.edu. The University of Idaho Library is not liable for any violations of the law by users.",http://rightsstatements.org/vocab/InC-EDU/1.0/,image,mg387_1_7-026.jpg,/objects/mg387_1_7-026b.md,https://objects.lib.uidaho.edu/sakaino/small/mg387_1_7-026_sm.jpg,https://objects.lib.uidaho.edu/sakaino/thumbs/mg387_1_7-026_th.jpg,https://objects.lib.uidaho.edu/sakaino/mg387_1_7-026.jpg,Lined notebook paper with handwritten Japanese text in ink
sakaino044,sakaino042,"March 31, 1942 entry, page 2",,,,,,,,,"Transcribed and translated by Naoko Tanabe, 2024-2025, of Densho (densho.org)",Text,image/jpeg,jpn,mg387_1_7-027,"In copyright, educational use permitted. Educational use includes non-commercial reproduction of text and images in materials for teaching and research purposes. For other contexts beyond fair use, including digital reproduction, please contact the University of Idaho Library Special Collections and Archives Department at libspec@uidaho.edu. The University of Idaho Library is not liable for any violations of the law by users.",http://rightsstatements.org/vocab/InC-EDU/1.0/,image,mg387_1_7-027.jpg,/objects/mg387_1_7-027a.md,https://objects.lib.uidaho.edu/sakaino/small/mg387_1_7-027_sm.jpg,https://objects.lib.uidaho.edu/sakaino/thumbs/mg387_1_7-027_th.jpg,https://objects.lib.uidaho.edu/sakaino/mg387_1_7-027.jpg,Lined notebook paper with handwritten Japanese text in ink
sakaino045,,"April 1, 1942 entry","Sakaino, Bunro","Fort Missoula, MT",46.844072,-114.061906,1942-04-01,"April 1, 1942, diary entry written by Bunro Sakaino while he was incarcerated at the Fort Missoula Internment Camp in Missoula, Montana.",concentration camps; diaries,"MG 387, George Shihei Shitamae papers, Special Collections and Archives, University of Idaho Library","Transcribed and translated by Naoko Tanabe, 2024-2025, of Densho (densho.org)",Text,application/pdf,jpn,mg387_1_7-1942-04-01,"In copyright, educational use permitted. Educational use includes non-commercial reproduction of text and images in materials for teaching and research purposes. For other contexts beyond fair use, including digital reproduction, please contact the University of Idaho Library Special Collections and Archives Department at libspec@uidaho.edu. The University of Idaho Library is not liable for any violations of the law by users.",http://rightsstatements.org/vocab/InC-EDU/1.0/,letter,mg387_1_7-1942-04-01.pdf,/objects/1942-04-01.md,https://objects.lib.uidaho.edu/sakaino/small/mg387_1_7-1942-04-01_sm.jpg,https://objects.lib.uidaho.edu/sakaino/thumbs/mg387_1_7-1942-04-01_th.jpg,https://objects.lib.uidaho.edu/sakaino/mg387_1_7-1942-04-01.pdf,
sakaino046,sakaino045,"April 1, 1942 entry, page 1",,,,,,,,,"Transcribed and translated by Naoko Tanabe, 2024-2025, of Densho (densho.org)",Text,image/jpeg,jpn,mg387_1_7-027,"In copyright, educational use permitted. Educational use includes non-commercial reproduction of text and images in materials for teaching and research purposes. For other contexts beyond fair use, including digital reproduction, please contact the University of Idaho Library Special Collections and Archives Department at libspec@uidaho.edu. The University of Idaho Library is not liable for any violations of the law by users.",http://rightsstatements.org/vocab/InC-EDU/1.0/,image,mg387_1_7-027.jpg,/objects/mg387_1_7-027b.md,https://objects.lib.uidaho.edu/sakaino/small/mg387_1_7-027_sm.jpg,https://objects.lib.uidaho.edu/sakaino/thumbs/mg387_1_7-027_th.jpg,https://objects.lib.uidaho.edu/sakaino/mg387_1_7-027.jpg,Lined notebook paper with handwritten Japanese text in ink
sakaino047,sakaino045,"April 1, 1942 entry, page 2",,,,,,,,,"Transcribed and translated by Naoko Tanabe, 2024-2025, of Densho (densho.org)",Text,image/jpeg,jpn,mg387_1_7-028,"In copyright, educational use permitted. Educational use includes non-commercial reproduction of text and images in materials for teaching and research purposes. For other contexts beyond fair use, including digital reproduction, please contact the University of Idaho Library Special Collections and Archives Department at libspec@uidaho.edu. The University of Idaho Library is not liable for any violations of the law by users.",http://rightsstatements.org/vocab/InC-EDU/1.0/,image,mg387_1_7-028.jpg,/objects/mg387_1_7-028a.md,https://objects.lib.uidaho.edu/sakaino/small/mg387_1_7-028_sm.jpg,https://objects.lib.uidaho.edu/sakaino/thumbs/mg387_1_7-028_th.jpg,https://objects.lib.uidaho.edu/sakaino/mg387_1_7-028.jpg,Lined notebook paper with handwritten Japanese text in ink
sakaino048,,"March [April] 2, 1942 entry","Sakaino, Bunro","Fort Missoula, MT",46.844072,-114.061906,1942-04-02,"April 2, 1942, diary entry written by Bunro Sakaino while he was incarcerated at the Fort Missoula Internment Camp in Missoula, Montana. Author noted the date as March 2, but it is more likely April 2, as inferred from surrounding entries.",concentration camps; diaries,"MG 387, George Shihei Shitamae papers, Special Collections and Archives, University of Idaho Library","Transcribed and translated by Naoko Tanabe, 2024-2025, of Densho (densho.org)",Text,application/pdf,jpn,mg387_1_7-1942-04-02,"In copyright, educational use permitted. Educational use includes non-commercial reproduction of text and images in materials for teaching and research purposes. For other contexts beyond fair use, including digital reproduction, please contact the University of Idaho Library Special Collections and Archives Department at libspec@uidaho.edu. The University of Idaho Library is not liable for any violations of the law by users.",http://rightsstatements.org/vocab/InC-EDU/1.0/,letter,mg387_1_7-1942-04-02.pdf,/objects/1942-04-02.md,https://objects.lib.uidaho.edu/sakaino/small/mg387_1_7-1942-04-02_sm.jpg,https://objects.lib.uidaho.edu/sakaino/thumbs/mg387_1_7-1942-04-02_th.jpg,https://objects.lib.uidaho.edu/sakaino/mg387_1_7-1942-04-02.pdf,
sakaino049,sakaino048,"March [April] 2, 1942 entry, page 1",,,,,,,,,"Transcribed and translated by Naoko Tanabe, 2024-2025, of Densho (densho.org)",Text,image/jpeg,jpn,mg387_1_7-028,"In copyright, educational use permitted. Educational use includes non-commercial reproduction of text and images in materials for teaching and research purposes. For other contexts beyond fair use, including digital reproduction, please contact the University of Idaho Library Special Collections and Archives Department at libspec@uidaho.edu. The University of Idaho Library is not liable for any violations of the law by users.",http://rightsstatements.org/vocab/InC-EDU/1.0/,image,mg387_1_7-028.jpg,/objects/mg387_1_7-028b.md,https://objects.lib.uidaho.edu/sakaino/small/mg387_1_7-028_sm.jpg,https://objects.lib.uidaho.edu/sakaino/thumbs/mg387_1_7-028_th.jpg,https://objects.lib.uidaho.edu/sakaino/mg387_1_7-028.jpg,Lined notebook paper with handwritten Japanese text in ink
sakaino050,sakaino048,"March [April] 2, 1942 entry, page 2",,,,,,,,,"Transcribed and translated by Naoko Tanabe, 2024-2025, of Densho (densho.org)",Text,image/jpeg,jpn,mg387_1_7-029,"In copyright, educational use permitted. Educational use includes non-commercial reproduction of text and images in materials for teaching and research purposes. For other contexts beyond fair use, including digital reproduction, please contact the University of Idaho Library Special Collections and Archives Department at libspec@uidaho.edu. The University of Idaho Library is not liable for any violations of the law by users.",http://rightsstatements.org/vocab/InC-EDU/1.0/,image,mg387_1_7-029.jpg,/objects/mg387_1_7-029.md,https://objects.lib.uidaho.edu/sakaino/small/mg387_1_7-029_sm.jpg,https://objects.lib.uidaho.edu/sakaino/thumbs/mg387_1_7-029_th.jpg,https://objects.lib.uidaho.edu/sakaino/mg387_1_7-029.jpg,Lined notebook paper with handwritten Japanese text in ink
sakaino051,sakaino048,"March [April] 2, 1942 entry, page 3",,,,,,,,,"Transcribed and translated by Naoko Tanabe, 2024-2025, of Densho (densho.org)",Text,image/jpeg,jpn,mg387_1_7-030,"In copyright, educational use permitted. Educational use includes non-commercial reproduction of text and images in materials for teaching and research purposes. For other contexts beyond fair use, including digital reproduction, please contact the University of Idaho Library Special Collections and Archives Department at libspec@uidaho.edu. The University of Idaho Library is not liable for any violations of the law by users.",http://rightsstatements.org/vocab/InC-EDU/1.0/,image,mg387_1_7-030.jpg,/objects/mg387_1_7-030a.md,https://objects.lib.uidaho.edu/sakaino/small/mg387_1_7-030_sm.jpg,https://objects.lib.uidaho.edu/sakaino/thumbs/mg387_1_7-030_th.jpg,https://objects.lib.uidaho.edu/sakaino/mg387_1_7-030.jpg,Lined notebook paper with handwritten Japanese text in ink
sakaino052,,"March [April] 3, 1942 entry","Sakaino, Bunro","Fort Missoula, MT",46.844072,-114.061906,1942-04-03,"April 3, 1942, diary entry written by Bunro Sakaino while he was incarcerated at the Fort Missoula Internment Camp in Missoula, Montana. Author noted the date as March 3, but it is more likely April 3, as inferred from surrounding entries.",concentration camps; diaries,"MG 387, George Shihei Shitamae papers, Special Collections and Archives, University of Idaho Library","Transcribed and translated by Naoko Tanabe, 2024-2025, of Densho (densho.org)",Text,application/pdf,jpn,mg387_1_7-1942-04-03,"In copyright, educational use permitted. Educational use includes non-commercial reproduction of text and images in materials for teaching and research purposes. For other contexts beyond fair use, including digital reproduction, please contact the University of Idaho Library Special Collections and Archives Department at libspec@uidaho.edu. The University of Idaho Library is not liable for any violations of the law by users.",http://rightsstatements.org/vocab/InC-EDU/1.0/,letter,mg387_1_7-1942-04-03.pdf,/objects/1942-04-03.md,https://objects.lib.uidaho.edu/sakaino/small/mg387_1_7-1942-04-03_sm.jpg,https://objects.lib.uidaho.edu/sakaino/thumbs/mg387_1_7-1942-04-03_th.jpg,https://objects.lib.uidaho.edu/sakaino/mg387_1_7-1942-04-03.pdf,
sakaino053,sakaino052,"March [April] 3, 1942 entry, page 1",,,,,,,,,"Transcribed and translated by Naoko Tanabe, 2024-2025, of Densho (densho.org)",Text,image/jpeg,jpn,mg387_1_7-030,"In copyright, educational use permitted. Educational use includes non-commercial reproduction of text and images in materials for teaching and research purposes. For other contexts beyond fair use, including digital reproduction, please contact the University of Idaho Library Special Collections and Archives Department at libspec@uidaho.edu. The University of Idaho Library is not liable for any violations of the law by users.",http://rightsstatements.org/vocab/InC-EDU/1.0/,image,mg387_1_7-030.jpg,/objects/mg387_1_7-030a.md,https://objects.lib.uidaho.edu/sakaino/small/mg387_1_7-030_sm.jpg,https://objects.lib.uidaho.edu/sakaino/thumbs/mg387_1_7-030_th.jpg,https://objects.lib.uidaho.edu/sakaino/mg387_1_7-030.jpg,Lined notebook paper with handwritten Japanese text in ink
sakaino054,sakaino052,"March [April] 3, 1942 entry, page 2",,,,,,,,,"Transcribed and translated by Naoko Tanabe, 2024-2025, of Densho (densho.org)",Text,image/jpeg,jpn,mg387_1_7-031,"In copyright, educational use permitted. Educational use includes non-commercial reproduction of text and images in materials for teaching and research purposes. For other contexts beyond fair use, including digital reproduction, please contact the University of Idaho Library Special Collections and Archives Department at libspec@uidaho.edu. The University of Idaho Library is not liable for any violations of the law by users.",http://rightsstatements.org/vocab/InC-EDU/1.0/,image,mg387_1_7-031.jpg,/objects/mg387_1_7-031.md,https://objects.lib.uidaho.edu/sakaino/small/mg387_1_7-031_sm.jpg,https://objects.lib.uidaho.edu/sakaino/thumbs/mg387_1_7-031_th.jpg,https://objects.lib.uidaho.edu/sakaino/mg387_1_7-031.jpg,Lined notebook paper with handwritten Japanese text in ink
sakaino055,sakaino052,"March [April] 3, 1942 entry, page 3",,,,,,,,,"Transcribed and translated by Naoko Tanabe, 2024-2025, of Densho (densho.org)",Text,image/jpeg,jpn,mg387_1_7-032,"In copyright, educational use permitted. Educational use includes non-commercial reproduction of text and images in materials for teaching and research purposes. For other contexts beyond fair use, including digital reproduction, please contact the University of Idaho Library Special Collections and Archives Department at libspec@uidaho.edu. The University of Idaho Library is not liable for any violations of the law by users.",http://rightsstatements.org/vocab/InC-EDU/1.0/,image,mg387_1_7-032.jpg,/objects/mg387_1_7-032.md,https://objects.lib.uidaho.edu/sakaino/small/mg387_1_7-032_sm.jpg,https://objects.lib.uidaho.edu/sakaino/thumbs/mg387_1_7-032_th.jpg,https://objects.lib.uidaho.edu/sakaino/mg387_1_7-032.jpg,Lined notebook paper with handwritten Japanese text in ink
sakaino056,sakaino052,"March [April] 3, 1942 entry, page 4",,,,,,,,,"Transcribed and translated by Naoko Tanabe, 2024-2025, of Densho (densho.org)",Text,image/jpeg,jpn,mg387_1_7-033,"In copyright, educational use permitted. Educational use includes non-commercial reproduction of text and images in materials for teaching and research purposes. For other contexts beyond fair use, including digital reproduction, please contact the University of Idaho Library Special Collections and Archives Department at libspec@uidaho.edu. The University of Idaho Library is not liable for any violations of the law by users.",http://rightsstatements.org/vocab/InC-EDU/1.0/,image,mg387_1_7-033.jpg,/objects/mg387_1_7-033.md,https://objects.lib.uidaho.edu/sakaino/small/mg387_1_7-033_sm.jpg,https://objects.lib.uidaho.edu/sakaino/thumbs/mg387_1_7-033_th.jpg,https://objects.lib.uidaho.edu/sakaino/mg387_1_7-033.jpg,Lined notebook paper with handwritten Japanese text in ink
sakaino057,sakaino052,"March [April] 3, 1942 entry, page 5",,,,,,,,,"Transcribed and translated by Naoko Tanabe, 2024-2025, of Densho (densho.org)",Text,image/jpeg,jpn,mg387_1_7-034,"In copyright, educational use permitted. Educational use includes non-commercial reproduction of text and images in materials for teaching and research purposes. For other contexts beyond fair use, including digital reproduction, please contact the University of Idaho Library Special Collections and Archives Department at libspec@uidaho.edu. The University of Idaho Library is not liable for any violations of the law by users.",http://rightsstatements.org/vocab/InC-EDU/1.0/,image,mg387_1_7-034.jpg,/objects/mg387_1_7-034a.md,https://objects.lib.uidaho.edu/sakaino/small/mg387_1_7-034_sm.jpg,https://objects.lib.uidaho.edu/sakaino/thumbs/mg387_1_7-034_th.jpg,https://objects.lib.uidaho.edu/sakaino/mg387_1_7-034.jpg,Lined notebook paper with handwritten Japanese text in ink
sakaino058,,"March [April] 4, 1942 entry","Sakaino, Bunro","Fort Missoula, MT",46.844072,-114.061906,1942-04-04,"April 4, 1942, diary entry written by Bunro Sakaino while he was incarcerated at the Fort Missoula Internment Camp in Missoula, Montana. Author noted the date as March 4, but it is more likely April 4, as inferred from surrounding entries.",concentration camps; diaries,"MG 387, George Shihei Shitamae papers, Special Collections and Archives, University of Idaho Library","Transcribed and translated by Naoko Tanabe, 2024-2025, of Densho (densho.org)",Text,application/pdf,jpn,mg387_1_7-1942-04-04,"In copyright, educational use permitted. Educational use includes non-commercial reproduction of text and images in materials for teaching and research purposes. For other contexts beyond fair use, including digital reproduction, please contact the University of Idaho Library Special Collections and Archives Department at libspec@uidaho.edu. The University of Idaho Library is not liable for any violations of the law by users.",http://rightsstatements.org/vocab/InC-EDU/1.0/,letter,mg387_1_7-1942-04-04.pdf,/objects/1942-04-04.md,https://objects.lib.uidaho.edu/sakaino/small/mg387_1_7-1942-04-04_sm.jpg,https://objects.lib.uidaho.edu/sakaino/thumbs/mg387_1_7-1942-04-04_th.jpg,https://objects.lib.uidaho.edu/sakaino/mg387_1_7-1942-04-04.pdf,
sakaino059,sakaino058,"March [April] 4, 1942 entry, page 1",,,,,,,,,"Transcribed and translated by Naoko Tanabe, 2024-2025, of Densho (densho.org)",Text,image/jpeg,jpn,mg387_1_7-034,"In copyright, educational use permitted. Educational use includes non-commercial reproduction of text and images in materials for teaching and research purposes. For other contexts beyond fair use, including digital reproduction, please contact the University of Idaho Library Special Collections and Archives Department at libspec@uidaho.edu. The University of Idaho Library is not liable for any violations of the law by users.",http://rightsstatements.org/vocab/InC-EDU/1.0/,image,mg387_1_7-034.jpg,/objects/mg387_1_7-034b.md,https://objects.lib.uidaho.edu/sakaino/small/mg387_1_7-034_sm.jpg,https://objects.lib.uidaho.edu/sakaino/thumbs/mg387_1_7-034_th.jpg,https://objects.lib.uidaho.edu/sakaino/mg387_1_7-034.jpg,Lined notebook paper with handwritten Japanese text in ink
sakaino060,,"March [April] 5, 1942 entry","Sakaino, Bunro","Fort Missoula, MT",46.844072,-114.061906,1942-04-05,"April 5, 1942, diary entry written by Bunro Sakaino while he was incarcerated at the Fort Missoula Internment Camp in Missoula, Montana. Author noted the date as March 5, but it is more likely April 5, as inferred from surrounding entries.",concentration camps; diaries,"MG 387, George Shihei Shitamae papers, Special Collections and Archives, University of Idaho Library","Transcribed and translated by Naoko Tanabe, 2024-2025, of Densho (densho.org)",Text,application/pdf,jpn,mg387_1_7-1942-04-05,"In copyright, educational use permitted. Educational use includes non-commercial reproduction of text and images in materials for teaching and research purposes. For other contexts beyond fair use, including digital reproduction, please contact the University of Idaho Library Special Collections and Archives Department at libspec@uidaho.edu. The University of Idaho Library is not liable for any violations of the law by users.",http://rightsstatements.org/vocab/InC-EDU/1.0/,letter,mg387_1_7-1942-04-05.pdf,/objects/1942-04-05.md,https://objects.lib.uidaho.edu/sakaino/small/mg387_1_7-1942-04-05_sm.jpg,https://objects.lib.uidaho.edu/sakaino/thumbs/mg387_1_7-1942-04-05_th.jpg,https://objects.lib.uidaho.edu/sakaino/mg387_1_7-1942-04-05.pdf,
sakaino061,sakaino060,"March [April] 5, 1942 entry, page 1",,,,,,,,,"Transcribed and translated by Naoko Tanabe, 2024-2025, of Densho (densho.org)",Text,image/jpeg,jpn,mg387_1_7-034,"In copyright, educational use permitted. Educational use includes non-commercial reproduction of text and images in materials for teaching and research purposes. For other contexts beyond fair use, including digital reproduction, please contact the University of Idaho Library Special Collections and Archives Department at libspec@uidaho.edu. The University of Idaho Library is not liable for any violations of the law by users.",http://rightsstatements.org/vocab/InC-EDU/1.0/,image,mg387_1_7-034.jpg,/objects/mg387_1_7-034c.md,https://objects.lib.uidaho.edu/sakaino/small/mg387_1_7-034_sm.jpg,https://objects.lib.uidaho.edu/sakaino/thumbs/mg387_1_7-034_th.jpg,https://objects.lib.uidaho.edu/sakaino/mg387_1_7-034.jpg,Lined notebook paper with handwritten Japanese text in ink
sakaino062,sakaino060,"March [April] 5, 1942 entry, page 2",,,,,,,,,"Transcribed and translated by Naoko Tanabe, 2024-2025, of Densho (densho.org)",Text,image/jpeg,jpn,mg387_1_7-035,"In copyright, educational use permitted. Educational use includes non-commercial reproduction of text and images in materials for teaching and research purposes. For other contexts beyond fair use, including digital reproduction, please contact the University of Idaho Library Special Collections and Archives Department at libspec@uidaho.edu. The University of Idaho Library is not liable for any violations of the law by users.",http://rightsstatements.org/vocab/InC-EDU/1.0/,image,mg387_1_7-035.jpg,/objects/mg387_1_7-035.md,https://objects.lib.uidaho.edu/sakaino/small/mg387_1_7-035_sm.jpg,https://objects.lib.uidaho.edu/sakaino/thumbs/mg387_1_7-035_th.jpg,https://objects.lib.uidaho.edu/sakaino/mg387_1_7-035.jpg,Lined notebook paper with handwritten Japanese text in ink
sakaino063,sakaino060,"March [April] 5, 1942 entry, page 3",,,,,,,,,"Transcribed and translated by Naoko Tanabe, 2024-2025, of Densho (densho.org)",Text,image/jpeg,jpn,mg387_1_7-036,"In copyright, educational use permitted. Educational use includes non-commercial reproduction of text and images in materials for teaching and research purposes. For other contexts beyond fair use, including digital reproduction, please contact the University of Idaho Library Special Collections and Archives Department at libspec@uidaho.edu. The University of Idaho Library is not liable for any violations of the law by users.",http://rightsstatements.org/vocab/InC-EDU/1.0/,image,mg387_1_7-036.jpg,/objects/mg387_1_7-036.md,https://objects.lib.uidaho.edu/sakaino/small/mg387_1_7-036_sm.jpg,https://objects.lib.uidaho.edu/sakaino/thumbs/mg387_1_7-036_th.jpg,https://objects.lib.uidaho.edu/sakaino/mg387_1_7-036.jpg,Lined notebook paper with handwritten Japanese text in ink
sakaino064,sakaino060,"March [April] 5, 1942 entry, page 4",,,,,,,,,"Transcribed and translated by Naoko Tanabe, 2024-2025, of Densho (densho.org)",Text,image/jpeg,jpn,mg387_1_7-037,"In copyright, educational use permitted. Educational use includes non-commercial reproduction of text and images in materials for teaching and research purposes. For other contexts beyond fair use, including digital reproduction, please contact the University of Idaho Library Special Collections and Archives Department at libspec@uidaho.edu. The University of Idaho Library is not liable for any violations of the law by users.",http://rightsstatements.org/vocab/InC-EDU/1.0/,image,mg387_1_7-037.jpg,/objects/mg387_1_7-037a.md,https://objects.lib.uidaho.edu/sakaino/small/mg387_1_7-037_sm.jpg,https://objects.lib.uidaho.edu/sakaino/thumbs/mg387_1_7-037_th.jpg,https://objects.lib.uidaho.edu/sakaino/mg387_1_7-037.jpg,Lined notebook paper with handwritten Japanese text in ink
sakaino065,,"April 6, 1942 entry","Sakaino, Bunro","Fort Missoula, MT",46.844072,-114.061906,1942-04-06,"April 6, 1942, diary entry written by Bunro Sakaino while he was incarcerated at the Fort Missoula Internment Camp in Missoula, Montana.",concentration camps; diaries,"MG 387, George Shihei Shitamae papers, Special Collections and Archives, University of Idaho Library","Transcribed and translated by Naoko Tanabe, 2024-2025, of Densho (densho.org)",Text,application/pdf,jpn,mg387_1_7-1942-04-06,"In copyright, educational use permitted. Educational use includes non-commercial reproduction of text and images in materials for teaching and research purposes. For other contexts beyond fair use, including digital reproduction, please contact the University of Idaho Library Special Collections and Archives Department at libspec@uidaho.edu. The University of Idaho Library is not liable for any violations of the law by users.",http://rightsstatements.org/vocab/InC-EDU/1.0/,letter,mg387_1_7-1942-04-06.pdf,/objects/1942-04-06.md,https://objects.lib.uidaho.edu/sakaino/small/mg387_1_7-1942-04-06_sm.jpg,https://objects.lib.uidaho.edu/sakaino/thumbs/mg387_1_7-1942-04-06_th.jpg,https://objects.lib.uidaho.edu/sakaino/mg387_1_7-1942-04-06.pdf,
sakaino066,sakaino065,"April 6, 1942 entry, page 1",,,,,,,,,"Transcribed and translated by Naoko Tanabe, 2024-2025, of Densho (densho.org)",Text,image/jpeg,jpn; eng,mg387_1_7-037,"In copyright, educational use permitted. Educational use includes non-commercial reproduction of text and images in materials for teaching and research purposes. For other contexts beyond fair use, including digital reproduction, please contact the University of Idaho Library Special Collections and Archives Department at libspec@uidaho.edu. The University of Idaho Library is not liable for any violations of the law by users.",http://rightsstatements.org/vocab/InC-EDU/1.0/,image,mg387_1_7-037.jpg,/objects/mg387_1_7-037b.md,https://objects.lib.uidaho.edu/sakaino/small/mg387_1_7-037_sm.jpg,https://objects.lib.uidaho.edu/sakaino/thumbs/mg387_1_7-037_th.jpg,https://objects.lib.uidaho.edu/sakaino/mg387_1_7-037.jpg,Lined notebook paper with handwritten Japanese and English text in ink
sakaino067,sakaino065,"April 6, 1942 entry, page 2",,,,,,,,,"Transcribed and translated by Naoko Tanabe, 2024-2025, of Densho (densho.org)",Text,image/jpeg,jpn,mg387_1_7-038,"In copyright, educational use permitted. Educational use includes non-commercial reproduction of text and images in materials for teaching and research purposes. For other contexts beyond fair use, including digital reproduction, please contact the University of Idaho Library Special Collections and Archives Department at libspec@uidaho.edu. The University of Idaho Library is not liable for any violations of the law by users.",http://rightsstatements.org/vocab/InC-EDU/1.0/,image,mg387_1_7-038.jpg,/objects/mg387_1_7-038a.md,https://objects.lib.uidaho.edu/sakaino/small/mg387_1_7-038_sm.jpg,https://objects.lib.uidaho.edu/sakaino/thumbs/mg387_1_7-038_th.jpg,https://objects.lib.uidaho.edu/sakaino/mg387_1_7-038.jpg,Lined notebook paper with handwritten Japanese text in ink
sakaino068,,"April 7, 1942 entry","Sakaino, Bunro","Fort Missoula, MT",46.844072,-114.061906,1942-04-07,"April 7, 1942, diary entry written by Bunro Sakaino while he was incarcerated at the Fort Missoula Internment Camp in Missoula, Montana.",concentration camps; diaries,"MG 387, George Shihei Shitamae papers, Special Collections and Archives, University of Idaho Library","Transcribed and translated by Naoko Tanabe, 2024-2025, of Densho (densho.org)",Text,application/pdf,jpn,mg387_1_7-1942-04-07,"In copyright, educational use permitted. Educational use includes non-commercial reproduction of text and images in materials for teaching and research purposes. For other contexts beyond fair use, including digital reproduction, please contact the University of Idaho Library Special Collections and Archives Department at libspec@uidaho.edu. The University of Idaho Library is not liable for any violations of the law by users.",http://rightsstatements.org/vocab/InC-EDU/1.0/,letter,mg387_1_7-1942-04-07.pdf,/objects/1942-04-07.md,https://objects.lib.uidaho.edu/sakaino/small/mg387_1_7-1942-04-07_sm.jpg,https://objects.lib.uidaho.edu/sakaino/thumbs/mg387_1_7-1942-04-07_th.jpg,https://objects.lib.uidaho.edu/sakaino/mg387_1_7-1942-04-07.pdf,
sakaino069,sakaino068,"April 7, 1942 entry, page 1",,,,,,,,,"Transcribed and translated by Naoko Tanabe, 2024-2025, of Densho (densho.org)",Text,image/jpeg,jpn,mg387_1_7-038,"In copyright, educational use permitted. Educational use includes non-commercial reproduction of text and images in materials for teaching and research purposes. For other contexts beyond fair use, including digital reproduction, please contact the University of Idaho Library Special Collections and Archives Department at libspec@uidaho.edu. The University of Idaho Library is not liable for any violations of the law by users.",http://rightsstatements.org/vocab/InC-EDU/1.0/,image,mg387_1_7-038.jpg,/objects/mg387_1_7-038a.md,https://objects.lib.uidaho.edu/sakaino/small/mg387_1_7-038_sm.jpg,https://objects.lib.uidaho.edu/sakaino/thumbs/mg387_1_7-038_th.jpg,https://objects.lib.uidaho.edu/sakaino/mg387_1_7-038.jpg,Lined notebook paper with handwritten Japanese text in ink
sakaino070,sakaino068,"April 7, 1942 entry, page 2",,,,,,,,,"Transcribed and translated by Naoko Tanabe, 2024-2025, of Densho (densho.org)",Text,image/jpeg,jpn,mg387_1_7-039,"In copyright, educational use permitted. Educational use includes non-commercial reproduction of text and images in materials for teaching and research purposes. For other contexts beyond fair use, including digital reproduction, please contact the University of Idaho Library Special Collections and Archives Department at libspec@uidaho.edu. The University of Idaho Library is not liable for any violations of the law by users.",http://rightsstatements.org/vocab/InC-EDU/1.0/,image,mg387_1_7-039.jpg,/objects/mg387_1_7-039.md,https://objects.lib.uidaho.edu/sakaino/small/mg387_1_7-039_sm.jpg,https://objects.lib.uidaho.edu/sakaino/thumbs/mg387_1_7-039_th.jpg,https://objects.lib.uidaho.edu/sakaino/mg387_1_7-039.jpg,Lined notebook paper with handwritten Japanese text in ink
sakaino071,sakaino068,"April 7, 1942 entry, page 3",,,,,,,,,"Transcribed and translated by Naoko Tanabe, 2024-2025, of Densho (densho.org)",Text,image/jpeg,jpn,mg387_1_7-040,"In copyright, educational use permitted. Educational use includes non-commercial reproduction of text and images in materials for teaching and research purposes. For other contexts beyond fair use, including digital reproduction, please contact the University of Idaho Library Special Collections and Archives Department at libspec@uidaho.edu. The University of Idaho Library is not liable for any violations of the law by users.",http://rightsstatements.org/vocab/InC-EDU/1.0/,image,mg387_1_7-040.jpg,/objects/mg387_1_7-040a.md,https://objects.lib.uidaho.edu/sakaino/small/mg387_1_7-040_sm.jpg,https://objects.lib.uidaho.edu/sakaino/thumbs/mg387_1_7-040_th.jpg,https://objects.lib.uidaho.edu/sakaino/mg387_1_7-040.jpg,Lined notebook paper with handwritten Japanese text in ink
sakaino072,,"April 8, 1942 entry","Sakaino, Bunro","Fort Missoula, MT",46.844072,-114.061906,1942-04-08,"April 8, 1942, diary entry written by Bunro Sakaino while he was incarcerated at the Fort Missoula Internment Camp in Missoula, Montana.",concentration camps; diaries,"MG 387, George Shihei Shitamae papers, Special Collections and Archives, University of Idaho Library","Transcribed and translated by Naoko Tanabe, 2024-2025, of Densho (densho.org)",Text,application/pdf,jpn,mg387_1_7-1942-04-08,"In copyright, educational use permitted. Educational use includes non-commercial reproduction of text and images in materials for teaching and research purposes. For other contexts beyond fair use, including digital reproduction, please contact the University of Idaho Library Special Collections and Archives Department at libspec@uidaho.edu. The University of Idaho Library is not liable for any violations of the law by users.",http://rightsstatements.org/vocab/InC-EDU/1.0/,letter,mg387_1_7-1942-04-08.pdf,/objects/1942-04-08.md,https://objects.lib.uidaho.edu/sakaino/small/mg387_1_7-1942-04-08_sm.jpg,https://objects.lib.uidaho.edu/sakaino/thumbs/mg387_1_7-1942-04-08_th.jpg,https://objects.lib.uidaho.edu/sakaino/mg387_1_7-1942-04-08.pdf,
sakaino073,sakaino072,"April 8, 1942 entry, page 1",,,,,,,,,"Transcribed and translated by Naoko Tanabe, 2024-2025, of Densho (densho.org)",Text,image/jpeg,jpn,mg387_1_7-040,"In copyright, educational use permitted. Educational use includes non-commercial reproduction of text and images in materials for teaching and research purposes. For other contexts beyond fair use, including digital reproduction, please contact the University of Idaho Library Special Collections and Archives Department at libspec@uidaho.edu. The University of Idaho Library is not liable for any violations of the law by users.",http://rightsstatements.org/vocab/InC-EDU/1.0/,image,mg387_1_7-040.jpg,/objects/mg387_1_7-040b.md,https://objects.lib.uidaho.edu/sakaino/small/mg387_1_7-040_sm.jpg,https://objects.lib.uidaho.edu/sakaino/thumbs/mg387_1_7-040_th.jpg,https://objects.lib.uidaho.edu/sakaino/mg387_1_7-040.jpg,Lined notebook paper with handwritten Japanese text in ink
sakaino074,sakaino072,"April 8, 1942 entry, page 2",,,,,,,,,"Transcribed and translated by Naoko Tanabe, 2024-2025, of Densho (densho.org)",Text,image/jpeg,jpn,mg387_1_7-041,"In copyright, educational use permitted. Educational use includes non-commercial reproduction of text and images in materials for teaching and research purposes. For other contexts beyond fair use, including digital reproduction, please contact the University of Idaho Library Special Collections and Archives Department at libspec@uidaho.edu. The University of Idaho Library is not liable for any violations of the law by users.",http://rightsstatements.org/vocab/InC-EDU/1.0/,image,mg387_1_7-041.jpg,/objects/mg387_1_7-041.md,https://objects.lib.uidaho.edu/sakaino/small/mg387_1_7-041_sm.jpg,https://objects.lib.uidaho.edu/sakaino/thumbs/mg387_1_7-041_th.jpg,https://objects.lib.uidaho.edu/sakaino/mg387_1_7-041.jpg,Lined notebook paper with handwritten Japanese text in ink
sakaino075,sakaino072,"April 8, 1942 entry, page 3",,,,,,,,,"Transcribed and translated by Naoko Tanabe, 2024-2025, of Densho (densho.org)",Text,image/jpeg,jpn,mg387_1_7-042,"In copyright, educational use permitted. Educational use includes non-commercial reproduction of text and images in materials for teaching and research purposes. For other contexts beyond fair use, including digital reproduction, please contact the University of Idaho Library Special Collections and Archives Department at libspec@uidaho.edu. The University of Idaho Library is not liable for any violations of the law by users.",http://rightsstatements.org/vocab/InC-EDU/1.0/,image,mg387_1_7-042.jpg,/objects/mg387_1_7-042a.md,https://objects.lib.uidaho.edu/sakaino/small/mg387_1_7-042_sm.jpg,https://objects.lib.uidaho.edu/sakaino/thumbs/mg387_1_7-042_th.jpg,https://objects.lib.uidaho.edu/sakaino/mg387_1_7-042.jpg,Lined notebook paper with handwritten Japanese text in ink
sakaino076,,"April 9, 1942 entry","Sakaino, Bunro","Fort Missoula, MT",46.844072,-114.061906,1942-04-09,"April 9, 1942, diary entry written by Bunro Sakaino while he was incarcerated at the Fort Missoula Internment Camp in Missoula, Montana.",concentration camps; diaries,"MG 387, George Shihei Shitamae papers, Special Collections and Archives, University of Idaho Library","Transcribed and translated by Naoko Tanabe, 2024-2025, of Densho (densho.org)",Text,application/pdf,jpn,mg387_1_7-1942-04-09,"In copyright, educational use permitted. Educational use includes non-commercial reproduction of text and images in materials for teaching and research purposes. For other contexts beyond fair use, including digital reproduction, please contact the University of Idaho Library Special Collections and Archives Department at libspec@uidaho.edu. The University of Idaho Library is not liable for any violations of the law by users.",http://rightsstatements.org/vocab/InC-EDU/1.0/,letter,mg387_1_7-1942-04-09.pdf,/objects/1942-04-09.md,https://objects.lib.uidaho.edu/sakaino/small/mg387_1_7-1942-04-09_sm.jpg,https://objects.lib.uidaho.edu/sakaino/thumbs/mg387_1_7-1942-04-09_th.jpg,https://objects.lib.uidaho.edu/sakaino/mg387_1_7-1942-04-09.pdf,
sakaino077,sakaino076,"April 9, 1942 entry, page 1",,,,,,,,,"Transcribed and translated by Naoko Tanabe, 2024-2025, of Densho (densho.org)",Text,image/jpeg,jpn,mg387_1_7-042,"In copyright, educational use permitted. Educational use includes non-commercial reproduction of text and images in materials for teaching and research purposes. For other contexts beyond fair use, including digital reproduction, please contact the University of Idaho Library Special Collections and Archives Department at libspec@uidaho.edu. The University of Idaho Library is not liable for any violations of the law by users.",http://rightsstatements.org/vocab/InC-EDU/1.0/,image,mg387_1_7-042.jpg,/objects/mg387_1_7-042b.md,https://objects.lib.uidaho.edu/sakaino/small/mg387_1_7-042_sm.jpg,https://objects.lib.uidaho.edu/sakaino/thumbs/mg387_1_7-042_th.jpg,https://objects.lib.uidaho.edu/sakaino/mg387_1_7-042.jpg,Lined notebook paper with handwritten Japanese text in ink
sakaino078,sakaino076,"April 9, 1942 entry, page 2",,,,,,,,,"Transcribed and translated by Naoko Tanabe, 2024-2025, of Densho (densho.org)",Text,image/jpeg,jpn,mg387_1_7-043,"In copyright, educational use permitted. Educational use includes non-commercial reproduction of text and images in materials for teaching and research purposes. For other contexts beyond fair use, including digital reproduction, please contact the University of Idaho Library Special Collections and Archives Department at libspec@uidaho.edu. The University of Idaho Library is not liable for any violations of the law by users.",http://rightsstatements.org/vocab/InC-EDU/1.0/,image,mg387_1_7-043.jpg,/objects/mg387_1_7-043.md,https://objects.lib.uidaho.edu/sakaino/small/mg387_1_7-043_sm.jpg,https://objects.lib.uidaho.edu/sakaino/thumbs/mg387_1_7-043_th.jpg,https://objects.lib.uidaho.edu/sakaino/mg387_1_7-043.jpg,Lined notebook paper with handwritten Japanese text in ink
sakaino079,,"April 10, 1942 entry","Sakaino, Bunro","Fort Missoula, MT",46.844072,-114.061906,1942-04-10,"April 10, 1942, diary entry written by Bunro Sakaino while he was incarcerated at the Fort Missoula Internment Camp in Missoula, Montana.",concentration camps; diaries,"MG 387, George Shihei Shitamae papers, Special Collections and Archives, University of Idaho Library","Transcribed and translated by Naoko Tanabe, 2024-2025, of Densho (densho.org)",Text,application/pdf,jpn,mg387_1_7-1942-04-10,"In copyright, educational use permitted. Educational use includes non-commercial reproduction of text and images in materials for teaching and research purposes. For other contexts beyond fair use, including digital reproduction, please contact the University of Idaho Library Special Collections and Archives Department at libspec@uidaho.edu. The University of Idaho Library is not liable for any violations of the law by users.",http://rightsstatements.org/vocab/InC-EDU/1.0/,letter,mg387_1_7-1942-04-10.pdf,/objects/1942-04-10.md,https://objects.lib.uidaho.edu/sakaino/small/mg387_1_7-1942-04-10_sm.jpg,https://objects.lib.uidaho.edu/sakaino/thumbs/mg387_1_7-1942-04-10_th.jpg,https://objects.lib.uidaho.edu/sakaino/mg387_1_7-1942-04-10.pdf,
sakaino080,sakaino079,"April 10, 1942 entry, page 1",,,,,,,,,"Transcribed and translated by Naoko Tanabe, 2024-2025, of Densho (densho.org)",Text,image/jpeg,jpn,mg387_1_7-044,"In copyright, educational use permitted. Educational use includes non-commercial reproduction of text and images in materials for teaching and research purposes. For other contexts beyond fair use, including digital reproduction, please contact the University of Idaho Library Special Collections and Archives Department at libspec@uidaho.edu. The University of Idaho Library is not liable for any violations of the law by users.",http://rightsstatements.org/vocab/InC-EDU/1.0/,image,mg387_1_7-044.jpg,/objects/mg387_1_7-044.md,https://objects.lib.uidaho.edu/sakaino/small/mg387_1_7-044_sm.jpg,https://objects.lib.uidaho.edu/sakaino/thumbs/mg387_1_7-044_th.jpg,https://objects.lib.uidaho.edu/sakaino/mg387_1_7-044.jpg,Lined notebook paper with handwritten Japanese text in ink
sakaino081,sakaino079,"April 10, 1942 entry, page 2",,,,,,,,,"Transcribed and translated by Naoko Tanabe, 2024-2025, of Densho (densho.org)",Text,image/jpeg,jpn,mg387_1_7-045,"In copyright, educational use permitted. Educational use includes non-commercial reproduction of text and images in materials for teaching and research purposes. For other contexts beyond fair use, including digital reproduction, please contact the University of Idaho Library Special Collections and Archives Department at libspec@uidaho.edu. The University of Idaho Library is not liable for any violations of the law by users.",http://rightsstatements.org/vocab/InC-EDU/1.0/,image,mg387_1_7-045.jpg,/objects/mg387_1_7-045.md,https://objects.lib.uidaho.edu/sakaino/small/mg387_1_7-045_sm.jpg,https://objects.lib.uidaho.edu/sakaino/thumbs/mg387_1_7-045_th.jpg,https://objects.lib.uidaho.edu/sakaino/mg387_1_7-045.jpg,Lined notebook paper with handwritten Japanese text in ink
sakaino082,sakaino079,"April 10, 1942 entry, page 3",,,,,,,,,"Transcribed and translated by Naoko Tanabe, 2024-2025, of Densho (densho.org)",Text,image/jpeg,jpn,mg387_1_7-046,"In copyright, educational use permitted. Educational use includes non-commercial reproduction of text and images in materials for teaching and research purposes. For other contexts beyond fair use, including digital reproduction, please contact the University of Idaho Library Special Collections and Archives Department at libspec@uidaho.edu. The University of Idaho Library is not liable for any violations of the law by users.",http://rightsstatements.org/vocab/InC-EDU/1.0/,image,mg387_1_7-046.jpg,/objects/mg387_1_7-046.md,https://objects.lib.uidaho.edu/sakaino/small/mg387_1_7-046_sm.jpg,https://objects.lib.uidaho.edu/sakaino/thumbs/mg387_1_7-046_th.jpg,https://objects.lib.uidaho.edu/sakaino/mg387_1_7-046.jpg,Lined notebook paper with handwritten Japanese text in ink
sakaino083,sakaino079,"April 10, 1942 entry, page 4",,,,,,,,,"Transcribed and translated by Naoko Tanabe, 2024-2025, of Densho (densho.org)",Text,image/jpeg,jpn,mg387_1_7-047,"In copyright, educational use permitted. Educational use includes non-commercial reproduction of text and images in materials for teaching and research purposes. For other contexts beyond fair use, including digital reproduction, please contact the University of Idaho Library Special Collections and Archives Department at libspec@uidaho.edu. The University of Idaho Library is not liable for any violations of the law by users.",http://rightsstatements.org/vocab/InC-EDU/1.0/,image,mg387_1_7-047.jpg,/objects/mg387_1_7-047.md,https://objects.lib.uidaho.edu/sakaino/small/mg387_1_7-047_sm.jpg,https://objects.lib.uidaho.edu/sakaino/thumbs/mg387_1_7-047_th.jpg,https://objects.lib.uidaho.edu/sakaino/mg387_1_7-047.jpg,Lined notebook paper with handwritten Japanese text in ink
sakaino084,sakaino079,"April 10, 1942 entry, page 5",,,,,,,,,"Transcribed and translated by Naoko Tanabe, 2024-2025, of Densho (densho.org)",Text,image/jpeg,jpn,mg387_1_7-048,"In copyright, educational use permitted. Educational use includes non-commercial reproduction of text and images in materials for teaching and research purposes. For other contexts beyond fair use, including digital reproduction, please contact the University of Idaho Library Special Collections and Archives Department at libspec@uidaho.edu. The University of Idaho Library is not liable for any violations of the law by users.",http://rightsstatements.org/vocab/InC-EDU/1.0/,image,mg387_1_7-048.jpg,/objects/mg387_1_7-048.md,https://objects.lib.uidaho.edu/sakaino/small/mg387_1_7-048_sm.jpg,https://objects.lib.uidaho.edu/sakaino/thumbs/mg387_1_7-048_th.jpg,https://objects.lib.uidaho.edu/sakaino/mg387_1_7-048.jpg,Lined notebook paper with handwritten Japanese text in ink
sakaino085,,"April 11, 1942 entry","Sakaino, Bunro","Casper, WY",42.850796,-106.272628,1942-04-11,"April 11, 1942, diary entry written by Bunro Sakaino while he was being transferred from the Fort Missoula Internment Camp in Missoula, Montana through Casper, Wyoming, on the way to Fort Sill, Oklahoma.",concentration camps; diaries,"MG 387, George Shihei Shitamae papers, Special Collections and Archives, University of Idaho Library","Transcribed and translated by Naoko Tanabe, 2024-2025, of Densho (densho.org)",Text,application/pdf,jpn,mg387_1_7-1942-04-11,"In copyright, educational use permitted. Educational use includes non-commercial reproduction of text and images in materials for teaching and research purposes. For other contexts beyond fair use, including digital reproduction, please contact the University of Idaho Library Special Collections and Archives Department at libspec@uidaho.edu. The University of Idaho Library is not liable for any violations of the law by users.",http://rightsstatements.org/vocab/InC-EDU/1.0/,letter,mg387_1_7-1942-04-11.pdf,/objects/1942-04-11.md,https://objects.lib.uidaho.edu/sakaino/small/mg387_1_7-1942-04-11_sm.jpg,https://objects.lib.uidaho.edu/sakaino/thumbs/mg387_1_7-1942-04-11_th.jpg,https://objects.lib.uidaho.edu/sakaino/mg387_1_7-1942-04-11.pdf,
sakaino086,sakaino085,"April 11, 1942 entry, page 1",,,,,,,,,"Transcribed and translated by Naoko Tanabe, 2024-2025, of Densho (densho.org)",Text,image/jpeg,jpn,mg387_1_7-049,"In copyright, educational use permitted. Educational use includes non-commercial reproduction of text and images in materials for teaching and research purposes. For other contexts beyond fair use, including digital reproduction, please contact the University of Idaho Library Special Collections and Archives Department at libspec@uidaho.edu. The University of Idaho Library is not liable for any violations of the law by users.",http://rightsstatements.org/vocab/InC-EDU/1.0/,image,mg387_1_7-049.jpg,/objects/mg387_1_7-049.md,https://objects.lib.uidaho.edu/sakaino/small/mg387_1_7-049_sm.jpg,https://objects.lib.uidaho.edu/sakaino/thumbs/mg387_1_7-049_th.jpg,https://objects.lib.uidaho.edu/sakaino/mg387_1_7-049.jpg,Lined notebook paper with handwritten Japanese text in ink
sakaino087,sakaino085,"April 11, 1942 entry, page 2",,,,,,,,,"Transcribed and translated by Naoko Tanabe, 2024-2025, of Densho (densho.org)",Text,image/jpeg,jpn,mg387_1_7-050,"In copyright, educational use permitted. Educational use includes non-commercial reproduction of text and images in materials for teaching and research purposes. For other contexts beyond fair use, including digital reproduction, please contact the University of Idaho Library Special Collections and Archives Department at libspec@uidaho.edu. The University of Idaho Library is not liable for any violations of the law by users.",http://rightsstatements.org/vocab/InC-EDU/1.0/,image,mg387_1_7-050.jpg,/objects/mg387_1_7-050.md,https://objects.lib.uidaho.edu/sakaino/small/mg387_1_7-050_sm.jpg,https://objects.lib.uidaho.edu/sakaino/thumbs/mg387_1_7-050_th.jpg,https://objects.lib.uidaho.edu/sakaino/mg387_1_7-050.jpg,Lined notebook paper with handwritten Japanese text in ink
sakaino088,sakaino085,"April 11, 1942 entry, page 3",,,,,,,,,"Transcribed and translated by Naoko Tanabe, 2024-2025, of Densho (densho.org)",Text,image/jpeg,jpn,mg387_1_7-051,"In copyright, educational use permitted. Educational use includes non-commercial reproduction of text and images in materials for teaching and research purposes. For other contexts beyond fair use, including digital reproduction, please contact the University of Idaho Library Special Collections and Archives Department at libspec@uidaho.edu. The University of Idaho Library is not liable for any violations of the law by users.",http://rightsstatements.org/vocab/InC-EDU/1.0/,image,mg387_1_7-051.jpg,/objects/mg387_1_7-051a.md,https://objects.lib.uidaho.edu/sakaino/small/mg387_1_7-051_sm.jpg,https://objects.lib.uidaho.edu/sakaino/thumbs/mg387_1_7-051_th.jpg,https://objects.lib.uidaho.edu/sakaino/mg387_1_7-051.jpg,Lined notebook paper with handwritten Japanese text in ink
sakaino089,,"April 12, 1942 entry","Sakaino, Bunro","Belleville, KS",39.824752,-97.633101,1942-04-12,"April 12, 1942, diary entry written by Bunro Sakaino while he was being transferred from the Fort Missoula Internment Camp in Missoula, Montana through Belleville, Kansas, on the way to Fort Sill, Oklahoma.",concentration camps; diaries,"MG 387, George Shihei Shitamae papers, Special Collections and Archives, University of Idaho Library","Transcribed and translated by Naoko Tanabe, 2024-2025, of Densho (densho.org)",Text,application/pdf,jpn,mg387_1_7-1942-04-12,"In copyright, educational use permitted. Educational use includes non-commercial reproduction of text and images in materials for teaching and research purposes. For other contexts beyond fair use, including digital reproduction, please contact the University of Idaho Library Special Collections and Archives Department at libspec@uidaho.edu. The University of Idaho Library is not liable for any violations of the law by users.",http://rightsstatements.org/vocab/InC-EDU/1.0/,letter,mg387_1_7-1942-04-12.pdf,/objects/1942-04-12.md,https://objects.lib.uidaho.edu/sakaino/small/mg387_1_7-1942-04-12_sm.jpg,https://objects.lib.uidaho.edu/sakaino/thumbs/mg387_1_7-1942-04-12_th.jpg,https://objects.lib.uidaho.edu/sakaino/mg387_1_7-1942-04-12.pdf,
sakaino090,sakaino089,"April 12, 1942 entry, page 1",,,,,,,,,"Transcribed and translated by Naoko Tanabe, 2024-2025, of Densho (densho.org)",Text,image/jpeg,jpn,mg387_1_7-051,"In copyright, educational use permitted. Educational use includes non-commercial reproduction of text and images in materials for teaching and research purposes. For other contexts beyond fair use, including digital reproduction, please contact the University of Idaho Library Special Collections and Archives Department at libspec@uidaho.edu. The University of Idaho Library is not liable for any violations of the law by users.",http://rightsstatements.org/vocab/InC-EDU/1.0/,image,mg387_1_7-051.jpg,/objects/mg387_1_7-051b.md,https://objects.lib.uidaho.edu/sakaino/small/mg387_1_7-051_sm.jpg,https://objects.lib.uidaho.edu/sakaino/thumbs/mg387_1_7-051_th.jpg,https://objects.lib.uidaho.edu/sakaino/mg387_1_7-051.jpg,Lined notebook paper with handwritten Japanese text in ink
sakaino091,sakaino089,"April 12, 1942 entry, page 2",,,,,,,,,"Transcribed and translated by Naoko Tanabe, 2024-2025, of Densho (densho.org)",Text,image/jpeg,jpn,mg387_1_7-052,"In copyright, educational use permitted. Educational use includes non-commercial reproduction of text and images in materials for teaching and research purposes. For other contexts beyond fair use, including digital reproduction, please contact the University of Idaho Library Special Collections and Archives Department at libspec@uidaho.edu. The University of Idaho Library is not liable for any violations of the law by users.",http://rightsstatements.org/vocab/InC-EDU/1.0/,image,mg387_1_7-052.jpg,/objects/mg387_1_7-052.md,https://objects.lib.uidaho.edu/sakaino/small/mg387_1_7-052_sm.jpg,https://objects.lib.uidaho.edu/sakaino/thumbs/mg387_1_7-052_th.jpg,https://objects.lib.uidaho.edu/sakaino/mg387_1_7-052.jpg,Lined notebook paper with handwritten Japanese text in ink
sakaino092,sakaino089,"April 12, 1942 entry, page 3",,,,,,,,,"Transcribed and translated by Naoko Tanabe, 2024-2025, of Densho (densho.org)",Text,image/jpeg,jpn,mg387_1_7-053,"In copyright, educational use permitted. Educational use includes non-commercial reproduction of text and images in materials for teaching and research purposes. For other contexts beyond fair use, including digital reproduction, please contact the University of Idaho Library Special Collections and Archives Department at libspec@uidaho.edu. The University of Idaho Library is not liable for any violations of the law by users.",http://rightsstatements.org/vocab/InC-EDU/1.0/,image,mg387_1_7-053.jpg,/objects/mg387_1_7-053a.md,https://objects.lib.uidaho.edu/sakaino/small/mg387_1_7-053_sm.jpg,https://objects.lib.uidaho.edu/sakaino/thumbs/mg387_1_7-053_th.jpg,https://objects.lib.uidaho.edu/sakaino/mg387_1_7-053.jpg,Lined notebook paper with handwritten Japanese text in ink
sakaino093,,"April 13, 1942 entry","Sakaino, Bunro","Fort Sill, OK",34.673024,-98.368511,1942-04-13,"April 13, 1942, diary entry written by Bunro Sakaino while he was incarcerated at Fort Sill, Oklahoma.",concentration camps; diaries,"MG 387, George Shihei Shitamae papers, Special Collections and Archives, University of Idaho Library","Transcribed and translated by Naoko Tanabe, 2024-2025, of Densho (densho.org)",Text,application/pdf,jpn,mg387_1_7-1942-04-13,"In copyright, educational use permitted. Educational use includes non-commercial reproduction of text and images in materials for teaching and research purposes. For other contexts beyond fair use, including digital reproduction, please contact the University of Idaho Library Special Collections and Archives Department at libspec@uidaho.edu. The University of Idaho Library is not liable for any violations of the law by users.",http://rightsstatements.org/vocab/InC-EDU/1.0/,letter,mg387_1_7-1942-04-13.pdf,/objects/1942-04-13.md,https://objects.lib.uidaho.edu/sakaino/small/mg387_1_7-1942-04-13_sm.jpg,https://objects.lib.uidaho.edu/sakaino/thumbs/mg387_1_7-1942-04-13_th.jpg,https://objects.lib.uidaho.edu/sakaino/mg387_1_7-1942-04-13.pdf,
sakaino094,sakaino093,"April 13, 1942 entry, page 1",,,,,,,,,"Transcribed and translated by Naoko Tanabe, 2024-2025, of Densho (densho.org)",Text,image/jpeg,jpn,mg387_1_7-053,"In copyright, educational use permitted. Educational use includes non-commercial reproduction of text and images in materials for teaching and research purposes. For other contexts beyond fair use, including digital reproduction, please contact the University of Idaho Library Special Collections and Archives Department at libspec@uidaho.edu. The University of Idaho Library is not liable for any violations of the law by users.",http://rightsstatements.org/vocab/InC-EDU/1.0/,image,mg387_1_7-053.jpg,/objects/mg387_1_7-053a.md,https://objects.lib.uidaho.edu/sakaino/small/mg387_1_7-053_sm.jpg,https://objects.lib.uidaho.edu/sakaino/thumbs/mg387_1_7-053_th.jpg,https://objects.lib.uidaho.edu/sakaino/mg387_1_7-053.jpg,Lined notebook paper with handwritten Japanese text in ink
sakaino095,sakaino093,"April 13, 1942 entry, page 2",,,,,,,,,"Transcribed and translated by Naoko Tanabe, 2024-2025, of Densho (densho.org)",Text,image/jpeg,jpn,mg387_1_7-054,"In copyright, educational use permitted. Educational use includes non-commercial reproduction of text and images in materials for teaching and research purposes. For other contexts beyond fair use, including digital reproduction, please contact the University of Idaho Library Special Collections and Archives Department at libspec@uidaho.edu. The University of Idaho Library is not liable for any violations of the law by users.",http://rightsstatements.org/vocab/InC-EDU/1.0/,image,mg387_1_7-054.jpg,/objects/mg387_1_7-054.md,https://objects.lib.uidaho.edu/sakaino/small/mg387_1_7-054_sm.jpg,https://objects.lib.uidaho.edu/sakaino/thumbs/mg387_1_7-054_th.jpg,https://objects.lib.uidaho.edu/sakaino/mg387_1_7-054.jpg,Lined notebook paper with handwritten Japanese text in ink
sakaino096,sakaino093,"April 13, 1942 entry, page 3",,,,,,,,,"Transcribed and translated by Naoko Tanabe, 2024-2025, of Densho (densho.org)",Text,image/jpeg,jpn,mg387_1_7-055,"In copyright, educational use permitted. Educational use includes non-commercial reproduction of text and images in materials for teaching and research purposes. For other contexts beyond fair use, including digital reproduction, please contact the University of Idaho Library Special Collections and Archives Department at libspec@uidaho.edu. The University of Idaho Library is not liable for any violations of the law by users.",http://rightsstatements.org/vocab/InC-EDU/1.0/,image,mg387_1_7-055.jpg,/objects/mg387_1_7-055a.md,https://objects.lib.uidaho.edu/sakaino/small/mg387_1_7-055_sm.jpg,https://objects.lib.uidaho.edu/sakaino/thumbs/mg387_1_7-055_th.jpg,https://objects.lib.uidaho.edu/sakaino/mg387_1_7-055.jpg,Lined notebook paper with handwritten Japanese text in ink
sakaino097,,"April 14, 1942 entry","Sakaino, Bunro","Fort Sill, OK",34.673024,-98.368511,1942-04-13,"April 14, 1942, diary entry written by Bunro Sakaino while he was incarcerated at Fort Sill, Oklahoma.",concentration camps; diaries,"MG 387, George Shihei Shitamae papers, Special Collections and Archives, University of Idaho Library","Transcribed and translated by Naoko Tanabe, 2024-2025, of Densho (densho.org)",Text,application/pdf,jpn,mg387_1_7-1942-04-14,"In copyright, educational use permitted. Educational use includes non-commercial reproduction of text and images in materials for teaching and research purposes. For other contexts beyond fair use, including digital reproduction, please contact the University of Idaho Library Special Collections and Archives Department at libspec@uidaho.edu. The University of Idaho Library is not liable for any violations of the law by users.",http://rightsstatements.org/vocab/InC-EDU/1.0/,letter,mg387_1_7-1942-04-14.pdf,/objects/1942-04-14.md,https://objects.lib.uidaho.edu/sakaino/small/mg387_1_7-1942-04-14_sm.jpg,https://objects.lib.uidaho.edu/sakaino/thumbs/mg387_1_7-1942-04-14_th.jpg,https://objects.lib.uidaho.edu/sakaino/mg387_1_7-1942-04-14.pdf,
sakaino098,sakaino097,"April 14, 1942 entry, page 1",,,,,,,,,"Transcribed and translated by Naoko Tanabe, 2024-2025, of Densho (densho.org)",Text,image/jpeg,jpn,mg387_1_7-055,"In copyright, educational use permitted. Educational use includes non-commercial reproduction of text and images in materials for teaching and research purposes. For other contexts beyond fair use, including digital reproduction, please contact the University of Idaho Library Special Collections and Archives Department at libspec@uidaho.edu. The University of Idaho Library is not liable for any violations of the law by users.",http://rightsstatements.org/vocab/InC-EDU/1.0/,image,mg387_1_7-055.jpg,/objects/mg387_1_7-055b.md,https://objects.lib.uidaho.edu/sakaino/small/mg387_1_7-055_sm.jpg,https://objects.lib.uidaho.edu/sakaino/thumbs/mg387_1_7-055_th.jpg,https://objects.lib.uidaho.edu/sakaino/mg387_1_7-055.jpg,Lined notebook paper with handwritten Japanese text in ink
sakaino099,sakaino097,"April 14, 1942 entry, page 2",,,,,,,,,"Transcribed and translated by Naoko Tanabe, 2024-2025, of Densho (densho.org)",Text,image/jpeg,jpn; eng,mg387_1_7-056,"In copyright, educational use permitted. Educational use includes non-commercial reproduction of text and images in materials for teaching and research purposes. For other contexts beyond fair use, including digital reproduction, please contact the University of Idaho Library Special Collections and Archives Department at libspec@uidaho.edu. The University of Idaho Library is not liable for any violations of the law by users.",http://rightsstatements.org/vocab/InC-EDU/1.0/,image,mg387_1_7-056.jpg,/objects/mg387_1_7-056.md,https://objects.lib.uidaho.edu/sakaino/small/mg387_1_7-056_sm.jpg,https://objects.lib.uidaho.edu/sakaino/thumbs/mg387_1_7-056_th.jpg,https://objects.lib.uidaho.edu/sakaino/mg387_1_7-056.jpg,Lined notebook paper with handwritten Japanese and English text in ink
sakaino100,sakaino097,"April 14, 1942 entry, page 3",,,,,,,,,"Transcribed and translated by Naoko Tanabe, 2024-2025, of Densho (densho.org)",Text,image/jpeg,eng,mg387_1_7-057,"In copyright, educational use permitted. Educational use includes non-commercial reproduction of text and images in materials for teaching and research purposes. For other contexts beyond fair use, including digital reproduction, please contact the University of Idaho Library Special Collections and Archives Department at libspec@uidaho.edu. The University of Idaho Library is not liable for any violations of the law by users.",http://rightsstatements.org/vocab/InC-EDU/1.0/,image,mg387_1_7-057.jpg,/objects/mg387_1_7-057.md,https://objects.lib.uidaho.edu/sakaino/small/mg387_1_7-057_sm.jpg,https://objects.lib.uidaho.edu/sakaino/thumbs/mg387_1_7-057_th.jpg,https://objects.lib.uidaho.edu/sakaino/mg387_1_7-057.jpg,Lined notebook paper with handwritten English text in ink
sakaino101,sakaino097,"April 14, 1942 entry, page 4",,,,,,,,,"Transcribed and translated by Naoko Tanabe, 2024-2025, of Densho (densho.org)",Text,image/jpeg,eng,mg387_1_7-058,"In copyright, educational use permitted. Educational use includes non-commercial reproduction of text and images in materials for teaching and research purposes. For other contexts beyond fair use, including digital reproduction, please contact the University of Idaho Library Special Collections and Archives Department at libspec@uidaho.edu. The University of Idaho Library is not liable for any violations of the law by users.",http://rightsstatements.org/vocab/InC-EDU/1.0/,image,mg387_1_7-058.jpg,/objects/mg387_1_7-058.md,https://objects.lib.uidaho.edu/sakaino/small/mg387_1_7-058_sm.jpg,https://objects.lib.uidaho.edu/sakaino/thumbs/mg387_1_7-058_th.jpg,https://objects.lib.uidaho.edu/sakaino/mg387_1_7-058.jpg,Lined notebook paper with handwritten English text in ink
sakaino102,sakaino097,"April 14, 1942 entry, page 5",,,,,,,,,"Transcribed and translated by Naoko Tanabe, 2024-2025, of Densho (densho.org)",Text,image/jpeg,eng,mg387_1_7-059,"In copyright, educational use permitted. Educational use includes non-commercial reproduction of text and images in materials for teaching and research purposes. For other contexts beyond fair use, including digital reproduction, please contact the University of Idaho Library Special Collections and Archives Department at libspec@uidaho.edu. The University of Idaho Library is not liable for any violations of the law by users.",http://rightsstatements.org/vocab/InC-EDU/1.0/,image,mg387_1_7-059.jpg,/objects/mg387_1_7-059.md,https://objects.lib.uidaho.edu/sakaino/small/mg387_1_7-059_sm.jpg,https://objects.lib.uidaho.edu/sakaino/thumbs/mg387_1_7-059_th.jpg,https://objects.lib.uidaho.edu/sakaino/mg387_1_7-059.jpg,Lined notebook paper with handwritten English text in ink
sakaino103,sakaino097,"April 14, 1942 entry, page 6",,,,,,,,,"Transcribed and translated by Naoko Tanabe, 2024-2025, of Densho (densho.org)",Text,image/jpeg,eng,mg387_1_7-060,"In copyright, educational use permitted. Educational use includes non-commercial reproduction of text and images in materials for teaching and research purposes. For other contexts beyond fair use, including digital reproduction, please contact the University of Idaho Library Special Collections and Archives Department at libspec@uidaho.edu. The University of Idaho Library is not liable for any violations of the law by users.",http://rightsstatements.org/vocab/InC-EDU/1.0/,image,mg387_1_7-060.jpg,/objects/mg387_1_7-060.md,https://objects.lib.uidaho.edu/sakaino/small/mg387_1_7-060_sm.jpg,https://objects.lib.uidaho.edu/sakaino/thumbs/mg387_1_7-060_th.jpg,https://objects.lib.uidaho.edu/sakaino/mg387_1_7-060.jpg,Lined notebook paper with handwritten English text in ink
sakaino104,sakaino097,"April 14, 1942 entry, page 7",,,,,,,,,"Transcribed and translated by Naoko Tanabe, 2024-2025, of Densho (densho.org)",Text,image/jpeg,eng,mg387_1_7-061,"In copyright, educational use permitted. Educational use includes non-commercial reproduction of text and images in materials for teaching and research purposes. For other contexts beyond fair use, including digital reproduction, please contact the University of Idaho Library Special Collections and Archives Department at libspec@uidaho.edu. The University of Idaho Library is not liable for any violations of the law by users.",http://rightsstatements.org/vocab/InC-EDU/1.0/,image,mg387_1_7-061.jpg,/objects/mg387_1_7-061.md,https://objects.lib.uidaho.edu/sakaino/small/mg387_1_7-061_sm.jpg,https://objects.lib.uidaho.edu/sakaino/thumbs/mg387_1_7-061_th.jpg,https://objects.lib.uidaho.edu/sakaino/mg387_1_7-061.jpg,Lined notebook paper with handwritten English text in ink
sakaino105,sakaino097,"April 14, 1942 entry, page 8",,,,,,,,,"Transcribed and translated by Naoko Tanabe, 2024-2025, of Densho (densho.org)",Text,image/jpeg,eng,mg387_1_7-062,"In copyright, educational use permitted. Educational use includes non-commercial reproduction of text and images in materials for teaching and research purposes. For other contexts beyond fair use, including digital reproduction, please contact the University of Idaho Library Special Collections and Archives Department at libspec@uidaho.edu. The University of Idaho Library is not liable for any violations of the law by users.",http://rightsstatements.org/vocab/InC-EDU/1.0/,image,mg387_1_7-062.jpg,/objects/mg387_1_7-062.md,https://objects.lib.uidaho.edu/sakaino/small/mg387_1_7-062_sm.jpg,https://objects.lib.uidaho.edu/sakaino/thumbs/mg387_1_7-062_th.jpg,https://objects.lib.uidaho.edu/sakaino/mg387_1_7-062.jpg,Lined notebook paper with handwritten English text in ink
sakaino106,sakaino097,"April 14, 1942 entry, page 9",,,,,,,,,"Transcribed and translated by Naoko Tanabe, 2024-2025, of Densho (densho.org)",Text,image/jpeg,jpn,mg387_1_7-063,"In copyright, educational use permitted. Educational use includes non-commercial reproduction of text and images in materials for teaching and research purposes. For other contexts beyond fair use, including digital reproduction, please contact the University of Idaho Library Special Collections and Archives Department at libspec@uidaho.edu. The University of Idaho Library is not liable for any violations of the law by users.",http://rightsstatements.org/vocab/InC-EDU/1.0/,image,mg387_1_7-063.jpg,/objects/mg387_1_7-063a.md,https://objects.lib.uidaho.edu/sakaino/small/mg387_1_7-063_sm.jpg,https://objects.lib.uidaho.edu/sakaino/thumbs/mg387_1_7-063_th.jpg,https://objects.lib.uidaho.edu/sakaino/mg387_1_7-063.jpg,Lined notebook paper with handwritten Japanese text in ink
sakaino107,,"April 15, 1942 entry","Sakaino, Bunro","Fort Sill, OK",34.673024,-98.368511,1942-04-15,"April 15, 1942, diary entry written by Bunro Sakaino while he was incarcerated at Fort Sill, Oklahoma.",concentration camps; diaries,"MG 387, George Shihei Shitamae papers, Special Collections and Archives, University of Idaho Library","Transcribed and translated by Naoko Tanabe, 2024-2025, of Densho (densho.org)",Text,application/pdf,jpn,mg387_1_7-1942-04-15,"In copyright, educational use permitted. Educational use includes non-commercial reproduction of text and images in materials for teaching and research purposes. For other contexts beyond fair use, including digital reproduction, please contact the University of Idaho Library Special Collections and Archives Department at libspec@uidaho.edu. The University of Idaho Library is not liable for any violations of the law by users.",http://rightsstatements.org/vocab/InC-EDU/1.0/,letter,mg387_1_7-1942-04-15.pdf,/objects/1942-04-15.md,https://objects.lib.uidaho.edu/sakaino/small/mg387_1_7-1942-04-15_sm.jpg,https://objects.lib.uidaho.edu/sakaino/thumbs/mg387_1_7-1942-04-15_th.jpg,https://objects.lib.uidaho.edu/sakaino/mg387_1_7-1942-04-15.pdf,
sakaino108,sakaino107,"April 15, 1942 entry, page 1",,,,,,,,,"Transcribed and translated by Naoko Tanabe, 2024-2025, of Densho (densho.org)",Text,image/jpeg,jpn,mg387_1_7-063,"In copyright, educational use permitted. Educational use includes non-commercial reproduction of text and images in materials for teaching and research purposes. For other contexts beyond fair use, including digital reproduction, please contact the University of Idaho Library Special Collections and Archives Department at libspec@uidaho.edu. The University of Idaho Library is not liable for any violations of the law by users.",http://rightsstatements.org/vocab/InC-EDU/1.0/,image,mg387_1_7-063.jpg,/objects/mg387_1_7-063b.md,https://objects.lib.uidaho.edu/sakaino/small/mg387_1_7-063_sm.jpg,https://objects.lib.uidaho.edu/sakaino/thumbs/mg387_1_7-063_th.jpg,https://objects.lib.uidaho.edu/sakaino/mg387_1_7-063.jpg,Lined notebook paper with handwritten Japanese text in ink
sakaino109,,"April 16, 1942 entry","Sakaino, Bunro","Fort Sill, OK",34.673024,-98.368511,1942-04-16,"April 16, 1942, diary entry written by Bunro Sakaino while he was incarcerated at Fort Sill, Oklahoma.",concentration camps; diaries,"MG 387, George Shihei Shitamae papers, Special Collections and Archives, University of Idaho Library","Transcribed and translated by Naoko Tanabe, 2024-2025, of Densho (densho.org)",Text,application/pdf,jpn,mg387_1_7-1942-04-16,"In copyright, educational use permitted. Educational use includes non-commercial reproduction of text and images in materials for teaching and research purposes. For other contexts beyond fair use, including digital reproduction, please contact the University of Idaho Library Special Collections and Archives Department at libspec@uidaho.edu. The University of Idaho Library is not liable for any violations of the law by users.",http://rightsstatements.org/vocab/InC-EDU/1.0/,letter,mg387_1_7-1942-04-16.pdf,/objects/1942-04-16.md,https://objects.lib.uidaho.edu/sakaino/small/mg387_1_7-1942-04-16_sm.jpg,https://objects.lib.uidaho.edu/sakaino/thumbs/mg387_1_7-1942-04-16_th.jpg,https://objects.lib.uidaho.edu/sakaino/mg387_1_7-1942-04-16.pdf,
sakaino110,sakaino109,"April 16, 1942 entry, page 1",,,,,,,,,"Transcribed and translated by Naoko Tanabe, 2024-2025, of Densho (densho.org)",Text,image/jpeg,jpn,mg387_1_7-064,"In copyright, educational use permitted. Educational use includes non-commercial reproduction of text and images in materials for teaching and research purposes. For other contexts beyond fair use, including digital reproduction, please contact the University of Idaho Library Special Collections and Archives Department at libspec@uidaho.edu. The University of Idaho Library is not liable for any violations of the law by users.",http://rightsstatements.org/vocab/InC-EDU/1.0/,image,mg387_1_7-064.jpg,/objects/mg387_1_7-064.md,https://objects.lib.uidaho.edu/sakaino/small/mg387_1_7-064_sm.jpg,https://objects.lib.uidaho.edu/sakaino/thumbs/mg387_1_7-064_th.jpg,https://objects.lib.uidaho.edu/sakaino/mg387_1_7-064.jpg,Lined notebook paper with handwritten Japanese text in ink
sakaino111,sakaino109,"April 16, 1942 entry, page 2",,,,,,,,,"Transcribed and translated by Naoko Tanabe, 2024-2025, of Densho (densho.org)",Text,image/jpeg,jpn,mg387_1_7-065,"In copyright, educational use permitted. Educational use includes non-commercial reproduction of text and images in materials for teaching and research purposes. For other contexts beyond fair use, including digital reproduction, please contact the University of Idaho Library Special Collections and Archives Department at libspec@uidaho.edu. The University of Idaho Library is not liable for any violations of the law by users.",http://rightsstatements.org/vocab/InC-EDU/1.0/,image,mg387_1_7-065.jpg,/objects/mg387_1_7-065.md,https://objects.lib.uidaho.edu/sakaino/small/mg387_1_7-065_sm.jpg,https://objects.lib.uidaho.edu/sakaino/thumbs/mg387_1_7-065_th.jpg,https://objects.lib.uidaho.edu/sakaino/mg387_1_7-065.jpg,Lined notebook paper with handwritten Japanese text in ink
sakaino112,sakaino109,"April 16, 1942 entry, page 3",,,,,,,,,"Transcribed and translated by Naoko Tanabe, 2024-2025, of Densho (densho.org)",Text,image/jpeg,jpn,mg387_1_7-066,"In copyright, educational use permitted. Educational use includes non-commercial reproduction of text and images in materials for teaching and research purposes. For other contexts beyond fair use, including digital reproduction, please contact the University of Idaho Library Special Collections and Archives Department at libspec@uidaho.edu. The University of Idaho Library is not liable for any violations of the law by users.",http://rightsstatements.org/vocab/InC-EDU/1.0/,image,mg387_1_7-066.jpg,/objects/mg387_1_7-066.md,https://objects.lib.uidaho.edu/sakaino/small/mg387_1_7-066_sm.jpg,https://objects.lib.uidaho.edu/sakaino/thumbs/mg387_1_7-066_th.jpg,https://objects.lib.uidaho.edu/sakaino/mg387_1_7-066.jpg,Lined notebook paper with handwritten Japanese text in ink
sakaino113,sakaino109,"April 16, 1942 entry, page 4",,,,,,,,,"Transcribed and translated by Naoko Tanabe, 2024-2025, of Densho (densho.org)",Text,image/jpeg,jpn,mg387_1_7-067,"In copyright, educational use permitted. Educational use includes non-commercial reproduction of text and images in materials for teaching and research purposes. For other contexts beyond fair use, including digital reproduction, please contact the University of Idaho Library Special Collections and Archives Department at libspec@uidaho.edu. The University of Idaho Library is not liable for any violations of the law by users.",http://rightsstatements.org/vocab/InC-EDU/1.0/,image,mg387_1_7-067.jpg,/objects/mg387_1_7-067.md,https://objects.lib.uidaho.edu/sakaino/small/mg387_1_7-067_sm.jpg,https://objects.lib.uidaho.edu/sakaino/thumbs/mg387_1_7-067_th.jpg,https://objects.lib.uidaho.edu/sakaino/mg387_1_7-067.jpg,Lined notebook paper with handwritten Japanese text in ink
sakaino114,sakaino109,"April 16, 1942 entry, page 5",,,,,,,,,"Transcribed and translated by Naoko Tanabe, 2024-2025, of Densho (densho.org)",Text,image/jpeg,jpn,mg387_1_7-068,"In copyright, educational use permitted. Educational use includes non-commercial reproduction of text and images in materials for teaching and research purposes. For other contexts beyond fair use, including digital reproduction, please contact the University of Idaho Library Special Collections and Archives Department at libspec@uidaho.edu. The University of Idaho Library is not liable for any violations of the law by users.",http://rightsstatements.org/vocab/InC-EDU/1.0/,image,mg387_1_7-068.jpg,/objects/mg387_1_7-068.md,https://objects.lib.uidaho.edu/sakaino/small/mg387_1_7-068_sm.jpg,https://objects.lib.uidaho.edu/sakaino/thumbs/mg387_1_7-068_th.jpg,https://objects.lib.uidaho.edu/sakaino/mg387_1_7-068.jpg,Lined notebook paper with handwritten Japanese text in ink
sakaino115,sakaino109,"April 16, 1942 entry, page 6",,,,,,,,,"Transcribed and translated by Naoko Tanabe, 2024-2025, of Densho (densho.org)",Text,image/jpeg,jpn,mg387_1_7-069,"In copyright, educational use permitted. Educational use includes non-commercial reproduction of text and images in materials for teaching and research purposes. For other contexts beyond fair use, including digital reproduction, please contact the University of Idaho Library Special Collections and Archives Department at libspec@uidaho.edu. The University of Idaho Library is not liable for any violations of the law by users.",http://rightsstatements.org/vocab/InC-EDU/1.0/,image,mg387_1_7-069.jpg,/objects/mg387_1_7-069.md,https://objects.lib.uidaho.edu/sakaino/small/mg387_1_7-069_sm.jpg,https://objects.lib.uidaho.edu/sakaino/thumbs/mg387_1_7-069_th.jpg,https://objects.lib.uidaho.edu/sakaino/mg387_1_7-069.jpg,Lined notebook paper with handwritten Japanese text in ink
sakaino116,sakaino109,"April 16, 1942 entry, page 7",,,,,,,,,"Transcribed and translated by Naoko Tanabe, 2024-2025, of Densho (densho.org)",Text,image/jpeg,jpn,mg387_1_7-070,"In copyright, educational use permitted. Educational use includes non-commercial reproduction of text and images in materials for teaching and research purposes. For other contexts beyond fair use, including digital reproduction, please contact the University of Idaho Library Special Collections and Archives Department at libspec@uidaho.edu. The University of Idaho Library is not liable for any violations of the law by users.",http://rightsstatements.org/vocab/InC-EDU/1.0/,image,mg387_1_7-070.jpg,/objects/mg387_1_7-070a.md,https://objects.lib.uidaho.edu/sakaino/small/mg387_1_7-070_sm.jpg,https://objects.lib.uidaho.edu/sakaino/thumbs/mg387_1_7-070_th.jpg,https://objects.lib.uidaho.edu/sakaino/mg387_1_7-070.jpg,Lined notebook paper with handwritten Japanese text in ink
sakaino117,,"April 28, 1942 entry","Sakaino, Bunro","Fort Sill, OK",34.673024,-98.368511,1942-04-28,"April 28, 1942, diary entry written by Bunro Sakaino while he was incarcerated at Fort Sill, Oklahoma.",concentration camps; diaries,"MG 387, George Shihei Shitamae papers, Special Collections and Archives, University of Idaho Library","Transcribed and translated by Naoko Tanabe, 2024-2025, of Densho (densho.org)",Text,application/pdf,jpn,mg387_1_7-1942-04-28,"In copyright, educational use permitted. Educational use includes non-commercial reproduction of text and images in materials for teaching and research purposes. For other contexts beyond fair use, including digital reproduction, please contact the University of Idaho Library Special Collections and Archives Department at libspec@uidaho.edu. The University of Idaho Library is not liable for any violations of the law by users.",http://rightsstatements.org/vocab/InC-EDU/1.0/,letter,mg387_1_7-1942-04-28.pdf,/objects/1942-04-28.md,https://objects.lib.uidaho.edu/sakaino/small/mg387_1_7-1942-04-28_sm.jpg,https://objects.lib.uidaho.edu/sakaino/thumbs/mg387_1_7-1942-04-28_th.jpg,https://objects.lib.uidaho.edu/sakaino/mg387_1_7-1942-04-28.pdf,
sakaino118,sakaino117,"April 28, 1942 entry, page 1",,,,,,,,,"Transcribed and translated by Naoko Tanabe, 2024-2025, of Densho (densho.org)",Text,image/jpeg,jpn,mg387_1_7-070,"In copyright, educational use permitted. Educational use includes non-commercial reproduction of text and images in materials for teaching and research purposes. For other contexts beyond fair use, including digital reproduction, please contact the University of Idaho Library Special Collections and Archives Department at libspec@uidaho.edu. The University of Idaho Library is not liable for any violations of the law by users.",http://rightsstatements.org/vocab/InC-EDU/1.0/,image,mg387_1_7-070.jpg,/objects/mg387_1_7-070b.md,https://objects.lib.uidaho.edu/sakaino/small/mg387_1_7-070_sm.jpg,https://objects.lib.uidaho.edu/sakaino/thumbs/mg387_1_7-070_th.jpg,https://objects.lib.uidaho.edu/sakaino/mg387_1_7-070.jpg,Lined notebook paper with handwritten Japanese text in ink
sakaino119,sakaino117,"April 28, 1942 entry, page 2",,,,,,,,,"Transcribed and translated by Naoko Tanabe, 2024-2025, of Densho (densho.org)",Text,image/jpeg,jpn,mg387_1_7-071,"In copyright, educational use permitted. Educational use includes non-commercial reproduction of text and images in materials for teaching and research purposes. For other contexts beyond fair use, including digital reproduction, please contact the University of Idaho Library Special Collections and Archives Department at libspec@uidaho.edu. The University of Idaho Library is not liable for any violations of the law by users.",http://rightsstatements.org/vocab/InC-EDU/1.0/,image,mg387_1_7-071.jpg,/objects/mg387_1_7-071a.md,https://objects.lib.uidaho.edu/sakaino/small/mg387_1_7-071_sm.jpg,https://objects.lib.uidaho.edu/sakaino/thumbs/mg387_1_7-071_th.jpg,https://objects.lib.uidaho.edu/sakaino/mg387_1_7-071.jpg,Lined notebook paper with handwritten Japanese text in ink
sakaino120,,"April 29, 1942 entry","Sakaino, Bunro","Fort Sill, OK",34.673024,-98.368511,1942-04-29,"April 29, 1942, diary entry written by Bunro Sakaino while he was incarcerated at Fort Sill, Oklahoma.",concentration camps; diaries,"MG 387, George Shihei Shitamae papers, Special Collections and Archives, University of Idaho Library","Transcribed and translated by Naoko Tanabe, 2024-2025, of Densho (densho.org)",Text,application/pdf,jpn,mg387_1_7-1942-04-29,"In copyright, educational use permitted. Educational use includes non-commercial reproduction of text and images in materials for teaching and research purposes. For other contexts beyond fair use, including digital reproduction, please contact the University of Idaho Library Special Collections and Archives Department at libspec@uidaho.edu. The University of Idaho Library is not liable for any violations of the law by users.",http://rightsstatements.org/vocab/InC-EDU/1.0/,letter,mg387_1_7-1942-04-29.pdf,/objects/1942-04-29.md,https://objects.lib.uidaho.edu/sakaino/small/mg387_1_7-1942-04-29_sm.jpg,https://objects.lib.uidaho.edu/sakaino/thumbs/mg387_1_7-1942-04-29_th.jpg,https://objects.lib.uidaho.edu/sakaino/mg387_1_7-1942-04-29.pdf,
sakaino121,sakaino120,"April 29, 1942 entry, page 1",,,,,,,,,"Transcribed and translated by Naoko Tanabe, 2024-2025, of Densho (densho.org)",Text,image/jpeg,jpn,mg387_1_7-071,"In copyright, educational use permitted. Educational use includes non-commercial reproduction of text and images in materials for teaching and research purposes. For other contexts beyond fair use, including digital reproduction, please contact the University of Idaho Library Special Collections and Archives Department at libspec@uidaho.edu. The University of Idaho Library is not liable for any violations of the law by users.",http://rightsstatements.org/vocab/InC-EDU/1.0/,image,mg387_1_7-071.jpg,/objects/mg387_1_7-071b.md,https://objects.lib.uidaho.edu/sakaino/small/mg387_1_7-071_sm.jpg,https://objects.lib.uidaho.edu/sakaino/thumbs/mg387_1_7-071_th.jpg,https://objects.lib.uidaho.edu/sakaino/mg387_1_7-071.jpg,Lined notebook paper with handwritten Japanese text in ink
sakaino122,sakaino120,"April 29, 1942 entry, page 2",,,,,,,,,"Transcribed and translated by Naoko Tanabe, 2024-2025, of Densho (densho.org)",Text,image/jpeg,jpn,mg387_1_7-072,"In copyright, educational use permitted. Educational use includes non-commercial reproduction of text and images in materials for teaching and research purposes. For other contexts beyond fair use, including digital reproduction, please contact the University of Idaho Library Special Collections and Archives Department at libspec@uidaho.edu. The University of Idaho Library is not liable for any violations of the law by users.",http://rightsstatements.org/vocab/InC-EDU/1.0/,image,mg387_1_7-072.jpg,/objects/mg387_1_7-072a.md,https://objects.lib.uidaho.edu/sakaino/small/mg387_1_7-072_sm.jpg,https://objects.lib.uidaho.edu/sakaino/thumbs/mg387_1_7-072_th.jpg,https://objects.lib.uidaho.edu/sakaino/mg387_1_7-072.jpg,Lined notebook paper with handwritten Japanese text in ink
sakaino123,,"April 30, 1942 entry","Sakaino, Bunro","Fort Sill, OK",34.673024,-98.368511,1942-04-30,"April 30, 1942, diary entry written by Bunro Sakaino while he was incarcerated at Fort Sill, Oklahoma.",concentration camps; diaries,"MG 387, George Shihei Shitamae papers, Special Collections and Archives, University of Idaho Library","Transcribed and translated by Naoko Tanabe, 2024-2025, of Densho (densho.org)",Text,application/pdf,jpn,mg387_1_7-1942-04-30,"In copyright, educational use permitted. Educational use includes non-commercial reproduction of text and images in materials for teaching and research purposes. For other contexts beyond fair use, including digital reproduction, please contact the University of Idaho Library Special Collections and Archives Department at libspec@uidaho.edu. The University of Idaho Library is not liable for any violations of the law by users.",http://rightsstatements.org/vocab/InC-EDU/1.0/,letter,mg387_1_7-1942-04-30.pdf,/objects/1942-04-30.md,https://objects.lib.uidaho.edu/sakaino/small/mg387_1_7-1942-04-30_sm.jpg,https://objects.lib.uidaho.edu/sakaino/thumbs/mg387_1_7-1942-04-30_th.jpg,https://objects.lib.uidaho.edu/sakaino/mg387_1_7-1942-04-30.pdf,
sakaino124,sakaino123,"April 30, 1942 entry, page 1",,,,,,,,,"Transcribed and translated by Naoko Tanabe, 2024-2025, of Densho (densho.org)",Text,image/jpeg,jpn,mg387_1_7-072,"In copyright, educational use permitted. Educational use includes non-commercial reproduction of text and images in materials for teaching and research purposes. For other contexts beyond fair use, including digital reproduction, please contact the University of Idaho Library Special Collections and Archives Department at libspec@uidaho.edu. The University of Idaho Library is not liable for any violations of the law by users.",http://rightsstatements.org/vocab/InC-EDU/1.0/,image,mg387_1_7-072.jpg,/objects/mg387_1_7-072b.md,https://objects.lib.uidaho.edu/sakaino/small/mg387_1_7-072_sm.jpg,https://objects.lib.uidaho.edu/sakaino/thumbs/mg387_1_7-072_th.jpg,https://objects.lib.uidaho.edu/sakaino/mg387_1_7-072.jpg,Lined notebook paper with handwritten Japanese text in ink
sakaino125,,"May 1, 1942 entry","Sakaino, Bunro","Fort Sill, OK",34.673024,-98.368511,1942-05-01,"May 1, 1942, diary entry written by Bunro Sakaino while he was incarcerated at Fort Sill, Oklahoma.",concentration camps; diaries,"MG 387, George Shihei Shitamae papers, Special Collections and Archives, University of Idaho Library","Transcribed and translated by Naoko Tanabe, 2024-2025, of Densho (densho.org)",Text,application/pdf,jpn,mg387_1_7-1942-05-01,"In copyright, educational use permitted. Educational use includes non-commercial reproduction of text and images in materials for teaching and research purposes. For other contexts beyond fair use, including digital reproduction, please contact the University of Idaho Library Special Collections and Archives Department at libspec@uidaho.edu. The University of Idaho Library is not liable for any violations of the law by users.",http://rightsstatements.org/vocab/InC-EDU/1.0/,letter,mg387_1_7-1942-05-01.pdf,/objects/1942-05-01.md,https://objects.lib.uidaho.edu/sakaino/small/mg387_1_7-1942-05-01_sm.jpg,https://objects.lib.uidaho.edu/sakaino/thumbs/mg387_1_7-1942-05-01_th.jpg,https://objects.lib.uidaho.edu/sakaino/mg387_1_7-1942-05-01.pdf,
sakaino126,sakaino125,"May 1, 1942 entry, page 1",,,,,,,,,"Transcribed and translated by Naoko Tanabe, 2024-2025, of Densho (densho.org)",Text,image/jpeg,jpn,mg387_1_7-072,"In copyright, educational use permitted. Educational use includes non-commercial reproduction of text and images in materials for teaching and research purposes. For other contexts beyond fair use, including digital reproduction, please contact the University of Idaho Library Special Collections and Archives Department at libspec@uidaho.edu. The University of Idaho Library is not liable for any violations of the law by users.",http://rightsstatements.org/vocab/InC-EDU/1.0/,image,mg387_1_7-072.jpg,/objects/mg387_1_7-072c.md,https://objects.lib.uidaho.edu/sakaino/small/mg387_1_7-072_sm.jpg,https://objects.lib.uidaho.edu/sakaino/thumbs/mg387_1_7-072_th.jpg,https://objects.lib.uidaho.edu/sakaino/mg387_1_7-072.jpg,Lined notebook paper with handwritten Japanese text in ink
sakaino127,sakaino125,"May 1, 1942 entry, page 2",,,,,,,,,"Transcribed and translated by Naoko Tanabe, 2024-2025, of Densho (densho.org)",Text,image/jpeg,jpn,mg387_1_7-073,"In copyright, educational use permitted. Educational use includes non-commercial reproduction of text and images in materials for teaching and research purposes. For other contexts beyond fair use, including digital reproduction, please contact the University of Idaho Library Special Collections and Archives Department at libspec@uidaho.edu. The University of Idaho Library is not liable for any violations of the law by users.",http://rightsstatements.org/vocab/InC-EDU/1.0/,image,mg387_1_7-073.jpg,/objects/mg387_1_7-073a.md,https://objects.lib.uidaho.edu/sakaino/small/mg387_1_7-073_sm.jpg,https://objects.lib.uidaho.edu/sakaino/thumbs/mg387_1_7-073_th.jpg,https://objects.lib.uidaho.edu/sakaino/mg387_1_7-073.jpg,Lined notebook paper with handwritten Japanese text in ink
sakaino128,,"May 2, 1942 entry","Sakaino, Bunro","Fort Sill, OK",34.673024,-98.368511,1942-05-02,"May 2, 1942, diary entry written by Bunro Sakaino while he was incarcerated at Fort Sill, Oklahoma.",concentration camps; diaries,"MG 387, George Shihei Shitamae papers, Special Collections and Archives, University of Idaho Library","Transcribed and translated by Naoko Tanabe, 2024-2025, of Densho (densho.org)",Text,application/pdf,jpn,mg387_1_7-1942-05-02,"In copyright, educational use permitted. Educational use includes non-commercial reproduction of text and images in materials for teaching and research purposes. For other contexts beyond fair use, including digital reproduction, please contact the University of Idaho Library Special Collections and Archives Department at libspec@uidaho.edu. The University of Idaho Library is not liable for any violations of the law by users.",http://rightsstatements.org/vocab/InC-EDU/1.0/,letter,mg387_1_7-1942-05-02.pdf,/objects/1942-05-02.md,https://objects.lib.uidaho.edu/sakaino/small/mg387_1_7-1942-05-02_sm.jpg,https://objects.lib.uidaho.edu/sakaino/thumbs/mg387_1_7-1942-05-02_th.jpg,https://objects.lib.uidaho.edu/sakaino/mg387_1_7-1942-05-02.pdf,
sakaino129,sakaino128,"May 2, 1942 entry, page 1",,,,,,,,,"Transcribed and translated by Naoko Tanabe, 2024-2025, of Densho (densho.org)",Text,image/jpeg,jpn,mg387_1_7-073,"In copyright, educational use permitted. Educational use includes non-commercial reproduction of text and images in materials for teaching and research purposes. For other contexts beyond fair use, including digital reproduction, please contact the University of Idaho Library Special Collections and Archives Department at libspec@uidaho.edu. The University of Idaho Library is not liable for any violations of the law by users.",http://rightsstatements.org/vocab/InC-EDU/1.0/,image,mg387_1_7-073.jpg,/objects/mg387_1_7-073b.md,https://objects.lib.uidaho.edu/sakaino/small/mg387_1_7-073_sm.jpg,https://objects.lib.uidaho.edu/sakaino/thumbs/mg387_1_7-073_th.jpg,https://objects.lib.uidaho.edu/sakaino/mg387_1_7-073.jpg,Lined notebook paper with handwritten Japanese text in ink
sakaino130,,"May 3, 1942 entry","Sakaino, Bunro","Fort Sill, OK",34.673024,-98.368511,1942-05-03,"May 3, 1942, diary entry written by Bunro Sakaino while he was incarcerated at Fort Sill, Oklahoma.",concentration camps; diaries,"MG 387, George Shihei Shitamae papers, Special Collections and Archives, University of Idaho Library","Transcribed and translated by Naoko Tanabe, 2024-2025, of Densho (densho.org)",Text,application/pdf,jpn,mg387_1_7-1942-05-03,"In copyright, educational use permitted. Educational use includes non-commercial reproduction of text and images in materials for teaching and research purposes. For other contexts beyond fair use, including digital reproduction, please contact the University of Idaho Library Special Collections and Archives Department at libspec@uidaho.edu. The University of Idaho Library is not liable for any violations of the law by users.",http://rightsstatements.org/vocab/InC-EDU/1.0/,letter,mg387_1_7-1942-05-03.pdf,/objects/1942-05-03.md,https://objects.lib.uidaho.edu/sakaino/small/mg387_1_7-1942-05-03_sm.jpg,https://objects.lib.uidaho.edu/sakaino/thumbs/mg387_1_7-1942-05-03_th.jpg,https://objects.lib.uidaho.edu/sakaino/mg387_1_7-1942-05-03.pdf,
sakaino131,sakaino130,"May 3, 1942 entry, page 1",,,,,,,,,"Transcribed and translated by Naoko Tanabe, 2024-2025, of Densho (densho.org)",Text,image/jpeg,jpn,mg387_1_7-073,"In copyright, educational use permitted. Educational use includes non-commercial reproduction of text and images in materials for teaching and research purposes. For other contexts beyond fair use, including digital reproduction, please contact the University of Idaho Library Special Collections and Archives Department at libspec@uidaho.edu. The University of Idaho Library is not liable for any violations of the law by users.",http://rightsstatements.org/vocab/InC-EDU/1.0/,image,mg387_1_7-073.jpg,/objects/mg387_1_7-073c.md,https://objects.lib.uidaho.edu/sakaino/small/mg387_1_7-073_sm.jpg,https://objects.lib.uidaho.edu/sakaino/thumbs/mg387_1_7-073_th.jpg,https://objects.lib.uidaho.edu/sakaino/mg387_1_7-073.jpg,Lined notebook paper with handwritten Japanese text in ink
sakaino132,sakaino130,"May 3, 1942 entry, page 2",,,,,,,,,"Transcribed and translated by Naoko Tanabe, 2024-2025, of Densho (densho.org)",Text,image/jpeg,jpn,mg387_1_7-074,"In copyright, educational use permitted. Educational use includes non-commercial reproduction of text and images in materials for teaching and research purposes. For other contexts beyond fair use, including digital reproduction, please contact the University of Idaho Library Special Collections and Archives Department at libspec@uidaho.edu. The University of Idaho Library is not liable for any violations of the law by users.",http://rightsstatements.org/vocab/InC-EDU/1.0/,image,mg387_1_7-074.jpg,/objects/mg387_1_7-074.md,https://objects.lib.uidaho.edu/sakaino/small/mg387_1_7-074_sm.jpg,https://objects.lib.uidaho.edu/sakaino/thumbs/mg387_1_7-074_th.jpg,https://objects.lib.uidaho.edu/sakaino/mg387_1_7-074.jpg,Lined notebook paper with handwritten Japanese text in ink
sakaino133,sakaino130,"May 3, 1942 entry, page 3",,,,,,,,,"Transcribed and translated by Naoko Tanabe, 2024-2025, of Densho (densho.org)",Text,image/jpeg,jpn,mg387_1_7-075,"In copyright, educational use permitted. Educational use includes non-commercial reproduction of text and images in materials for teaching and research purposes. For other contexts beyond fair use, including digital reproduction, please contact the University of Idaho Library Special Collections and Archives Department at libspec@uidaho.edu. The University of Idaho Library is not liable for any violations of the law by users.",http://rightsstatements.org/vocab/InC-EDU/1.0/,image,mg387_1_7-075.jpg,/objects/mg387_1_7-075a.md,https://objects.lib.uidaho.edu/sakaino/small/mg387_1_7-075_sm.jpg,https://objects.lib.uidaho.edu/sakaino/thumbs/mg387_1_7-075_th.jpg,https://objects.lib.uidaho.edu/sakaino/mg387_1_7-075.jpg,Lined notebook paper with handwritten Japanese text in ink
sakaino134,,"May 4, 1942 entry","Sakaino, Bunro","Fort Sill, OK",34.673024,-98.368511,1942-05-04,"May 4, 1942, diary entry written by Bunro Sakaino while he was incarcerated at Fort Sill, Oklahoma.",concentration camps; diaries,"MG 387, George Shihei Shitamae papers, Special Collections and Archives, University of Idaho Library","Transcribed and translated by Naoko Tanabe, 2024-2025, of Densho (densho.org)",Text,application/pdf,jpn,mg387_1_7-1942-05-04,"In copyright, educational use permitted. Educational use includes non-commercial reproduction of text and images in materials for teaching and research purposes. For other contexts beyond fair use, including digital reproduction, please contact the University of Idaho Library Special Collections and Archives Department at libspec@uidaho.edu. The University of Idaho Library is not liable for any violations of the law by users.",http://rightsstatements.org/vocab/InC-EDU/1.0/,letter,mg387_1_7-1942-05-04.pdf,/objects/1942-05-04.md,https://objects.lib.uidaho.edu/sakaino/small/mg387_1_7-1942-05-04_sm.jpg,https://objects.lib.uidaho.edu/sakaino/thumbs/mg387_1_7-1942-05-04_th.jpg,https://objects.lib.uidaho.edu/sakaino/mg387_1_7-1942-05-04.pdf,
sakaino135,sakaino134,"May 4, 1942 entry, page 1",,,,,,,,,"Transcribed and translated by Naoko Tanabe, 2024-2025, of Densho (densho.org)",Text,image/jpeg,jpn,mg387_1_7-075,"In copyright, educational use permitted. Educational use includes non-commercial reproduction of text and images in materials for teaching and research purposes. For other contexts beyond fair use, including digital reproduction, please contact the University of Idaho Library Special Collections and Archives Department at libspec@uidaho.edu. The University of Idaho Library is not liable for any violations of the law by users.",http://rightsstatements.org/vocab/InC-EDU/1.0/,image,mg387_1_7-075.jpg,/objects/mg387_1_7-075b.md,https://objects.lib.uidaho.edu/sakaino/small/mg387_1_7-075_sm.jpg,https://objects.lib.uidaho.edu/sakaino/thumbs/mg387_1_7-075_th.jpg,https://objects.lib.uidaho.edu/sakaino/mg387_1_7-075.jpg,Lined notebook paper with handwritten Japanese text in ink
sakaino136,sakaino134,"May 4, 1942 entry, page 2",,,,,,,,,"Transcribed and translated by Naoko Tanabe, 2024-2025, of Densho (densho.org)",Text,image/jpeg,jpn,mg387_1_7-076,"In copyright, educational use permitted. Educational use includes non-commercial reproduction of text and images in materials for teaching and research purposes. For other contexts beyond fair use, including digital reproduction, please contact the University of Idaho Library Special Collections and Archives Department at libspec@uidaho.edu. The University of Idaho Library is not liable for any violations of the law by users.",http://rightsstatements.org/vocab/InC-EDU/1.0/,image,mg387_1_7-076.jpg,/objects/mg387_1_7-076.md,https://objects.lib.uidaho.edu/sakaino/small/mg387_1_7-076_sm.jpg,https://objects.lib.uidaho.edu/sakaino/thumbs/mg387_1_7-076_th.jpg,https://objects.lib.uidaho.edu/sakaino/mg387_1_7-076.jpg,Lined notebook paper with handwritten Japanese text in ink
sakaino137,sakaino134,"May 4, 1942 entry, page 3",,,,,,,,,"Transcribed and translated by Naoko Tanabe, 2024-2025, of Densho (densho.org)",Text,image/jpeg,jpn,mg387_1_7-077,"In copyright, educational use permitted. Educational use includes non-commercial reproduction of text and images in materials for teaching and research purposes. For other contexts beyond fair use, including digital reproduction, please contact the University of Idaho Library Special Collections and Archives Department at libspec@uidaho.edu. The University of Idaho Library is not liable for any violations of the law by users.",http://rightsstatements.org/vocab/InC-EDU/1.0/,image,mg387_1_7-077.jpg,/objects/mg387_1_7-077a.md,https://objects.lib.uidaho.edu/sakaino/small/mg387_1_7-077_sm.jpg,https://objects.lib.uidaho.edu/sakaino/thumbs/mg387_1_7-077_th.jpg,https://objects.lib.uidaho.edu/sakaino/mg387_1_7-077.jpg,Lined notebook paper with handwritten Japanese text in ink
sakaino138,,"May 5, 1942 entry","Sakaino, Bunro","Fort Sill, OK",34.673024,-98.368511,1942-05-05,"May 5, 1942, diary entry written by Bunro Sakaino while he was incarcerated at Fort Sill, Oklahoma.",concentration camps; diaries,"MG 387, George Shihei Shitamae papers, Special Collections and Archives, University of Idaho Library","Transcribed and translated by Naoko Tanabe, 2024-2025, of Densho (densho.org)",Text,application/pdf,jpn,mg387_1_7-1942-05-05,"In copyright, educational use permitted. Educational use includes non-commercial reproduction of text and images in materials for teaching and research purposes. For other contexts beyond fair use, including digital reproduction, please contact the University of Idaho Library Special Collections and Archives Department at libspec@uidaho.edu. The University of Idaho Library is not liable for any violations of the law by users.",http://rightsstatements.org/vocab/InC-EDU/1.0/,letter,mg387_1_7-1942-05-05.pdf,/objects/1942-05-05.md,https://objects.lib.uidaho.edu/sakaino/small/mg387_1_7-1942-05-05_sm.jpg,https://objects.lib.uidaho.edu/sakaino/thumbs/mg387_1_7-1942-05-05_th.jpg,https://objects.lib.uidaho.edu/sakaino/mg387_1_7-1942-05-05.pdf,
sakaino139,sakaino138,"May 5, 1942 entry, page 1",,,,,,,,,"Transcribed and translated by Naoko Tanabe, 2024-2025, of Densho (densho.org)",Text,image/jpeg,jpn,mg387_1_7-077,"In copyright, educational use permitted. Educational use includes non-commercial reproduction of text and images in materials for teaching and research purposes. For other contexts beyond fair use, including digital reproduction, please contact the University of Idaho Library Special Collections and Archives Department at libspec@uidaho.edu. The University of Idaho Library is not liable for any violations of the law by users.",http://rightsstatements.org/vocab/InC-EDU/1.0/,image,mg387_1_7-077.jpg,/objects/mg387_1_7-077b.md,https://objects.lib.uidaho.edu/sakaino/small/mg387_1_7-077_sm.jpg,https://objects.lib.uidaho.edu/sakaino/thumbs/mg387_1_7-077_th.jpg,https://objects.lib.uidaho.edu/sakaino/mg387_1_7-077.jpg,Lined notebook paper with handwritten Japanese text in ink
sakaino140,sakaino138,"May 5, 1942 entry, page 2",,,,,,,,,"Transcribed and translated by Naoko Tanabe, 2024-2025, of Densho (densho.org)",Text,image/jpeg,jpn,mg387_1_7-078,"In copyright, educational use permitted. Educational use includes non-commercial reproduction of text and images in materials for teaching and research purposes. For other contexts beyond fair use, including digital reproduction, please contact the University of Idaho Library Special Collections and Archives Department at libspec@uidaho.edu. The University of Idaho Library is not liable for any violations of the law by users.",http://rightsstatements.org/vocab/InC-EDU/1.0/,image,mg387_1_7-078.jpg,/objects/mg387_1_7-078.md,https://objects.lib.uidaho.edu/sakaino/small/mg387_1_7-078_sm.jpg,https://objects.lib.uidaho.edu/sakaino/thumbs/mg387_1_7-078_th.jpg,https://objects.lib.uidaho.edu/sakaino/mg387_1_7-078.jpg,Lined notebook paper with handwritten Japanese text in ink
sakaino141,sakaino138,"May 5, 1942 entry, page 3",,,,,,,,,"Transcribed and translated by Naoko Tanabe, 2024-2025, of Densho (densho.org)",Text,image/jpeg,jpn,mg387_1_7-079,"In copyright, educational use permitted. Educational use includes non-commercial reproduction of text and images in materials for teaching and research purposes. For other contexts beyond fair use, including digital reproduction, please contact the University of Idaho Library Special Collections and Archives Department at libspec@uidaho.edu. The University of Idaho Library is not liable for any violations of the law by users.",http://rightsstatements.org/vocab/InC-EDU/1.0/,image,mg387_1_7-079.jpg,/objects/mg387_1_7-079.md,https://objects.lib.uidaho.edu/sakaino/small/mg387_1_7-079_sm.jpg,https://objects.lib.uidaho.edu/sakaino/thumbs/mg387_1_7-079_th.jpg,https://objects.lib.uidaho.edu/sakaino/mg387_1_7-079.jpg,Lined notebook paper with handwritten Japanese text in ink
sakaino142,sakaino138,"May 5, 1942 entry, page 4",,,,,,,,,"Transcribed and translated by Naoko Tanabe, 2024-2025, of Densho (densho.org)",Text,image/jpeg,jpn,mg387_1_7-080,"In copyright, educational use permitted. Educational use includes non-commercial reproduction of text and images in materials for teaching and research purposes. For other contexts beyond fair use, including digital reproduction, please contact the University of Idaho Library Special Collections and Archives Department at libspec@uidaho.edu. The University of Idaho Library is not liable for any violations of the law by users.",http://rightsstatements.org/vocab/InC-EDU/1.0/,image,mg387_1_7-080.jpg,/objects/mg387_1_7-080.md,https://objects.lib.uidaho.edu/sakaino/small/mg387_1_7-080_sm.jpg,https://objects.lib.uidaho.edu/sakaino/thumbs/mg387_1_7-080_th.jpg,https://objects.lib.uidaho.edu/sakaino/mg387_1_7-080.jpg,Lined notebook paper with handwritten Japanese text in ink
sakaino143,sakaino138,"May 5, 1942 entry, page 5",,,,,,,,,"Transcribed and translated by Naoko Tanabe, 2024-2025, of Densho (densho.org)",Text,image/jpeg,jpn,mg387_1_7-081,"In copyright, educational use permitted. Educational use includes non-commercial reproduction of text and images in materials for teaching and research purposes. For other contexts beyond fair use, including digital reproduction, please contact the University of Idaho Library Special Collections and Archives Department at libspec@uidaho.edu. The University of Idaho Library is not liable for any violations of the law by users.",http://rightsstatements.org/vocab/InC-EDU/1.0/,image,mg387_1_7-081.jpg,/objects/mg387_1_7-081.md,https://objects.lib.uidaho.edu/sakaino/small/mg387_1_7-081_sm.jpg,https://objects.lib.uidaho.edu/sakaino/thumbs/mg387_1_7-081_th.jpg,https://objects.lib.uidaho.edu/sakaino/mg387_1_7-081.jpg,Lined notebook paper with handwritten Japanese text in ink
sakaino144,sakaino138,"May 5, 1942 entry, page 6",,,,,,,,,"Transcribed and translated by Naoko Tanabe, 2024-2025, of Densho (densho.org)",Text,image/jpeg,jpn,mg387_1_7-082,"In copyright, educational use permitted. Educational use includes non-commercial reproduction of text and images in materials for teaching and research purposes. For other contexts beyond fair use, including digital reproduction, please contact the University of Idaho Library Special Collections and Archives Department at libspec@uidaho.edu. The University of Idaho Library is not liable for any violations of the law by users.",http://rightsstatements.org/vocab/InC-EDU/1.0/,image,mg387_1_7-082.jpg,/objects/mg387_1_7-082.md,https://objects.lib.uidaho.edu/sakaino/small/mg387_1_7-082_sm.jpg,https://objects.lib.uidaho.edu/sakaino/thumbs/mg387_1_7-082_th.jpg,https://objects.lib.uidaho.edu/sakaino/mg387_1_7-082.jpg,Lined notebook paper with handwritten Japanese text in ink
sakaino145,sakaino138,"May 5, 1942 entry, page 7",,,,,,,,,"Transcribed and translated by Naoko Tanabe, 2024-2025, of Densho (densho.org)",Text,image/jpeg,jpn,mg387_1_7-083,"In copyright, educational use permitted. Educational use includes non-commercial reproduction of text and images in materials for teaching and research purposes. For other contexts beyond fair use, including digital reproduction, please contact the University of Idaho Library Special Collections and Archives Department at libspec@uidaho.edu. The University of Idaho Library is not liable for any violations of the law by users.",http://rightsstatements.org/vocab/InC-EDU/1.0/,image,mg387_1_7-083.jpg,/objects/mg387_1_7-083.md,https://objects.lib.uidaho.edu/sakaino/small/mg387_1_7-083_sm.jpg,https://objects.lib.uidaho.edu/sakaino/thumbs/mg387_1_7-083_th.jpg,https://objects.lib.uidaho.edu/sakaino/mg387_1_7-083.jpg,Lined notebook paper with handwritten Japanese text in ink
sakaino146,sakaino138,"May 5, 1942 entry, page 8",,,,,,,,,"Transcribed and translated by Naoko Tanabe, 2024-2025, of Densho (densho.org)",Text,image/jpeg,jpn,mg387_1_7-084,"In copyright, educational use permitted. Educational use includes non-commercial reproduction of text and images in materials for teaching and research purposes. For other contexts beyond fair use, including digital reproduction, please contact the University of Idaho Library Special Collections and Archives Department at libspec@uidaho.edu. The University of Idaho Library is not liable for any violations of the law by users.",http://rightsstatements.org/vocab/InC-EDU/1.0/,image,mg387_1_7-084.jpg,/objects/mg387_1_7-084.md,https://objects.lib.uidaho.edu/sakaino/small/mg387_1_7-084_sm.jpg,https://objects.lib.uidaho.edu/sakaino/thumbs/mg387_1_7-084_th.jpg,https://objects.lib.uidaho.edu/sakaino/mg387_1_7-084.jpg,Lined notebook paper with handwritten Japanese text in ink
sakaino147,sakaino138,"May 5, 1942 entry, page 9",,,,,,,,,"Transcribed and translated by Naoko Tanabe, 2024-2025, of Densho (densho.org)",Text,image/jpeg,jpn,mg387_1_7-085,"In copyright, educational use permitted. Educational use includes non-commercial reproduction of text and images in materials for teaching and research purposes. For other contexts beyond fair use, including digital reproduction, please contact the University of Idaho Library Special Collections and Archives Department at libspec@uidaho.edu. The University of Idaho Library is not liable for any violations of the law by users.",http://rightsstatements.org/vocab/InC-EDU/1.0/,image,mg387_1_7-085.jpg,/objects/mg387_1_7-085a.md,https://objects.lib.uidaho.edu/sakaino/small/mg387_1_7-085_sm.jpg,https://objects.lib.uidaho.edu/sakaino/thumbs/mg387_1_7-085_th.jpg,https://objects.lib.uidaho.edu/sakaino/mg387_1_7-085.jpg,Lined notebook paper with handwritten Japanese text in ink
sakaino148,,"May 6, 1942 entry","Sakaino, Bunro","Fort Sill, OK",34.673024,-98.368511,1942-05-06,"May 6, 1942, diary entry written by Bunro Sakaino while he was incarcerated at Fort Sill, Oklahoma.",concentration camps; diaries,"MG 387, George Shihei Shitamae papers, Special Collections and Archives, University of Idaho Library","Transcribed and translated by Naoko Tanabe, 2024-2025, of Densho (densho.org)",Text,application/pdf,jpn,mg387_1_7-1942-05-06,"In copyright, educational use permitted. Educational use includes non-commercial reproduction of text and images in materials for teaching and research purposes. For other contexts beyond fair use, including digital reproduction, please contact the University of Idaho Library Special Collections and Archives Department at libspec@uidaho.edu. The University of Idaho Library is not liable for any violations of the law by users.",http://rightsstatements.org/vocab/InC-EDU/1.0/,letter,mg387_1_7-1942-05-06.pdf,/objects/1942-05-06.md,https://objects.lib.uidaho.edu/sakaino/small/mg387_1_7-1942-05-06_sm.jpg,https://objects.lib.uidaho.edu/sakaino/thumbs/mg387_1_7-1942-05-06_th.jpg,https://objects.lib.uidaho.edu/sakaino/mg387_1_7-1942-05-06.pdf,
sakaino149,sakaino148,"May 6, 1942 entry, page 1",,,,,,,,,"Transcribed and translated by Naoko Tanabe, 2024-2025, of Densho (densho.org)",Text,image/jpeg,jpn,mg387_1_7-085,"In copyright, educational use permitted. Educational use includes non-commercial reproduction of text and images in materials for teaching and research purposes. For other contexts beyond fair use, including digital reproduction, please contact the University of Idaho Library Special Collections and Archives Department at libspec@uidaho.edu. The University of Idaho Library is not liable for any violations of the law by users.",http://rightsstatements.org/vocab/InC-EDU/1.0/,image,mg387_1_7-085.jpg,/objects/mg387_1_7-085b.md,https://objects.lib.uidaho.edu/sakaino/small/mg387_1_7-085_sm.jpg,https://objects.lib.uidaho.edu/sakaino/thumbs/mg387_1_7-085_th.jpg,https://objects.lib.uidaho.edu/sakaino/mg387_1_7-085.jpg,Lined notebook paper with handwritten Japanese text in ink
sakaino150,sakaino148,"May 6, 1942 entry, page 2",,,,,,,,,"Transcribed and translated by Naoko Tanabe, 2024-2025, of Densho (densho.org)",Text,image/jpeg,jpn,mg387_1_7-086,"In copyright, educational use permitted. Educational use includes non-commercial reproduction of text and images in materials for teaching and research purposes. For other contexts beyond fair use, including digital reproduction, please contact the University of Idaho Library Special Collections and Archives Department at libspec@uidaho.edu. The University of Idaho Library is not liable for any violations of the law by users.",http://rightsstatements.org/vocab/InC-EDU/1.0/,image,mg387_1_7-086.jpg,/objects/mg387_1_7-086a.md,https://objects.lib.uidaho.edu/sakaino/small/mg387_1_7-086_sm.jpg,https://objects.lib.uidaho.edu/sakaino/thumbs/mg387_1_7-086_th.jpg,https://objects.lib.uidaho.edu/sakaino/mg387_1_7-086.jpg,Lined notebook paper with handwritten Japanese text in ink
sakaino151,,"May 7, 1942 entry","Sakaino, Bunro","Fort Sill, OK",34.673024,-98.368511,1942-05-07,"May 7, 1942, diary entry written by Bunro Sakaino while he was incarcerated at Fort Sill, Oklahoma.",concentration camps; diaries,"MG 387, George Shihei Shitamae papers, Special Collections and Archives, University of Idaho Library","Transcribed and translated by Naoko Tanabe, 2024-2025, of Densho (densho.org)",Text,application/pdf,jpn,mg387_1_7-1942-05-07,"In copyright, educational use permitted. Educational use includes non-commercial reproduction of text and images in materials for teaching and research purposes. For other contexts beyond fair use, including digital reproduction, please contact the University of Idaho Library Special Collections and Archives Department at libspec@uidaho.edu. The University of Idaho Library is not liable for any violations of the law by users.",http://rightsstatements.org/vocab/InC-EDU/1.0/,letter,mg387_1_7-1942-05-07.pdf,/objects/1942-05-07.md,https://objects.lib.uidaho.edu/sakaino/small/mg387_1_7-1942-05-07_sm.jpg,https://objects.lib.uidaho.edu/sakaino/thumbs/mg387_1_7-1942-05-07_th.jpg,https://objects.lib.uidaho.edu/sakaino/mg387_1_7-1942-05-07.pdf,
sakaino152,sakaino151,"May 7, 1942 entry, page 1",,,,,,,,,"Transcribed and translated by Naoko Tanabe, 2024-2025, of Densho (densho.org)",Text,image/jpeg,jpn,mg387_1_7-086,"In copyright, educational use permitted. Educational use includes non-commercial reproduction of text and images in materials for teaching and research purposes. For other contexts beyond fair use, including digital reproduction, please contact the University of Idaho Library Special Collections and Archives Department at libspec@uidaho.edu. The University of Idaho Library is not liable for any violations of the law by users.",http://rightsstatements.org/vocab/InC-EDU/1.0/,image,mg387_1_7-086.jpg,/objects/mg387_1_7-086b.md,https://objects.lib.uidaho.edu/sakaino/small/mg387_1_7-086_sm.jpg,https://objects.lib.uidaho.edu/sakaino/thumbs/mg387_1_7-086_th.jpg,https://objects.lib.uidaho.edu/sakaino/mg387_1_7-086.jpg,Lined notebook paper with handwritten Japanese text in ink
sakaino153,sakaino151,"May 7, 1942 entry, page 2",,,,,,,,,"Transcribed and translated by Naoko Tanabe, 2024-2025, of Densho (densho.org)",Text,image/jpeg,jpn,mg387_1_7-087,"In copyright, educational use permitted. Educational use includes non-commercial reproduction of text and images in materials for teaching and research purposes. For other contexts beyond fair use, including digital reproduction, please contact the University of Idaho Library Special Collections and Archives Department at libspec@uidaho.edu. The University of Idaho Library is not liable for any violations of the law by users.",http://rightsstatements.org/vocab/InC-EDU/1.0/,image,mg387_1_7-087.jpg,/objects/mg387_1_7-087.md,https://objects.lib.uidaho.edu/sakaino/small/mg387_1_7-087_sm.jpg,https://objects.lib.uidaho.edu/sakaino/thumbs/mg387_1_7-087_th.jpg,https://objects.lib.uidaho.edu/sakaino/mg387_1_7-087.jpg,Lined notebook paper with handwritten Japanese text in ink
sakaino154,sakaino151,"May 7, 1942 entry, page 3",,,,,,,,,"Transcribed and translated by Naoko Tanabe, 2024-2025, of Densho (densho.org)",Text,image/jpeg,jpn,mg387_1_7-088,"In copyright, educational use permitted. Educational use includes non-commercial reproduction of text and images in materials for teaching and research purposes. For other contexts beyond fair use, including digital reproduction, please contact the University of Idaho Library Special Collections and Archives Department at libspec@uidaho.edu. The University of Idaho Library is not liable for any violations of the law by users.",http://rightsstatements.org/vocab/InC-EDU/1.0/,image,mg387_1_7-088.jpg,/objects/mg387_1_7-088a.md,https://objects.lib.uidaho.edu/sakaino/small/mg387_1_7-088_sm.jpg,https://objects.lib.uidaho.edu/sakaino/thumbs/mg387_1_7-088_th.jpg,https://objects.lib.uidaho.edu/sakaino/mg387_1_7-088.jpg,Lined notebook paper with handwritten Japanese text in ink
sakaino155,,"May 8, 1942 entry","Sakaino, Bunro","Fort Sill, OK",34.673024,-98.368511,1942-05-08,"May 8, 1942, diary entry written by Bunro Sakaino while he was incarcerated at Fort Sill, Oklahoma.",concentration camps; diaries,"MG 387, George Shihei Shitamae papers, Special Collections and Archives, University of Idaho Library","Transcribed and translated by Naoko Tanabe, 2024-2025, of Densho (densho.org)",Text,application/pdf,jpn,mg387_1_7-1942-05-08,"In copyright, educational use permitted. Educational use includes non-commercial reproduction of text and images in materials for teaching and research purposes. For other contexts beyond fair use, including digital reproduction, please contact the University of Idaho Library Special Collections and Archives Department at libspec@uidaho.edu. The University of Idaho Library is not liable for any violations of the law by users.",http://rightsstatements.org/vocab/InC-EDU/1.0/,letter,mg387_1_7-1942-05-08.pdf,/objects/1942-05-08.md,https://objects.lib.uidaho.edu/sakaino/small/mg387_1_7-1942-05-08_sm.jpg,https://objects.lib.uidaho.edu/sakaino/thumbs/mg387_1_7-1942-05-08_th.jpg,https://objects.lib.uidaho.edu/sakaino/mg387_1_7-1942-05-08.pdf,
sakaino156,sakaino155,"May 8, 1942 entry, page 1",,,,,,,,,"Transcribed and translated by Naoko Tanabe, 2024-2025, of Densho (densho.org)",Text,image/jpeg,jpn,mg387_1_7-088,"In copyright, educational use permitted. Educational use includes non-commercial reproduction of text and images in materials for teaching and research purposes. For other contexts beyond fair use, including digital reproduction, please contact the University of Idaho Library Special Collections and Archives Department at libspec@uidaho.edu. The University of Idaho Library is not liable for any violations of the law by users.",http://rightsstatements.org/vocab/InC-EDU/1.0/,image,mg387_1_7-088.jpg,/objects/mg387_1_7-088b.md,https://objects.lib.uidaho.edu/sakaino/small/mg387_1_7-088_sm.jpg,https://objects.lib.uidaho.edu/sakaino/thumbs/mg387_1_7-088_th.jpg,https://objects.lib.uidaho.edu/sakaino/mg387_1_7-088.jpg,Lined notebook paper with handwritten Japanese text in ink
sakaino157,sakaino155,"May 8, 1942 entry, page 2",,,,,,,,,"Transcribed and translated by Naoko Tanabe, 2024-2025, of Densho (densho.org)",Text,image/jpeg,jpn,mg387_1_7-089,"In copyright, educational use permitted. Educational use includes non-commercial reproduction of text and images in materials for teaching and research purposes. For other contexts beyond fair use, including digital reproduction, please contact the University of Idaho Library Special Collections and Archives Department at libspec@uidaho.edu. The University of Idaho Library is not liable for any violations of the law by users.",http://rightsstatements.org/vocab/InC-EDU/1.0/,image,mg387_1_7-089.jpg,/objects/mg387_1_7-089a.md,https://objects.lib.uidaho.edu/sakaino/small/mg387_1_7-089_sm.jpg,https://objects.lib.uidaho.edu/sakaino/thumbs/mg387_1_7-089_th.jpg,https://objects.lib.uidaho.edu/sakaino/mg387_1_7-089.jpg,Lined notebook paper with handwritten Japanese text in ink
sakaino158,,"May 9, 1942 entry","Sakaino, Bunro","Fort Sill, OK",34.673024,-98.368511,1942-05-09,"May 9, 1942, diary entry written by Bunro Sakaino while he was incarcerated at Fort Sill, Oklahoma.",concentration camps; diaries,"MG 387, George Shihei Shitamae papers, Special Collections and Archives, University of Idaho Library","Transcribed and translated by Naoko Tanabe, 2024-2025, of Densho (densho.org)",Text,application/pdf,jpn,mg387_1_7-1942-05-09,"In copyright, educational use permitted. Educational use includes non-commercial reproduction of text and images in materials for teaching and research purposes. For other contexts beyond fair use, including digital reproduction, please contact the University of Idaho Library Special Collections and Archives Department at libspec@uidaho.edu. The University of Idaho Library is not liable for any violations of the law by users.",http://rightsstatements.org/vocab/InC-EDU/1.0/,letter,mg387_1_7-1942-05-09.pdf,/objects/1942-05-09.md,https://objects.lib.uidaho.edu/sakaino/small/mg387_1_7-1942-05-09_sm.jpg,https://objects.lib.uidaho.edu/sakaino/thumbs/mg387_1_7-1942-05-09_th.jpg,https://objects.lib.uidaho.edu/sakaino/mg387_1_7-1942-05-09.pdf,
sakaino159,sakaino158,"May 9, 1942 entry, page 1",,,,,,,,,"Transcribed and translated by Naoko Tanabe, 2024-2025, of Densho (densho.org)",Text,image/jpeg,jpn,mg387_1_7-089,"In copyright, educational use permitted. Educational use includes non-commercial reproduction of text and images in materials for teaching and research purposes. For other contexts beyond fair use, including digital reproduction, please contact the University of Idaho Library Special Collections and Archives Department at libspec@uidaho.edu. The University of Idaho Library is not liable for any violations of the law by users.",http://rightsstatements.org/vocab/InC-EDU/1.0/,image,mg387_1_7-089.jpg,/objects/mg387_1_7-089b.md,https://objects.lib.uidaho.edu/sakaino/small/mg387_1_7-089_sm.jpg,https://objects.lib.uidaho.edu/sakaino/thumbs/mg387_1_7-089_th.jpg,https://objects.lib.uidaho.edu/sakaino/mg387_1_7-089.jpg,Lined notebook paper with handwritten Japanese text in ink
sakaino160,sakaino158,"May 9, 1942 entry, page 2",,,,,,,,,"Transcribed and translated by Naoko Tanabe, 2024-2025, of Densho (densho.org)",Text,image/jpeg,jpn,mg387_1_7-090,"In copyright, educational use permitted. Educational use includes non-commercial reproduction of text and images in materials for teaching and research purposes. For other contexts beyond fair use, including digital reproduction, please contact the University of Idaho Library Special Collections and Archives Department at libspec@uidaho.edu. The University of Idaho Library is not liable for any violations of the law by users.",http://rightsstatements.org/vocab/InC-EDU/1.0/,image,mg387_1_7-090.jpg,/objects/mg387_1_7-090.md,https://objects.lib.uidaho.edu/sakaino/small/mg387_1_7-090_sm.jpg,https://objects.lib.uidaho.edu/sakaino/thumbs/mg387_1_7-090_th.jpg,https://objects.lib.uidaho.edu/sakaino/mg387_1_7-090.jpg,Lined notebook paper with handwritten Japanese text in ink
sakaino161,sakaino158,"May 9, 1942 entry, page 3",,,,,,,,,"Transcribed and translated by Naoko Tanabe, 2024-2025, of Densho (densho.org)",Text,image/jpeg,jpn,mg387_1_7-091,"In copyright, educational use permitted. Educational use includes non-commercial reproduction of text and images in materials for teaching and research purposes. For other contexts beyond fair use, including digital reproduction, please contact the University of Idaho Library Special Collections and Archives Department at libspec@uidaho.edu. The University of Idaho Library is not liable for any violations of the law by users.",http://rightsstatements.org/vocab/InC-EDU/1.0/,image,mg387_1_7-091.jpg,/objects/mg387_1_7-091a.md,https://objects.lib.uidaho.edu/sakaino/small/mg387_1_7-091_sm.jpg,https://objects.lib.uidaho.edu/sakaino/thumbs/mg387_1_7-091_th.jpg,https://objects.lib.uidaho.edu/sakaino/mg387_1_7-091.jpg,Lined notebook paper with handwritten Japanese text in ink
sakaino162,,"May 10, 1942 entry","Sakaino, Bunro","Fort Sill, OK",34.673024,-98.368511,1942-05-10,"May 10, 1942, diary entry written by Bunro Sakaino while he was incarcerated at Fort Sill, Oklahoma.",concentration camps; diaries,"MG 387, George Shihei Shitamae papers, Special Collections and Archives, University of Idaho Library","Transcribed and translated by Naoko Tanabe, 2024-2025, of Densho (densho.org)",Text,application/pdf,jpn,mg387_1_7-1942-05-10,"In copyright, educational use permitted. Educational use includes non-commercial reproduction of text and images in materials for teaching and research purposes. For other contexts beyond fair use, including digital reproduction, please contact the University of Idaho Library Special Collections and Archives Department at libspec@uidaho.edu. The University of Idaho Library is not liable for any violations of the law by users.",http://rightsstatements.org/vocab/InC-EDU/1.0/,letter,mg387_1_7-1942-05-10.pdf,/objects/1942-05-10.md,https://objects.lib.uidaho.edu/sakaino/small/mg387_1_7-1942-05-10_sm.jpg,https://objects.lib.uidaho.edu/sakaino/thumbs/mg387_1_7-1942-05-10_th.jpg,https://objects.lib.uidaho.edu/sakaino/mg387_1_7-1942-05-10.pdf,
sakaino163,sakaino162,"May 10, 1942 entry, page 1",,,,,,,,,"Transcribed and translated by Naoko Tanabe, 2024-2025, of Densho (densho.org)",Text,image/jpeg,jpn,mg387_1_7-091,"In copyright, educational use permitted. Educational use includes non-commercial reproduction of text and images in materials for teaching and research purposes. For other contexts beyond fair use, including digital reproduction, please contact the University of Idaho Library Special Collections and Archives Department at libspec@uidaho.edu. The University of Idaho Library is not liable for any violations of the law by users.",http://rightsstatements.org/vocab/InC-EDU/1.0/,image,mg387_1_7-091.jpg,/objects/mg387_1_7-091b.md,https://objects.lib.uidaho.edu/sakaino/small/mg387_1_7-091_sm.jpg,https://objects.lib.uidaho.edu/sakaino/thumbs/mg387_1_7-091_th.jpg,https://objects.lib.uidaho.edu/sakaino/mg387_1_7-091.jpg,Lined notebook paper with handwritten Japanese text in ink
sakaino164,sakaino162,"May 10, 1942 entry, page 2",,,,,,,,,"Transcribed and translated by Naoko Tanabe, 2024-2025, of Densho (densho.org)",Text,image/jpeg,jpn,mg387_1_7-092,"In copyright, educational use permitted. Educational use includes non-commercial reproduction of text and images in materials for teaching and research purposes. For other contexts beyond fair use, including digital reproduction, please contact the University of Idaho Library Special Collections and Archives Department at libspec@uidaho.edu. The University of Idaho Library is not liable for any violations of the law by users.",http://rightsstatements.org/vocab/InC-EDU/1.0/,image,mg387_1_7-092.jpg,/objects/mg387_1_7-092a.md,https://objects.lib.uidaho.edu/sakaino/small/mg387_1_7-092_sm.jpg,https://objects.lib.uidaho.edu/sakaino/thumbs/mg387_1_7-092_th.jpg,https://objects.lib.uidaho.edu/sakaino/mg387_1_7-092.jpg,Lined notebook paper with handwritten Japanese text in ink
sakaino165,,"May 12, 1942 entry","Sakaino, Bunro","Fort Sill, OK",34.673024,-98.368511,1942-05-12,"May 12, 1942, diary entry written by Bunro Sakaino while he was incarcerated at Fort Sill, Oklahoma.",concentration camps; diaries,"MG 387, George Shihei Shitamae papers, Special Collections and Archives, University of Idaho Library","Transcribed and translated by Naoko Tanabe, 2024-2025, of Densho (densho.org)",Text,application/pdf,jpn,mg387_1_7-1942-05-12,"In copyright, educational use permitted. Educational use includes non-commercial reproduction of text and images in materials for teaching and research purposes. For other contexts beyond fair use, including digital reproduction, please contact the University of Idaho Library Special Collections and Archives Department at libspec@uidaho.edu. The University of Idaho Library is not liable for any violations of the law by users.",http://rightsstatements.org/vocab/InC-EDU/1.0/,letter,mg387_1_7-1942-05-12.pdf,/objects/1942-05-12.md,https://objects.lib.uidaho.edu/sakaino/small/mg387_1_7-1942-05-12_sm.jpg,https://objects.lib.uidaho.edu/sakaino/thumbs/mg387_1_7-1942-05-12_th.jpg,https://objects.lib.uidaho.edu/sakaino/mg387_1_7-1942-05-12.pdf,
sakaino166,sakaino165,"May 12, 1942 entry, page 1",,,,,,,,,"Transcribed and translated by Naoko Tanabe, 2024-2025, of Densho (densho.org)",Text,image/jpeg,jpn,mg387_1_7-092,"In copyright, educational use permitted. Educational use includes non-commercial reproduction of text and images in materials for teaching and research purposes. For other contexts beyond fair use, including digital reproduction, please contact the University of Idaho Library Special Collections and Archives Department at libspec@uidaho.edu. The University of Idaho Library is not liable for any violations of the law by users.",http://rightsstatements.org/vocab/InC-EDU/1.0/,image,mg387_1_7-092.jpg,/objects/mg387_1_7-092b.md,https://objects.lib.uidaho.edu/sakaino/small/mg387_1_7-092_sm.jpg,https://objects.lib.uidaho.edu/sakaino/thumbs/mg387_1_7-092_th.jpg,https://objects.lib.uidaho.edu/sakaino/mg387_1_7-092.jpg,Lined notebook paper with handwritten Japanese text in ink
sakaino167,sakaino165,"May 12, 1942 entry, page 2",,,,,,,,,"Transcribed and translated by Naoko Tanabe, 2024-2025, of Densho (densho.org)",Text,image/jpeg,jpn,mg387_1_7-093,"In copyright, educational use permitted. Educational use includes non-commercial reproduction of text and images in materials for teaching and research purposes. For other contexts beyond fair use, including digital reproduction, please contact the University of Idaho Library Special Collections and Archives Department at libspec@uidaho.edu. The University of Idaho Library is not liable for any violations of the law by users.",http://rightsstatements.org/vocab/InC-EDU/1.0/,image,mg387_1_7-093.jpg,/objects/mg387_1_7-093a.md,https://objects.lib.uidaho.edu/sakaino/small/mg387_1_7-093_sm.jpg,https://objects.lib.uidaho.edu/sakaino/thumbs/mg387_1_7-093_th.jpg,https://objects.lib.uidaho.edu/sakaino/mg387_1_7-093.jpg,Lined notebook paper with handwritten Japanese text in ink
sakaino168,,"May 13, 1942 entry","Sakaino, Bunro","Fort Sill, OK",34.673024,-98.368511,1942-05-13,"May 13, 1942, diary entry written by Bunro Sakaino while he was incarcerated at Fort Sill, Oklahoma.",concentration camps; diaries,"MG 387, George Shihei Shitamae papers, Special Collections and Archives, University of Idaho Library","Transcribed and translated by Naoko Tanabe, 2024-2025, of Densho (densho.org)",Text,application/pdf,jpn,mg387_1_7-1942-05-13,"In copyright, educational use permitted. Educational use includes non-commercial reproduction of text and images in materials for teaching and research purposes. For other contexts beyond fair use, including digital reproduction, please contact the University of Idaho Library Special Collections and Archives Department at libspec@uidaho.edu. The University of Idaho Library is not liable for any violations of the law by users.",http://rightsstatements.org/vocab/InC-EDU/1.0/,letter,mg387_1_7-1942-05-13.pdf,/objects/1942-05-13.md,https://objects.lib.uidaho.edu/sakaino/small/mg387_1_7-1942-05-13_sm.jpg,https://objects.lib.uidaho.edu/sakaino/thumbs/mg387_1_7-1942-05-13_th.jpg,https://objects.lib.uidaho.edu/sakaino/mg387_1_7-1942-05-13.pdf,
sakaino169,sakaino168,"May 13, 1942 entry, page 1",,,,,,,,,"Transcribed and translated by Naoko Tanabe, 2024-2025, of Densho (densho.org)",Text,image/jpeg,jpn,mg387_1_7-093,"In copyright, educational use permitted. Educational use includes non-commercial reproduction of text and images in materials for teaching and research purposes. For other contexts beyond fair use, including digital reproduction, please contact the University of Idaho Library Special Collections and Archives Department at libspec@uidaho.edu. The University of Idaho Library is not liable for any violations of the law by users.",http://rightsstatements.org/vocab/InC-EDU/1.0/,image,mg387_1_7-093.jpg,/objects/mg387_1_7-093b.md,https://objects.lib.uidaho.edu/sakaino/small/mg387_1_7-093_sm.jpg,https://objects.lib.uidaho.edu/sakaino/thumbs/mg387_1_7-093_th.jpg,https://objects.lib.uidaho.edu/sakaino/mg387_1_7-093.jpg,Lined notebook paper with handwritten Japanese text in ink
sakaino170,sakaino168,"May 13, 1942 entry, page 2",,,,,,,,,"Transcribed and translated by Naoko Tanabe, 2024-2025, of Densho (densho.org)",Text,image/jpeg,jpn,mg387_1_7-094,"In copyright, educational use permitted. Educational use includes non-commercial reproduction of text and images in materials for teaching and research purposes. For other contexts beyond fair use, including digital reproduction, please contact the University of Idaho Library Special Collections and Archives Department at libspec@uidaho.edu. The University of Idaho Library is not liable for any violations of the law by users.",http://rightsstatements.org/vocab/InC-EDU/1.0/,image,mg387_1_7-094.jpg,/objects/mg387_1_7-094.md,https://objects.lib.uidaho.edu/sakaino/small/mg387_1_7-094_sm.jpg,https://objects.lib.uidaho.edu/sakaino/thumbs/mg387_1_7-094_th.jpg,https://objects.lib.uidaho.edu/sakaino/mg387_1_7-094.jpg,Lined notebook paper with handwritten Japanese text in ink
sakaino171,sakaino168,"May 13, 1942 entry, page 3",,,,,,,,,"Transcribed and translated by Naoko Tanabe, 2024-2025, of Densho (densho.org)",Text,image/jpeg,jpn,mg387_1_7-095,"In copyright, educational use permitted. Educational use includes non-commercial reproduction of text and images in materials for teaching and research purposes. For other contexts beyond fair use, including digital reproduction, please contact the University of Idaho Library Special Collections and Archives Department at libspec@uidaho.edu. The University of Idaho Library is not liable for any violations of the law by users.",http://rightsstatements.org/vocab/InC-EDU/1.0/,image,mg387_1_7-095.jpg,/objects/mg387_1_7-095a.md,https://objects.lib.uidaho.edu/sakaino/small/mg387_1_7-095_sm.jpg,https://objects.lib.uidaho.edu/sakaino/thumbs/mg387_1_7-095_th.jpg,https://objects.lib.uidaho.edu/sakaino/mg387_1_7-095.jpg,Lined notebook paper with handwritten Japanese text in ink
sakaino172,,"May 15, 1942 entry","Sakaino, Bunro","Fort Sill, OK",34.673024,-98.368511,1942-05-15,"May 15, 1942, diary entry written by Bunro Sakaino while he was incarcerated at Fort Sill, Oklahoma.",concentration camps; diaries,"MG 387, George Shihei Shitamae papers, Special Collections and Archives, University of Idaho Library","Transcribed and translated by Naoko Tanabe, 2024-2025, of Densho (densho.org)",Text,application/pdf,jpn,mg387_1_7-1942-05-15,"In copyright, educational use permitted. Educational use includes non-commercial reproduction of text and images in materials for teaching and research purposes. For other contexts beyond fair use, including digital reproduction, please contact the University of Idaho Library Special Collections and Archives Department at libspec@uidaho.edu. The University of Idaho Library is not liable for any violations of the law by users.",http://rightsstatements.org/vocab/InC-EDU/1.0/,letter,mg387_1_7-1942-05-15.pdf,/objects/1942-05-15.md,https://objects.lib.uidaho.edu/sakaino/small/mg387_1_7-1942-05-15_sm.jpg,https://objects.lib.uidaho.edu/sakaino/thumbs/mg387_1_7-1942-05-15_th.jpg,https://objects.lib.uidaho.edu/sakaino/mg387_1_7-1942-05-15.pdf,
sakaino173,sakaino172,"May 15, 1942 entry, page 1",,,,,,,,,"Transcribed and translated by Naoko Tanabe, 2024-2025, of Densho (densho.org)",Text,image/jpeg,jpn,mg387_1_7-095,"In copyright, educational use permitted. Educational use includes non-commercial reproduction of text and images in materials for teaching and research purposes. For other contexts beyond fair use, including digital reproduction, please contact the University of Idaho Library Special Collections and Archives Department at libspec@uidaho.edu. The University of Idaho Library is not liable for any violations of the law by users.",http://rightsstatements.org/vocab/InC-EDU/1.0/,image,mg387_1_7-095.jpg,/objects/mg387_1_7-095b.md,https://objects.lib.uidaho.edu/sakaino/small/mg387_1_7-095_sm.jpg,https://objects.lib.uidaho.edu/sakaino/thumbs/mg387_1_7-095_th.jpg,https://objects.lib.uidaho.edu/sakaino/mg387_1_7-095.jpg,Lined notebook paper with handwritten Japanese text in ink
sakaino174,sakaino172,"May 15, 1942 entry, page 2",,,,,,,,,"Transcribed and translated by Naoko Tanabe, 2024-2025, of Densho (densho.org)",Text,image/jpeg,jpn,mg387_1_7-096,"In copyright, educational use permitted. Educational use includes non-commercial reproduction of text and images in materials for teaching and research purposes. For other contexts beyond fair use, including digital reproduction, please contact the University of Idaho Library Special Collections and Archives Department at libspec@uidaho.edu. The University of Idaho Library is not liable for any violations of the law by users.",http://rightsstatements.org/vocab/InC-EDU/1.0/,image,mg387_1_7-096.jpg,/objects/mg387_1_7-096a.md,https://objects.lib.uidaho.edu/sakaino/small/mg387_1_7-096_sm.jpg,https://objects.lib.uidaho.edu/sakaino/thumbs/mg387_1_7-096_th.jpg,https://objects.lib.uidaho.edu/sakaino/mg387_1_7-096.jpg,Lined notebook paper with handwritten Japanese text in ink
sakaino175,,June 1942 entry,"Sakaino, Bunro","Camp Livingston, LA",31.442945,-92.375467,1942-06,"June 1942 diary entry written by Bunro Sakaino about his transfer from Fort Sill, Oklahoma, to Camp Livingston, near Pineville, Louisiana.",concentration camps; diaries,"MG 387, George Shihei Shitamae papers, Special Collections and Archives, University of Idaho Library","Transcribed and translated by Naoko Tanabe, 2024-2025, of Densho (densho.org)",Text,application/pdf,jpn,mg387_1_7-1942-06,"In copyright, educational use permitted. Educational use includes non-commercial reproduction of text and images in materials for teaching and research purposes. For other contexts beyond fair use, including digital reproduction, please contact the University of Idaho Library Special Collections and Archives Department at libspec@uidaho.edu. The University of Idaho Library is not liable for any violations of the law by users.",http://rightsstatements.org/vocab/InC-EDU/1.0/,letter,mg387_1_7-1942-06.pdf,/objects/1942-06-19.md,https://objects.lib.uidaho.edu/sakaino/small/mg387_1_7-1942-06_sm.jpg,https://objects.lib.uidaho.edu/sakaino/thumbs/mg387_1_7-1942-06_th.jpg,https://objects.lib.uidaho.edu/sakaino/mg387_1_7-1942-06.pdf,
sakaino176,sakaino175,"June 1942 entry, page 1",,,,,,,,,"Transcribed and translated by Naoko Tanabe, 2024-2025, of Densho (densho.org)",Text,image/jpeg,jpn,mg387_1_7-096,"In copyright, educational use permitted. Educational use includes non-commercial reproduction of text and images in materials for teaching and research purposes. For other contexts beyond fair use, including digital reproduction, please contact the University of Idaho Library Special Collections and Archives Department at libspec@uidaho.edu. The University of Idaho Library is not liable for any violations of the law by users.",http://rightsstatements.org/vocab/InC-EDU/1.0/,image,mg387_1_7-096.jpg,/objects/mg387_1_7-096a.md,https://objects.lib.uidaho.edu/sakaino/small/mg387_1_7-096_sm.jpg,https://objects.lib.uidaho.edu/sakaino/thumbs/mg387_1_7-096_th.jpg,https://objects.lib.uidaho.edu/sakaino/mg387_1_7-096.jpg,Lined notebook paper with handwritten Japanese text in ink
sakaino177,sakaino175,"June 1942 entry, page 2",,,,,,,,,"Transcribed and translated by Naoko Tanabe, 2024-2025, of Densho (densho.org)",Text,image/jpeg,jpn,mg387_1_7-097,"In copyright, educational use permitted. Educational use includes non-commercial reproduction of text and images in materials for teaching and research purposes. For other contexts beyond fair use, including digital reproduction, please contact the University of Idaho Library Special Collections and Archives Department at libspec@uidaho.edu. The University of Idaho Library is not liable for any violations of the law by users.",http://rightsstatements.org/vocab/InC-EDU/1.0/,image,mg387_1_7-097.jpg,/objects/mg387_1_7-097.md,https://objects.lib.uidaho.edu/sakaino/small/mg387_1_7-097_sm.jpg,https://objects.lib.uidaho.edu/sakaino/thumbs/mg387_1_7-097_th.jpg,https://objects.lib.uidaho.edu/sakaino/mg387_1_7-097.jpg,Lined notebook paper with handwritten Japanese text in ink
sakaino178,sakaino175,"June 1942 entry, page 3",,,,,,,,,"Transcribed and translated by Naoko Tanabe, 2024-2025, of Densho (densho.org)",Text,image/jpeg,jpn,mg387_1_7-098,"In copyright, educational use permitted. Educational use includes non-commercial reproduction of text and images in materials for teaching and research purposes. For other contexts beyond fair use, including digital reproduction, please contact the University of Idaho Library Special Collections and Archives Department at libspec@uidaho.edu. The University of Idaho Library is not liable for any violations of the law by users.",http://rightsstatements.org/vocab/InC-EDU/1.0/,image,mg387_1_7-098.jpg,/objects/mg387_1_7-098.md,https://objects.lib.uidaho.edu/sakaino/small/mg387_1_7-098_sm.jpg,https://objects.lib.uidaho.edu/sakaino/thumbs/mg387_1_7-098_th.jpg,https://objects.lib.uidaho.edu/sakaino/mg387_1_7-098.jpg,Lined notebook paper with handwritten Japanese text in ink
sakaino179,sakaino175,"June 1942 entry, page 4",,,,,,,,,"Transcribed and translated by Naoko Tanabe, 2024-2025, of Densho (densho.org)",Text,image/jpeg,jpn,mg387_1_7-099,"In copyright, educational use permitted. Educational use includes non-commercial reproduction of text and images in materials for teaching and research purposes. For other contexts beyond fair use, including digital reproduction, please contact the University of Idaho Library Special Collections and Archives Department at libspec@uidaho.edu. The University of Idaho Library is not liable for any violations of the law by users.",http://rightsstatements.org/vocab/InC-EDU/1.0/,image,mg387_1_7-099.jpg,/objects/mg387_1_7-099.md,https://objects.lib.uidaho.edu/sakaino/small/mg387_1_7-099_sm.jpg,https://objects.lib.uidaho.edu/sakaino/thumbs/mg387_1_7-099_th.jpg,https://objects.lib.uidaho.edu/sakaino/mg387_1_7-099.jpg,Lined notebook paper with handwritten Japanese text in ink
sakaino180,sakaino175,"June 1942 entry, page 5",,,,,,,,,"Transcribed and translated by Naoko Tanabe, 2024-2025, of Densho (densho.org)",Text,image/jpeg,jpn,mg387_1_7-100,"In copyright, educational use permitted. Educational use includes non-commercial reproduction of text and images in materials for teaching and research purposes. For other contexts beyond fair use, including digital reproduction, please contact the University of Idaho Library Special Collections and Archives Department at libspec@uidaho.edu. The University of Idaho Library is not liable for any violations of the law by users.",http://rightsstatements.org/vocab/InC-EDU/1.0/,image,mg387_1_7-100.jpg,/objects/mg387_1_7-100.md,https://objects.lib.uidaho.edu/sakaino/small/mg387_1_7-100_sm.jpg,https://objects.lib.uidaho.edu/sakaino/thumbs/mg387_1_7-100_th.jpg,https://objects.lib.uidaho.edu/sakaino/mg387_1_7-100.jpg,Lined notebook paper with handwritten Japanese text in ink
sakaino181,sakaino175,"June 1942 entry, page 6",,,,,,,,,"Transcribed and translated by Naoko Tanabe, 2024-2025, of Densho (densho.org)",Text,image/jpeg,jpn,mg387_1_7-101,"In copyright, educational use permitted. Educational use includes non-commercial reproduction of text and images in materials for teaching and research purposes. For other contexts beyond fair use, including digital reproduction, please contact the University of Idaho Library Special Collections and Archives Department at libspec@uidaho.edu. The University of Idaho Library is not liable for any violations of the law by users.",http://rightsstatements.org/vocab/InC-EDU/1.0/,image,mg387_1_7-101.jpg,/objects/mg387_1_7-101.md,https://objects.lib.uidaho.edu/sakaino/small/mg387_1_7-101_sm.jpg,https://objects.lib.uidaho.edu/sakaino/thumbs/mg387_1_7-101_th.jpg,https://objects.lib.uidaho.edu/sakaino/mg387_1_7-101.jpg,Lined notebook paper with handwritten Japanese text in ink
sakaino182,sakaino175,"June 1942 entry, page 7",,,,,,,,,"Transcribed and translated by Naoko Tanabe, 2024-2025, of Densho (densho.org)",Text,image/jpeg,jpn,mg387_1_7-102,"In copyright, educational use permitted. Educational use includes non-commercial reproduction of text and images in materials for teaching and research purposes. For other contexts beyond fair use, including digital reproduction, please contact the University of Idaho Library Special Collections and Archives Department at libspec@uidaho.edu. The University of Idaho Library is not liable for any violations of the law by users.",http://rightsstatements.org/vocab/InC-EDU/1.0/,image,mg387_1_7-102.jpg,/objects/mg387_1_7-102.md,https://objects.lib.uidaho.edu/sakaino/small/mg387_1_7-102_sm.jpg,https://objects.lib.uidaho.edu/sakaino/thumbs/mg387_1_7-102_th.jpg,https://objects.lib.uidaho.edu/sakaino/mg387_1_7-102.jpg,Lined notebook paper with handwritten Japanese text in ink
sakaino183,sakaino175,"June 1942 entry, page 8",,,,,,,,,"Transcribed and translated by Naoko Tanabe, 2024-2025, of Densho (densho.org)",Text,image/jpeg,jpn,mg387_1_7-103,"In copyright, educational use permitted. Educational use includes non-commercial reproduction of text and images in materials for teaching and research purposes. For other contexts beyond fair use, including digital reproduction, please contact the University of Idaho Library Special Collections and Archives Department at libspec@uidaho.edu. The University of Idaho Library is not liable for any violations of the law by users.",http://rightsstatements.org/vocab/InC-EDU/1.0/,image,mg387_1_7-103.jpg,/objects/mg387_1_7-103.md,https://objects.lib.uidaho.edu/sakaino/small/mg387_1_7-103_sm.jpg,https://objects.lib.uidaho.edu/sakaino/thumbs/mg387_1_7-103_th.jpg,https://objects.lib.uidaho.edu/sakaino/mg387_1_7-103.jpg,Lined notebook paper with handwritten Japanese text in ink
sakaino184,sakaino175,"June 1942 entry, page 9",,,,,,,,,"Transcribed and translated by Naoko Tanabe, 2024-2025, of Densho (densho.org)",Text,image/jpeg,jpn,mg387_1_7-104,"In copyright, educational use permitted. Educational use includes non-commercial reproduction of text and images in materials for teaching and research purposes. For other contexts beyond fair use, including digital reproduction, please contact the University of Idaho Library Special Collections and Archives Department at libspec@uidaho.edu. The University of Idaho Library is not liable for any violations of the law by users.",http://rightsstatements.org/vocab/InC-EDU/1.0/,image,mg387_1_7-104.jpg,/objects/mg387_1_7-104.md,https://objects.lib.uidaho.edu/sakaino/small/mg387_1_7-104_sm.jpg,https://objects.lib.uidaho.edu/sakaino/thumbs/mg387_1_7-104_th.jpg,https://objects.lib.uidaho.edu/sakaino/mg387_1_7-104.jpg,Lined notebook paper with handwritten Japanese text in ink
sakaino185,sakaino175,"June 1942 entry, page 10",,,,,,,,,"Transcribed and translated by Naoko Tanabe, 2024-2025, of Densho (densho.org)",Text,image/jpeg,jpn,mg387_1_7-105,"In copyright, educational use permitted. Educational use includes non-commercial reproduction of text and images in materials for teaching and research purposes. For other contexts beyond fair use, including digital reproduction, please contact the University of Idaho Library Special Collections and Archives Department at libspec@uidaho.edu. The University of Idaho Library is not liable for any violations of the law by users.",http://rightsstatements.org/vocab/InC-EDU/1.0/,image,mg387_1_7-105.jpg,/objects/mg387_1_7-105.md,https://objects.lib.uidaho.edu/sakaino/small/mg387_1_7-105_sm.jpg,https://objects.lib.uidaho.edu/sakaino/thumbs/mg387_1_7-105_th.jpg,https://objects.lib.uidaho.edu/sakaino/mg387_1_7-105.jpg,Lined notebook paper with handwritten Japanese text in ink
sakaino186,sakaino175,"June 1942 entry, page 11",,,,,,,,,"Transcribed and translated by Naoko Tanabe, 2024-2025, of Densho (densho.org)",Text,image/jpeg,jpn,mg387_1_7-106,"In copyright, educational use permitted. Educational use includes non-commercial reproduction of text and images in materials for teaching and research purposes. For other contexts beyond fair use, including digital reproduction, please contact the University of Idaho Library Special Collections and Archives Department at libspec@uidaho.edu. The University of Idaho Library is not liable for any violations of the law by users.",http://rightsstatements.org/vocab/InC-EDU/1.0/,image,mg387_1_7-106.jpg,/objects/mg387_1_7-106.md,https://objects.lib.uidaho.edu/sakaino/small/mg387_1_7-106_sm.jpg,https://objects.lib.uidaho.edu/sakaino/thumbs/mg387_1_7-106_th.jpg,https://objects.lib.uidaho.edu/sakaino/mg387_1_7-106.jpg,Lined notebook paper with handwritten Japanese text in ink
sakaino187,sakaino175,"June 1942 entry, page 12",,,,,,,,,"Transcribed and translated by Naoko Tanabe, 2024-2025, of Densho (densho.org)",Text,image/jpeg,jpn,mg387_1_7-107,"In copyright, educational use permitted. Educational use includes non-commercial reproduction of text and images in materials for teaching and research purposes. For other contexts beyond fair use, including digital reproduction, please contact the University of Idaho Library Special Collections and Archives Department at libspec@uidaho.edu. The University of Idaho Library is not liable for any violations of the law by users.",http://rightsstatements.org/vocab/InC-EDU/1.0/,image,mg387_1_7-107.jpg,/objects/mg387_1_7-107.md,https://objects.lib.uidaho.edu/sakaino/small/mg387_1_7-107_sm.jpg,https://objects.lib.uidaho.edu/sakaino/thumbs/mg387_1_7-107_th.jpg,https://objects.lib.uidaho.edu/sakaino/mg387_1_7-107.jpg,Lined notebook paper with handwritten Japanese text in ink
sakaino188,sakaino175,"June 1942 entry, page 13",,,,,,,,,"Transcribed and translated by Naoko Tanabe, 2024-2025, of Densho (densho.org)",Text,image/jpeg,jpn,mg387_1_7-108,"In copyright, educational use permitted. Educational use includes non-commercial reproduction of text and images in materials for teaching and research purposes. For other contexts beyond fair use, including digital reproduction, please contact the University of Idaho Library Special Collections and Archives Department at libspec@uidaho.edu. The University of Idaho Library is not liable for any violations of the law by users.",http://rightsstatements.org/vocab/InC-EDU/1.0/,image,mg387_1_7-108.jpg,/objects/mg387_1_7-108.md,https://objects.lib.uidaho.edu/sakaino/small/mg387_1_7-108_sm.jpg,https://objects.lib.uidaho.edu/sakaino/thumbs/mg387_1_7-108_th.jpg,https://objects.lib.uidaho.edu/sakaino/mg387_1_7-108.jpg,Lined notebook paper with handwritten Japanese text in ink
sakaino189,sakaino175,"June 1942 entry, page 14",,,,,,,,,"Transcribed and translated by Naoko Tanabe, 2024-2025, of Densho (densho.org)",Text,image/jpeg,jpn,mg387_1_7-109,"In copyright, educational use permitted. Educational use includes non-commercial reproduction of text and images in materials for teaching and research purposes. For other contexts beyond fair use, including digital reproduction, please contact the University of Idaho Library Special Collections and Archives Department at libspec@uidaho.edu. The University of Idaho Library is not liable for any violations of the law by users.",http://rightsstatements.org/vocab/InC-EDU/1.0/,image,mg387_1_7-109.jpg,/objects/mg387_1_7-109.md,https://objects.lib.uidaho.edu/sakaino/small/mg387_1_7-109_sm.jpg,https://objects.lib.uidaho.edu/sakaino/thumbs/mg387_1_7-109_th.jpg,https://objects.lib.uidaho.edu/sakaino/mg387_1_7-109.jpg,Lined notebook paper with handwritten Japanese text in ink
sakaino190,sakaino175,"June 1942 entry, page 15",,,,,,,,,"Transcribed and translated by Naoko Tanabe, 2024-2025, of Densho (densho.org)",Text,image/jpeg,jpn,mg387_1_7-110,"In copyright, educational use permitted. Educational use includes non-commercial reproduction of text and images in materials for teaching and research purposes. For other contexts beyond fair use, including digital reproduction, please contact the University of Idaho Library Special Collections and Archives Department at libspec@uidaho.edu. The University of Idaho Library is not liable for any violations of the law by users.",http://rightsstatements.org/vocab/InC-EDU/1.0/,image,mg387_1_7-110.jpg,/objects/mg387_1_7-110.md,https://objects.lib.uidaho.edu/sakaino/small/mg387_1_7-110_sm.jpg,https://objects.lib.uidaho.edu/sakaino/thumbs/mg387_1_7-110_th.jpg,https://objects.lib.uidaho.edu/sakaino/mg387_1_7-110.jpg,Lined notebook paper with handwritten Japanese text in ink
sakaino191,sakaino175,"June 1942 entry, page 16",,,,,,,,,"Transcribed and translated by Naoko Tanabe, 2024-2025, of Densho (densho.org)",Text,image/jpeg,jpn,mg387_1_7-111,"In copyright, educational use permitted. Educational use includes non-commercial reproduction of text and images in materials for teaching and research purposes. For other contexts beyond fair use, including digital reproduction, please contact the University of Idaho Library Special Collections and Archives Department at libspec@uidaho.edu. The University of Idaho Library is not liable for any violations of the law by users.",http://rightsstatements.org/vocab/InC-EDU/1.0/,image,mg387_1_7-111.jpg,/objects/mg387_1_7-111.md,https://objects.lib.uidaho.edu/sakaino/small/mg387_1_7-111_sm.jpg,https://objects.lib.uidaho.edu/sakaino/thumbs/mg387_1_7-111_th.jpg,https://objects.lib.uidaho.edu/sakaino/mg387_1_7-111.jpg,Lined notebook paper with handwritten Japanese text in ink
sakaino192,sakaino175,"June 1942 entry, page 17",,,,,,,,,"Transcribed and translated by Naoko Tanabe, 2024-2025, of Densho (densho.org)",Text,image/jpeg,jpn,mg387_1_7-112,"In copyright, educational use permitted. Educational use includes non-commercial reproduction of text and images in materials for teaching and research purposes. For other contexts beyond fair use, including digital reproduction, please contact the University of Idaho Library Special Collections and Archives Department at libspec@uidaho.edu. The University of Idaho Library is not liable for any violations of the law by users.",http://rightsstatements.org/vocab/InC-EDU/1.0/,image,mg387_1_7-112.jpg,/objects/mg387_1_7-112.md,https://objects.lib.uidaho.edu/sakaino/small/mg387_1_7-112_sm.jpg,https://objects.lib.uidaho.edu/sakaino/thumbs/mg387_1_7-112_th.jpg,https://objects.lib.uidaho.edu/sakaino/mg387_1_7-112.jpg,Lined notebook paper with handwritten Japanese text in ink
sakaino193,sakaino175,"June 1942 entry, page 18",,,,,,,,,"Transcribed and translated by Naoko Tanabe, 2024-2025, of Densho (densho.org)",Text,image/jpeg,jpn,mg387_1_7-113,"In copyright, educational use permitted. Educational use includes non-commercial reproduction of text and images in materials for teaching and research purposes. For other contexts beyond fair use, including digital reproduction, please contact the University of Idaho Library Special Collections and Archives Department at libspec@uidaho.edu. The University of Idaho Library is not liable for any violations of the law by users.",http://rightsstatements.org/vocab/InC-EDU/1.0/,image,mg387_1_7-113.jpg,/objects/mg387_1_7-113.md,https://objects.lib.uidaho.edu/sakaino/small/mg387_1_7-113_sm.jpg,https://objects.lib.uidaho.edu/sakaino/thumbs/mg387_1_7-113_th.jpg,https://objects.lib.uidaho.edu/sakaino/mg387_1_7-113.jpg,Lined notebook paper with handwritten Japanese text in ink
sakaino194,sakaino175,"June 1942 entry, page 19",,,,,,,,,"Transcribed and translated by Naoko Tanabe, 2024-2025, of Densho (densho.org)",Text,image/jpeg,jpn,mg387_1_7-114,"In copyright, educational use permitted. Educational use includes non-commercial reproduction of text and images in materials for teaching and research purposes. For other contexts beyond fair use, including digital reproduction, please contact the University of Idaho Library Special Collections and Archives Department at libspec@uidaho.edu. The University of Idaho Library is not liable for any violations of the law by users.",http://rightsstatements.org/vocab/InC-EDU/1.0/,image,mg387_1_7-114.jpg,/objects/mg387_1_7-114a.md,https://objects.lib.uidaho.edu/sakaino/small/mg387_1_7-114_sm.jpg,https://objects.lib.uidaho.edu/sakaino/thumbs/mg387_1_7-114_th.jpg,https://objects.lib.uidaho.edu/sakaino/mg387_1_7-114.jpg,Lined notebook paper with handwritten Japanese text in ink
sakaino195,,"June 19, 1942 entry","Sakaino, Bunro","Camp Livingston, LA",31.442945,-92.375467,1942-06-19,"June 19, 1942, diary entry written by Bunro Sakaino while he was incarcerated at Camp Livingston, near Pineville, Louisiana.",concentration camps; diaries,"MG 387, George Shihei Shitamae papers, Special Collections and Archives, University of Idaho Library","Transcribed and translated by Naoko Tanabe, 2024-2025, of Densho (densho.org)",Text,application/pdf,jpn,mg387_1_7-1942-06-19,"In copyright, educational use permitted. Educational use includes non-commercial reproduction of text and images in materials for teaching and research purposes. For other contexts beyond fair use, including digital reproduction, please contact the University of Idaho Library Special Collections and Archives Department at libspec@uidaho.edu. The University of Idaho Library is not liable for any violations of the law by users.",http://rightsstatements.org/vocab/InC-EDU/1.0/,letter,mg387_1_7-1942-06-19.pdf,/objects/1942-06-20.md,https://objects.lib.uidaho.edu/sakaino/small/mg387_1_7-1942-06-19_sm.jpg,https://objects.lib.uidaho.edu/sakaino/thumbs/mg387_1_7-1942-06-19_th.jpg,https://objects.lib.uidaho.edu/sakaino/mg387_1_7-1942-06-19.pdf,
sakaino196,sakaino195,"June 19, 1942 entry, page 1",,,,,,,,,"Transcribed and translated by Naoko Tanabe, 2024-2025, of Densho (densho.org)",Text,image/jpeg,jpn,mg387_1_7-114,"In copyright, educational use permitted. Educational use includes non-commercial reproduction of text and images in materials for teaching and research purposes. For other contexts beyond fair use, including digital reproduction, please contact the University of Idaho Library Special Collections and Archives Department at libspec@uidaho.edu. The University of Idaho Library is not liable for any violations of the law by users.",http://rightsstatements.org/vocab/InC-EDU/1.0/,image,mg387_1_7-114.jpg,/objects/mg387_1_7-114b.md,https://objects.lib.uidaho.edu/sakaino/small/mg387_1_7-114_sm.jpg,https://objects.lib.uidaho.edu/sakaino/thumbs/mg387_1_7-114_th.jpg,https://objects.lib.uidaho.edu/sakaino/mg387_1_7-114.jpg,Lined notebook paper with handwritten Japanese text in ink
sakaino197,,"June 20, 1942 entry","Sakaino, Bunro","Camp Livingston, LA",31.442945,-92.375467,1942-06-20,"June 20, 1942, diary entry written by Bunro Sakaino while he was incarcerated at Camp Livingston, near Pineville, Louisiana.",concentration camps; diaries,"MG 387, George Shihei Shitamae papers, Special Collections and Archives, University of Idaho Library","Transcribed and translated by Naoko Tanabe, 2024-2025, of Densho (densho.org)",Text,application/pdf,jpn,mg387_1_7-1942-06-20,"In copyright, educational use permitted. Educational use includes non-commercial reproduction of text and images in materials for teaching and research purposes. For other contexts beyond fair use, including digital reproduction, please contact the University of Idaho Library Special Collections and Archives Department at libspec@uidaho.edu. The University of Idaho Library is not liable for any violations of the law by users.",http://rightsstatements.org/vocab/InC-EDU/1.0/,letter,mg387_1_7-1942-06-20.pdf,/objects/1942-06-21.md,https://objects.lib.uidaho.edu/sakaino/small/mg387_1_7-1942-06-20_sm.jpg,https://objects.lib.uidaho.edu/sakaino/thumbs/mg387_1_7-1942-06-20_th.jpg,https://objects.lib.uidaho.edu/sakaino/mg387_1_7-1942-06-20.pdf,
sakaino198,sakaino197,"June 20, 1942 entry, page 1",,,,,,,,,"Transcribed and translated by Naoko Tanabe, 2024-2025, of Densho (densho.org)",Text,image/jpeg,jpn,mg387_1_7-114,"In copyright, educational use permitted. Educational use includes non-commercial reproduction of text and images in materials for teaching and research purposes. For other contexts beyond fair use, including digital reproduction, please contact the University of Idaho Library Special Collections and Archives Department at libspec@uidaho.edu. The University of Idaho Library is not liable for any violations of the law by users.",http://rightsstatements.org/vocab/InC-EDU/1.0/,image,mg387_1_7-114.jpg,/objects/mg387_1_7-114c.md,https://objects.lib.uidaho.edu/sakaino/small/mg387_1_7-114_sm.jpg,https://objects.lib.uidaho.edu/sakaino/thumbs/mg387_1_7-114_th.jpg,https://objects.lib.uidaho.edu/sakaino/mg387_1_7-114.jpg,Lined notebook paper with handwritten Japanese text in ink
sakaino199,sakaino197,"June 20, 1942 entry, page 2",,,,,,,,,"Transcribed and translated by Naoko Tanabe, 2024-2025, of Densho (densho.org)",Text,image/jpeg,jpn,mg387_1_7-115,"In copyright, educational use permitted. Educational use includes non-commercial reproduction of text and images in materials for teaching and research purposes. For other contexts beyond fair use, including digital reproduction, please contact the University of Idaho Library Special Collections and Archives Department at libspec@uidaho.edu. The University of Idaho Library is not liable for any violations of the law by users.",http://rightsstatements.org/vocab/InC-EDU/1.0/,image,mg387_1_7-115.jpg,/objects/mg387_1_7-115.md,https://objects.lib.uidaho.edu/sakaino/small/mg387_1_7-115_sm.jpg,https://objects.lib.uidaho.edu/sakaino/thumbs/mg387_1_7-115_th.jpg,https://objects.lib.uidaho.edu/sakaino/mg387_1_7-115.jpg,Lined notebook paper with handwritten Japanese text in ink
sakaino200,sakaino197,"June 20, 1942 entry, page 3",,,,,,,,,"Transcribed and translated by Naoko Tanabe, 2024-2025, of Densho (densho.org)",Text,image/jpeg,jpn,mg387_1_7-116,"In copyright, educational use permitted. Educational use includes non-commercial reproduction of text and images in materials for teaching and research purposes. For other contexts beyond fair use, including digital reproduction, please contact the University of Idaho Library Special Collections and Archives Department at libspec@uidaho.edu. The University of Idaho Library is not liable for any violations of the law by users.",http://rightsstatements.org/vocab/InC-EDU/1.0/,image,mg387_1_7-116.jpg,/objects/mg387_1_7-116a.md,https://objects.lib.uidaho.edu/sakaino/small/mg387_1_7-116_sm.jpg,https://objects.lib.uidaho.edu/sakaino/thumbs/mg387_1_7-116_th.jpg,https://objects.lib.uidaho.edu/sakaino/mg387_1_7-116.jpg,Lined notebook paper with handwritten Japanese text in ink
sakaino201,,"June 21, 1942 entry","Sakaino, Bunro","Camp Livingston, LA",31.442945,-92.375467,1942-06-21,"June 21, 1942, diary entry written by Bunro Sakaino while he was incarcerated at Camp Livingston, near Pineville, Louisiana.",concentration camps; diaries,"MG 387, George Shihei Shitamae papers, Special Collections and Archives, University of Idaho Library","Transcribed and translated by Naoko Tanabe, 2024-2025, of Densho (densho.org)",Text,application/pdf,jpn,mg387_1_7-1942-06-21,"In copyright, educational use permitted. Educational use includes non-commercial reproduction of text and images in materials for teaching and research purposes. For other contexts beyond fair use, including digital reproduction, please contact the University of Idaho Library Special Collections and Archives Department at libspec@uidaho.edu. The University of Idaho Library is not liable for any violations of the law by users.",http://rightsstatements.org/vocab/InC-EDU/1.0/,letter,mg387_1_7-1942-06-21.pdf,/objects/1942-06-22.md,https://objects.lib.uidaho.edu/sakaino/small/mg387_1_7-1942-06-21_sm.jpg,https://objects.lib.uidaho.edu/sakaino/thumbs/mg387_1_7-1942-06-21_th.jpg,https://objects.lib.uidaho.edu/sakaino/mg387_1_7-1942-06-21.pdf,
sakaino202,sakaino201,"June 21, 1942 entry, page 1",,,,,,,,,"Transcribed and translated by Naoko Tanabe, 2024-2025, of Densho (densho.org)",Text,image/jpeg,jpn,mg387_1_7-116,"In copyright, educational use permitted. Educational use includes non-commercial reproduction of text and images in materials for teaching and research purposes. For other contexts beyond fair use, including digital reproduction, please contact the University of Idaho Library Special Collections and Archives Department at libspec@uidaho.edu. The University of Idaho Library is not liable for any violations of the law by users.",http://rightsstatements.org/vocab/InC-EDU/1.0/,image,mg387_1_7-116.jpg,/objects/mg387_1_7-116b.md,https://objects.lib.uidaho.edu/sakaino/small/mg387_1_7-116_sm.jpg,https://objects.lib.uidaho.edu/sakaino/thumbs/mg387_1_7-116_th.jpg,https://objects.lib.uidaho.edu/sakaino/mg387_1_7-116.jpg,Lined notebook paper with handwritten Japanese text in ink
sakaino203,,"June 22, 1942 entry","Sakaino, Bunro","Camp Livingston, LA",31.442945,-92.375467,1942-06-22,"June 22, 1942, diary entry written by Bunro Sakaino while he was incarcerated at Camp Livingston, near Pineville, Louisiana..",concentration camps; diaries,"MG 387, George Shihei Shitamae papers, Special Collections and Archives, University of Idaho Library","Transcribed and translated by Naoko Tanabe, 2024-2025, of Densho (densho.org)",Text,application/pdf,jpn,mg387_1_7-1942-06-22,"In copyright, educational use permitted. Educational use includes non-commercial reproduction of text and images in materials for teaching and research purposes. For other contexts beyond fair use, including digital reproduction, please contact the University of Idaho Library Special Collections and Archives Department at libspec@uidaho.edu. The University of Idaho Library is not liable for any violations of the law by users.",http://rightsstatements.org/vocab/InC-EDU/1.0/,letter,mg387_1_7-1942-06-22.pdf,/objects/1942-06-29.md,https://objects.lib.uidaho.edu/sakaino/small/mg387_1_7-1942-06-22_sm.jpg,https://objects.lib.uidaho.edu/sakaino/thumbs/mg387_1_7-1942-06-22_th.jpg,https://objects.lib.uidaho.edu/sakaino/mg387_1_7-1942-06-22.pdf,
sakaino204,sakaino203,"June 22, 1942 entry, page 1",,,,,,,,,"Transcribed and translated by Naoko Tanabe, 2024-2025, of Densho (densho.org)",Text,image/jpeg,jpn,mg387_1_7-116,"In copyright, educational use permitted. Educational use includes non-commercial reproduction of text and images in materials for teaching and research purposes. For other contexts beyond fair use, including digital reproduction, please contact the University of Idaho Library Special Collections and Archives Department at libspec@uidaho.edu. The University of Idaho Library is not liable for any violations of the law by users.",http://rightsstatements.org/vocab/InC-EDU/1.0/,image,mg387_1_7-116.jpg,/objects/mg387_1_7-116c.md,https://objects.lib.uidaho.edu/sakaino/small/mg387_1_7-116_sm.jpg,https://objects.lib.uidaho.edu/sakaino/thumbs/mg387_1_7-116_th.jpg,https://objects.lib.uidaho.edu/sakaino/mg387_1_7-116.jpg,Lined notebook paper with handwritten Japanese text in ink
sakaino205,sakaino203,"June 22, 1942 entry, page 2",,,,,,,,,"Transcribed and translated by Naoko Tanabe, 2024-2025, of Densho (densho.org)",Text,image/jpeg,jpn,mg387_1_7-117,"In copyright, educational use permitted. Educational use includes non-commercial reproduction of text and images in materials for teaching and research purposes. For other contexts beyond fair use, including digital reproduction, please contact the University of Idaho Library Special Collections and Archives Department at libspec@uidaho.edu. The University of Idaho Library is not liable for any violations of the law by users.",http://rightsstatements.org/vocab/InC-EDU/1.0/,image,mg387_1_7-117.jpg,/objects/mg387_1_7-117.md,https://objects.lib.uidaho.edu/sakaino/small/mg387_1_7-117_sm.jpg,https://objects.lib.uidaho.edu/sakaino/thumbs/mg387_1_7-117_th.jpg,https://objects.lib.uidaho.edu/sakaino/mg387_1_7-117.jpg,Lined notebook paper with handwritten Japanese text in ink
sakaino206,sakaino203,"June 22, 1942 entry, page 3",,,,,,,,,"Transcribed and translated by Naoko Tanabe, 2024-2025, of Densho (densho.org)",Text,image/jpeg,jpn,mg387_1_7-118,"In copyright, educational use permitted. Educational use includes non-commercial reproduction of text and images in materials for teaching and research purposes. For other contexts beyond fair use, including digital reproduction, please contact the University of Idaho Library Special Collections and Archives Department at libspec@uidaho.edu. The University of Idaho Library is not liable for any violations of the law by users.",http://rightsstatements.org/vocab/InC-EDU/1.0/,image,mg387_1_7-118.jpg,/objects/mg387_1_7-118.md,https://objects.lib.uidaho.edu/sakaino/small/mg387_1_7-118_sm.jpg,https://objects.lib.uidaho.edu/sakaino/thumbs/mg387_1_7-118_th.jpg,https://objects.lib.uidaho.edu/sakaino/mg387_1_7-118.jpg,Lined notebook paper with handwritten Japanese text in ink
sakaino207,sakaino203,"June 22, 1942 entry, page 4",,,,,,,,,"Transcribed and translated by Naoko Tanabe, 2024-2025, of Densho (densho.org)",Text,image/jpeg,jpn,mg387_1_7-119,"In copyright, educational use permitted. Educational use includes non-commercial reproduction of text and images in materials for teaching and research purposes. For other contexts beyond fair use, including digital reproduction, please contact the University of Idaho Library Special Collections and Archives Department at libspec@uidaho.edu. The University of Idaho Library is not liable for any violations of the law by users.",http://rightsstatements.org/vocab/InC-EDU/1.0/,image,mg387_1_7-119.jpg,/objects/mg387_1_7-119.md,https://objects.lib.uidaho.edu/sakaino/small/mg387_1_7-119_sm.jpg,https://objects.lib.uidaho.edu/sakaino/thumbs/mg387_1_7-119_th.jpg,https://objects.lib.uidaho.edu/sakaino/mg387_1_7-119.jpg,Lined notebook paper with handwritten Japanese text in ink
sakaino208,sakaino203,"June 22, 1942 entry, page 5",,,,,,,,,"Transcribed and translated by Naoko Tanabe, 2024-2025, of Densho (densho.org)",Text,image/jpeg,jpn,mg387_1_7-120,"In copyright, educational use permitted. Educational use includes non-commercial reproduction of text and images in materials for teaching and research purposes. For other contexts beyond fair use, including digital reproduction, please contact the University of Idaho Library Special Collections and Archives Department at libspec@uidaho.edu. The University of Idaho Library is not liable for any violations of the law by users.",http://rightsstatements.org/vocab/InC-EDU/1.0/,image,mg387_1_7-120.jpg,/objects/mg387_1_7-120.md,https://objects.lib.uidaho.edu/sakaino/small/mg387_1_7-120_sm.jpg,https://objects.lib.uidaho.edu/sakaino/thumbs/mg387_1_7-120_th.jpg,https://objects.lib.uidaho.edu/sakaino/mg387_1_7-120.jpg,Lined notebook paper with handwritten Japanese text in ink
sakaino209,sakaino203,"June 22, 1942 entry, page 6",,,,,,,,,"Transcribed and translated by Naoko Tanabe, 2024-2025, of Densho (densho.org)",Text,image/jpeg,jpn,mg387_1_7-121,"In copyright, educational use permitted. Educational use includes non-commercial reproduction of text and images in materials for teaching and research purposes. For other contexts beyond fair use, including digital reproduction, please contact the University of Idaho Library Special Collections and Archives Department at libspec@uidaho.edu. The University of Idaho Library is not liable for any violations of the law by users.",http://rightsstatements.org/vocab/InC-EDU/1.0/,image,mg387_1_7-121.jpg,/objects/mg387_1_7-121.md,https://objects.lib.uidaho.edu/sakaino/small/mg387_1_7-121_sm.jpg,https://objects.lib.uidaho.edu/sakaino/thumbs/mg387_1_7-121_th.jpg,https://objects.lib.uidaho.edu/sakaino/mg387_1_7-121.jpg,Lined notebook paper with handwritten Japanese text in ink
sakaino210,,"June 29, 1942 entry","Sakaino, Bunro","Camp Livingston, LA",31.442945,-92.375467,1942-06-29,"June 29, 1942, diary entry written by Bunro Sakaino while he was incarcerated at Camp Livingston, near Pineville, Louisiana.",concentration camps; diaries,"MG 387, George Shihei Shitamae papers, Special Collections and Archives, University of Idaho Library","Transcribed and translated by Naoko Tanabe, 2024-2025, of Densho (densho.org)",Text,application/pdf,jpn,mg387_1_7-1942-06-29,"In copyright, educational use permitted. Educational use includes non-commercial reproduction of text and images in materials for teaching and research purposes. For other contexts beyond fair use, including digital reproduction, please contact the University of Idaho Library Special Collections and Archives Department at libspec@uidaho.edu. The University of Idaho Library is not liable for any violations of the law by users.",http://rightsstatements.org/vocab/InC-EDU/1.0/,letter,mg387_1_7-1942-06-29.pdf,/objects/1942-06-30.md,https://objects.lib.uidaho.edu/sakaino/small/mg387_1_7-1942-06-29_sm.jpg,https://objects.lib.uidaho.edu/sakaino/thumbs/mg387_1_7-1942-06-29_th.jpg,https://objects.lib.uidaho.edu/sakaino/mg387_1_7-1942-06-29.pdf,
sakaino211,sakaino210,"June 29, 1942 entry, page 1",,,,,,,,,"Transcribed and translated by Naoko Tanabe, 2024-2025, of Densho (densho.org)",Text,image/jpeg,jpn,mg387_1_7-122,"In copyright, educational use permitted. Educational use includes non-commercial reproduction of text and images in materials for teaching and research purposes. For other contexts beyond fair use, including digital reproduction, please contact the University of Idaho Library Special Collections and Archives Department at libspec@uidaho.edu. The University of Idaho Library is not liable for any violations of the law by users.",http://rightsstatements.org/vocab/InC-EDU/1.0/,image,mg387_1_7-122.jpg,/objects/mg387_1_7-122a.md,https://objects.lib.uidaho.edu/sakaino/small/mg387_1_7-122_sm.jpg,https://objects.lib.uidaho.edu/sakaino/thumbs/mg387_1_7-122_th.jpg,https://objects.lib.uidaho.edu/sakaino/mg387_1_7-122.jpg,Lined notebook paper with handwritten Japanese text in ink
sakaino212,,"June 30, 1942 entry","Sakaino, Bunro","Camp Livingston, LA",31.442945,-92.375467,1942-06-30,"June 30, 1942, diary entry written by Bunro Sakaino while he was incarcerated at Camp Livingston, near Pineville, Louisiana.",concentration camps; diaries,"MG 387, George Shihei Shitamae papers, Special Collections and Archives, University of Idaho Library","Transcribed and translated by Naoko Tanabe, 2024-2025, of Densho (densho.org)",Text,application/pdf,jpn,mg387_1_7-1942-06-30,"In copyright, educational use permitted. Educational use includes non-commercial reproduction of text and images in materials for teaching and research purposes. For other contexts beyond fair use, including digital reproduction, please contact the University of Idaho Library Special Collections and Archives Department at libspec@uidaho.edu. The University of Idaho Library is not liable for any violations of the law by users.",http://rightsstatements.org/vocab/InC-EDU/1.0/,letter,mg387_1_7-1942-06-30.pdf,/objects/1942-06.md,https://objects.lib.uidaho.edu/sakaino/small/mg387_1_7-1942-06-30_sm.jpg,https://objects.lib.uidaho.edu/sakaino/thumbs/mg387_1_7-1942-06-30_th.jpg,https://objects.lib.uidaho.edu/sakaino/mg387_1_7-1942-06-30.pdf,
sakaino213,sakaino212,"June 30, 1942 entry, page 1",,,,,,,,,"Transcribed and translated by Naoko Tanabe, 2024-2025, of Densho (densho.org)",Text,image/jpeg,jpn,mg387_1_7-122,"In copyright, educational use permitted. Educational use includes non-commercial reproduction of text and images in materials for teaching and research purposes. For other contexts beyond fair use, including digital reproduction, please contact the University of Idaho Library Special Collections and Archives Department at libspec@uidaho.edu. The University of Idaho Library is not liable for any violations of the law by users.",http://rightsstatements.org/vocab/InC-EDU/1.0/,image,mg387_1_7-122.jpg,/objects/mg387_1_7-122b.md,https://objects.lib.uidaho.edu/sakaino/small/mg387_1_7-122_sm.jpg,https://objects.lib.uidaho.edu/sakaino/thumbs/mg387_1_7-122_th.jpg,https://objects.lib.uidaho.edu/sakaino/mg387_1_7-122.jpg,Lined notebook paper with handwritten Japanese text in ink
sakaino214,sakaino212,"June 30, 1942 entry, page 2",,,,,,,,,"Transcribed and translated by Naoko Tanabe, 2024-2025, of Densho (densho.org)",Text,image/jpeg,jpn,mg387_1_7-123,"In copyright, educational use permitted. Educational use includes non-commercial reproduction of text and images in materials for teaching and research purposes. For other contexts beyond fair use, including digital reproduction, please contact the University of Idaho Library Special Collections and Archives Department at libspec@uidaho.edu. The University of Idaho Library is not liable for any violations of the law by users.",http://rightsstatements.org/vocab/InC-EDU/1.0/,image,mg387_1_7-123.jpg,/objects/mg387_1_7-123a.md,https://objects.lib.uidaho.edu/sakaino/small/mg387_1_7-123_sm.jpg,https://objects.lib.uidaho.edu/sakaino/thumbs/mg387_1_7-123_th.jpg,https://objects.lib.uidaho.edu/sakaino/mg387_1_7-123.jpg,Lined notebook paper with handwritten Japanese text in ink
sakaino215,,"July 1, 1942 entry","Sakaino, Bunro","Camp Livingston, LA",31.442945,-92.375467,1942-07-01,"July 1, 1942, diary entry written by Bunro Sakaino while he was incarcerated at Camp Livingston, near Pineville, Louisiana.",concentration camps; diaries,"MG 387, George Shihei Shitamae papers, Special Collections and Archives, University of Idaho Library","Transcribed and translated by Naoko Tanabe, 2024-2025, of Densho (densho.org)",Text,application/pdf,jpn,mg387_1_7-1942-07-01,"In copyright, educational use permitted. Educational use includes non-commercial reproduction of text and images in materials for teaching and research purposes. For other contexts beyond fair use, including digital reproduction, please contact the University of Idaho Library Special Collections and Archives Department at libspec@uidaho.edu. The University of Idaho Library is not liable for any violations of the law by users.",http://rightsstatements.org/vocab/InC-EDU/1.0/,letter,mg387_1_7-1942-07-01.pdf,/objects/1942-07-01.md,https://objects.lib.uidaho.edu/sakaino/small/mg387_1_7-1942-07-01_sm.jpg,https://objects.lib.uidaho.edu/sakaino/thumbs/mg387_1_7-1942-07-01_th.jpg,https://objects.lib.uidaho.edu/sakaino/mg387_1_7-1942-07-01.pdf,
sakaino216,sakaino215,"July 1, 1942 entry, page 1",,,,,,,,,"Transcribed and translated by Naoko Tanabe, 2024-2025, of Densho (densho.org)",Text,image/jpeg,jpn,mg387_1_7-123,"In copyright, educational use permitted. Educational use includes non-commercial reproduction of text and images in materials for teaching and research purposes. For other contexts beyond fair use, including digital reproduction, please contact the University of Idaho Library Special Collections and Archives Department at libspec@uidaho.edu. The University of Idaho Library is not liable for any violations of the law by users.",http://rightsstatements.org/vocab/InC-EDU/1.0/,image,mg387_1_7-123.jpg,/objects/mg387_1_7-123b.md,https://objects.lib.uidaho.edu/sakaino/small/mg387_1_7-123_sm.jpg,https://objects.lib.uidaho.edu/sakaino/thumbs/mg387_1_7-123_th.jpg,https://objects.lib.uidaho.edu/sakaino/mg387_1_7-123.jpg,Lined notebook paper with handwritten Japanese text in ink
sakaino217,sakaino215,"July 1, 1942 entry, page 2",,,,,,,,,"Transcribed and translated by Naoko Tanabe, 2024-2025, of Densho (densho.org)",Text,image/jpeg,jpn,mg387_1_7-124,"In copyright, educational use permitted. Educational use includes non-commercial reproduction of text and images in materials for teaching and research purposes. For other contexts beyond fair use, including digital reproduction, please contact the University of Idaho Library Special Collections and Archives Department at libspec@uidaho.edu. The University of Idaho Library is not liable for any violations of the law by users.",http://rightsstatements.org/vocab/InC-EDU/1.0/,image,mg387_1_7-124.jpg,/objects/mg387_1_7-124.md,https://objects.lib.uidaho.edu/sakaino/small/mg387_1_7-124_sm.jpg,https://objects.lib.uidaho.edu/sakaino/thumbs/mg387_1_7-124_th.jpg,https://objects.lib.uidaho.edu/sakaino/mg387_1_7-124.jpg,Lined notebook paper with handwritten Japanese text in ink
sakaino218,sakaino215,"July 1, 1942 entry, page 3",,,,,,,,,"Transcribed and translated by Naoko Tanabe, 2024-2025, of Densho (densho.org)",Text,image/jpeg,jpn,mg387_1_7-125,"In copyright, educational use permitted. Educational use includes non-commercial reproduction of text and images in materials for teaching and research purposes. For other contexts beyond fair use, including digital reproduction, please contact the University of Idaho Library Special Collections and Archives Department at libspec@uidaho.edu. The University of Idaho Library is not liable for any violations of the law by users.",http://rightsstatements.org/vocab/InC-EDU/1.0/,image,mg387_1_7-125.jpg,/objects/mg387_1_7-125.md,https://objects.lib.uidaho.edu/sakaino/small/mg387_1_7-125_sm.jpg,https://objects.lib.uidaho.edu/sakaino/thumbs/mg387_1_7-125_th.jpg,https://objects.lib.uidaho.edu/sakaino/mg387_1_7-125.jpg,Lined notebook paper with handwritten Japanese text in ink
sakaino219,sakaino215,"July 1, 1942 entry, page 4",,,,,,,,,"Transcribed and translated by Naoko Tanabe, 2024-2025, of Densho (densho.org)",Text,image/jpeg,jpn,mg387_1_7-126,"In copyright, educational use permitted. Educational use includes non-commercial reproduction of text and images in materials for teaching and research purposes. For other contexts beyond fair use, including digital reproduction, please contact the University of Idaho Library Special Collections and Archives Department at libspec@uidaho.edu. The University of Idaho Library is not liable for any violations of the law by users.",http://rightsstatements.org/vocab/InC-EDU/1.0/,image,mg387_1_7-126.jpg,/objects/mg387_1_7-126a.md,https://objects.lib.uidaho.edu/sakaino/small/mg387_1_7-126_sm.jpg,https://objects.lib.uidaho.edu/sakaino/thumbs/mg387_1_7-126_th.jpg,https://objects.lib.uidaho.edu/sakaino/mg387_1_7-126.jpg,Lined notebook paper with handwritten Japanese text in ink
sakaino220,,"July 2, 1942 entry","Sakaino, Bunro","Camp Livingston, LA",31.442945,-92.375467,1942-07-02,"July 2, 1942, diary entry written by Bunro Sakaino while he was incarcerated at Camp Livingston, near Pineville, Louisiana.",concentration camps; diaries,"MG 387, George Shihei Shitamae papers, Special Collections and Archives, University of Idaho Library","Transcribed and translated by Naoko Tanabe, 2024-2025, of Densho (densho.org)",Text,application/pdf,jpn,mg387_1_7-1942-07-02,"In copyright, educational use permitted. Educational use includes non-commercial reproduction of text and images in materials for teaching and research purposes. For other contexts beyond fair use, including digital reproduction, please contact the University of Idaho Library Special Collections and Archives Department at libspec@uidaho.edu. The University of Idaho Library is not liable for any violations of the law by users.",http://rightsstatements.org/vocab/InC-EDU/1.0/,letter,mg387_1_7-1942-07-02.pdf,/objects/1942-07-02.md,https://objects.lib.uidaho.edu/sakaino/small/mg387_1_7-1942-07-02_sm.jpg,https://objects.lib.uidaho.edu/sakaino/thumbs/mg387_1_7-1942-07-02_th.jpg,https://objects.lib.uidaho.edu/sakaino/mg387_1_7-1942-07-02.pdf,
sakaino221,sakaino220,"July 2, 1942 entry, page 1",,,,,,,,,"Transcribed and translated by Naoko Tanabe, 2024-2025, of Densho (densho.org)",Text,image/jpeg,jpn,mg387_1_7-126,"In copyright, educational use permitted. Educational use includes non-commercial reproduction of text and images in materials for teaching and research purposes. For other contexts beyond fair use, including digital reproduction, please contact the University of Idaho Library Special Collections and Archives Department at libspec@uidaho.edu. The University of Idaho Library is not liable for any violations of the law by users.",http://rightsstatements.org/vocab/InC-EDU/1.0/,image,mg387_1_7-126.jpg,/objects/mg387_1_7-126b.md,https://objects.lib.uidaho.edu/sakaino/small/mg387_1_7-126_sm.jpg,https://objects.lib.uidaho.edu/sakaino/thumbs/mg387_1_7-126_th.jpg,https://objects.lib.uidaho.edu/sakaino/mg387_1_7-126.jpg,Lined notebook paper with handwritten Japanese text in ink
sakaino222,sakaino220,"July 2, 1942 entry, page 2",,,,,,,,,"Transcribed and translated by Naoko Tanabe, 2024-2025, of Densho (densho.org)",Text,image/jpeg,jpn,mg387_1_7-127,"In copyright, educational use permitted. Educational use includes non-commercial reproduction of text and images in materials for teaching and research purposes. For other contexts beyond fair use, including digital reproduction, please contact the University of Idaho Library Special Collections and Archives Department at libspec@uidaho.edu. The University of Idaho Library is not liable for any violations of the law by users.",http://rightsstatements.org/vocab/InC-EDU/1.0/,image,mg387_1_7-127.jpg,/objects/mg387_1_7-127a.md,https://objects.lib.uidaho.edu/sakaino/small/mg387_1_7-127_sm.jpg,https://objects.lib.uidaho.edu/sakaino/thumbs/mg387_1_7-127_th.jpg,https://objects.lib.uidaho.edu/sakaino/mg387_1_7-127.jpg,Lined notebook paper with handwritten Japanese text in ink
sakaino223,,"July 3, 1942 entry","Sakaino, Bunro","Camp Livingston, LA",31.442945,-92.375467,1942-07-03,"July 3, 1942, diary entry written by Bunro Sakaino while he was incarcerated at Camp Livingston, near Pineville, Louisiana.",concentration camps; diaries,"MG 387, George Shihei Shitamae papers, Special Collections and Archives, University of Idaho Library","Transcribed and translated by Naoko Tanabe, 2024-2025, of Densho (densho.org)",Text,application/pdf,jpn,mg387_1_7-1942-07-03,"In copyright, educational use permitted. Educational use includes non-commercial reproduction of text and images in materials for teaching and research purposes. For other contexts beyond fair use, including digital reproduction, please contact the University of Idaho Library Special Collections and Archives Department at libspec@uidaho.edu. The University of Idaho Library is not liable for any violations of the law by users.",http://rightsstatements.org/vocab/InC-EDU/1.0/,letter,mg387_1_7-1942-07-03.pdf,/objects/1942-07-03.md,https://objects.lib.uidaho.edu/sakaino/small/mg387_1_7-1942-07-03_sm.jpg,https://objects.lib.uidaho.edu/sakaino/thumbs/mg387_1_7-1942-07-03_th.jpg,https://objects.lib.uidaho.edu/sakaino/mg387_1_7-1942-07-03.pdf,
sakaino224,sakaino223,"July 3, 1942 entry, page 1",,,,,,,,,"Transcribed and translated by Naoko Tanabe, 2024-2025, of Densho (densho.org)",Text,image/jpeg,jpn,mg387_1_7-128,"In copyright, educational use permitted. Educational use includes non-commercial reproduction of text and images in materials for teaching and research purposes. For other contexts beyond fair use, including digital reproduction, please contact the University of Idaho Library Special Collections and Archives Department at libspec@uidaho.edu. The University of Idaho Library is not liable for any violations of the law by users.",http://rightsstatements.org/vocab/InC-EDU/1.0/,image,mg387_1_7-128.jpg,/objects/mg387_1_7-128.md,https://objects.lib.uidaho.edu/sakaino/small/mg387_1_7-128_sm.jpg,https://objects.lib.uidaho.edu/sakaino/thumbs/mg387_1_7-128_th.jpg,https://objects.lib.uidaho.edu/sakaino/mg387_1_7-128.jpg,Lined notebook paper with handwritten Japanese text in ink
sakaino225,sakaino223,"July 3, 1942 entry, page 2",,,,,,,,,"Transcribed and translated by Naoko Tanabe, 2024-2025, of Densho (densho.org)",Text,image/jpeg,jpn,mg387_1_7-129,"In copyright, educational use permitted. Educational use includes non-commercial reproduction of text and images in materials for teaching and research purposes. For other contexts beyond fair use, including digital reproduction, please contact the University of Idaho Library Special Collections and Archives Department at libspec@uidaho.edu. The University of Idaho Library is not liable for any violations of the law by users.",http://rightsstatements.org/vocab/InC-EDU/1.0/,image,mg387_1_7-129.jpg,/objects/mg387_1_7-129.md,https://objects.lib.uidaho.edu/sakaino/small/mg387_1_7-129_sm.jpg,https://objects.lib.uidaho.edu/sakaino/thumbs/mg387_1_7-129_th.jpg,https://objects.lib.uidaho.edu/sakaino/mg387_1_7-129.jpg,Lined notebook paper with handwritten Japanese text in ink
sakaino226,sakaino223,"July 3, 1942 entry, page 3",,,,,,,,,"Transcribed and translated by Naoko Tanabe, 2024-2025, of Densho (densho.org)",Text,image/jpeg,jpn,mg387_1_7-130,"In copyright, educational use permitted. Educational use includes non-commercial reproduction of text and images in materials for teaching and research purposes. For other contexts beyond fair use, including digital reproduction, please contact the University of Idaho Library Special Collections and Archives Department at libspec@uidaho.edu. The University of Idaho Library is not liable for any violations of the law by users.",http://rightsstatements.org/vocab/InC-EDU/1.0/,image,mg387_1_7-130.jpg,/objects/mg387_1_7-130a.md,https://objects.lib.uidaho.edu/sakaino/small/mg387_1_7-130_sm.jpg,https://objects.lib.uidaho.edu/sakaino/thumbs/mg387_1_7-130_th.jpg,https://objects.lib.uidaho.edu/sakaino/mg387_1_7-130.jpg,Lined notebook paper with handwritten Japanese text in ink
sakaino227,,"July 4, 1942 entry","Sakaino, Bunro","Camp Livingston, LA",31.442945,-92.375467,1942-07-04,"July 4, 1942, diary entry written by Bunro Sakaino while he was incarcerated at Camp Livingston, near Pineville, Louisiana.",concentration camps; diaries,"MG 387, George Shihei Shitamae papers, Special Collections and Archives, University of Idaho Library","Transcribed and translated by Naoko Tanabe, 2024-2025, of Densho (densho.org)",Text,application/pdf,jpn,mg387_1_7-1942-07-04,"In copyright, educational use permitted. Educational use includes non-commercial reproduction of text and images in materials for teaching and research purposes. For other contexts beyond fair use, including digital reproduction, please contact the University of Idaho Library Special Collections and Archives Department at libspec@uidaho.edu. The University of Idaho Library is not liable for any violations of the law by users.",http://rightsstatements.org/vocab/InC-EDU/1.0/,letter,mg387_1_7-1942-07-04.pdf,/objects/1942-07-04.md,https://objects.lib.uidaho.edu/sakaino/small/mg387_1_7-1942-07-04_sm.jpg,https://objects.lib.uidaho.edu/sakaino/thumbs/mg387_1_7-1942-07-04_th.jpg,https://objects.lib.uidaho.edu/sakaino/mg387_1_7-1942-07-04.pdf,
sakaino228,sakaino227,"July 4, 1942 entry, page 1",,,,,,,,,"Transcribed and translated by Naoko Tanabe, 2024-2025, of Densho (densho.org)",Text,image/jpeg,jpn,mg387_1_7-130,"In copyright, educational use permitted. Educational use includes non-commercial reproduction of text and images in materials for teaching and research purposes. For other contexts beyond fair use, including digital reproduction, please contact the University of Idaho Library Special Collections and Archives Department at libspec@uidaho.edu. The University of Idaho Library is not liable for any violations of the law by users.",http://rightsstatements.org/vocab/InC-EDU/1.0/,image,mg387_1_7-130.jpg,/objects/mg387_1_7-130b.md,https://objects.lib.uidaho.edu/sakaino/small/mg387_1_7-130_sm.jpg,https://objects.lib.uidaho.edu/sakaino/thumbs/mg387_1_7-130_th.jpg,https://objects.lib.uidaho.edu/sakaino/mg387_1_7-130.jpg,Lined notebook paper with handwritten Japanese text in ink
sakaino229,sakaino227,"July 4, 1942 entry, page 2",,,,,,,,,"Transcribed and translated by Naoko Tanabe, 2024-2025, of Densho (densho.org)",Text,image/jpeg,jpn,mg387_1_7-131,"In copyright, educational use permitted. Educational use includes non-commercial reproduction of text and images in materials for teaching and research purposes. For other contexts beyond fair use, including digital reproduction, please contact the University of Idaho Library Special Collections and Archives Department at libspec@uidaho.edu. The University of Idaho Library is not liable for any violations of the law by users.",http://rightsstatements.org/vocab/InC-EDU/1.0/,image,mg387_1_7-131.jpg,/objects/mg387_1_7-131.md,https://objects.lib.uidaho.edu/sakaino/small/mg387_1_7-131_sm.jpg,https://objects.lib.uidaho.edu/sakaino/thumbs/mg387_1_7-131_th.jpg,https://objects.lib.uidaho.edu/sakaino/mg387_1_7-131.jpg,Lined notebook paper with handwritten Japanese text in ink
sakaino230,sakaino227,"July 4, 1942 entry, page 3",,,,,,,,,"Transcribed and translated by Naoko Tanabe, 2024-2025, of Densho (densho.org)",Text,image/jpeg,jpn,mg387_1_7-132,"In copyright, educational use permitted. Educational use includes non-commercial reproduction of text and images in materials for teaching and research purposes. For other contexts beyond fair use, including digital reproduction, please contact the University of Idaho Library Special Collections and Archives Department at libspec@uidaho.edu. The University of Idaho Library is not liable for any violations of the law by users.",http://rightsstatements.org/vocab/InC-EDU/1.0/,image,mg387_1_7-132.jpg,/objects/mg387_1_7-132.md,https://objects.lib.uidaho.edu/sakaino/small/mg387_1_7-132_sm.jpg,https://objects.lib.uidaho.edu/sakaino/thumbs/mg387_1_7-132_th.jpg,https://objects.lib.uidaho.edu/sakaino/mg387_1_7-132.jpg,Lined notebook paper with handwritten Japanese text in ink
sakaino231,sakaino227,"July 4, 1942 entry, page 4",,,,,,,,,"Transcribed and translated by Naoko Tanabe, 2024-2025, of Densho (densho.org)",Text,image/jpeg,jpn,mg387_1_7-133,"In copyright, educational use permitted. Educational use includes non-commercial reproduction of text and images in materials for teaching and research purposes. For other contexts beyond fair use, including digital reproduction, please contact the University of Idaho Library Special Collections and Archives Department at libspec@uidaho.edu. The University of Idaho Library is not liable for any violations of the law by users.",http://rightsstatements.org/vocab/InC-EDU/1.0/,image,mg387_1_7-133.jpg,/objects/mg387_1_7-133.md,https://objects.lib.uidaho.edu/sakaino/small/mg387_1_7-133_sm.jpg,https://objects.lib.uidaho.edu/sakaino/thumbs/mg387_1_7-133_th.jpg,https://objects.lib.uidaho.edu/sakaino/mg387_1_7-133.jpg,Lined notebook paper with handwritten Japanese text in ink
sakaino232,sakaino227,"July 4, 1942 entry, page 5",,,,,,,,,"Transcribed and translated by Naoko Tanabe, 2024-2025, of Densho (densho.org)",Text,image/jpeg,jpn,mg387_1_7-134,"In copyright, educational use permitted. Educational use includes non-commercial reproduction of text and images in materials for teaching and research purposes. For other contexts beyond fair use, including digital reproduction, please contact the University of Idaho Library Special Collections and Archives Department at libspec@uidaho.edu. The University of Idaho Library is not liable for any violations of the law by users.",http://rightsstatements.org/vocab/InC-EDU/1.0/,image,mg387_1_7-134.jpg,/objects/mg387_1_7-134.md,https://objects.lib.uidaho.edu/sakaino/small/mg387_1_7-134_sm.jpg,https://objects.lib.uidaho.edu/sakaino/thumbs/mg387_1_7-134_th.jpg,https://objects.lib.uidaho.edu/sakaino/mg387_1_7-134.jpg,Lined notebook paper with handwritten Japanese text in ink
sakaino233,sakaino227,"July 4, 1942 entry, page 6",,,,,,,,,"Transcribed and translated by Naoko Tanabe, 2024-2025, of Densho (densho.org)",Text,image/jpeg,jpn,mg387_1_7-135,"In copyright, educational use permitted. Educational use includes non-commercial reproduction of text and images in materials for teaching and research purposes. For other contexts beyond fair use, including digital reproduction, please contact the University of Idaho Library Special Collections and Archives Department at libspec@uidaho.edu. The University of Idaho Library is not liable for any violations of the law by users.",http://rightsstatements.org/vocab/InC-EDU/1.0/,image,mg387_1_7-135.jpg,/objects/mg387_1_7-135.md,https://objects.lib.uidaho.edu/sakaino/small/mg387_1_7-135_sm.jpg,https://objects.lib.uidaho.edu/sakaino/thumbs/mg387_1_7-135_th.jpg,https://objects.lib.uidaho.edu/sakaino/mg387_1_7-135.jpg,Lined notebook paper with handwritten Japanese text in ink
sakaino234,sakaino227,"July 4, 1942 entry, page 7",,,,,,,,,"Transcribed and translated by Naoko Tanabe, 2024-2025, of Densho (densho.org)",Text,image/jpeg,jpn,mg387_1_7-136,"In copyright, educational use permitted. Educational use includes non-commercial reproduction of text and images in materials for teaching and research purposes. For other contexts beyond fair use, including digital reproduction, please contact the University of Idaho Library Special Collections and Archives Department at libspec@uidaho.edu. The University of Idaho Library is not liable for any violations of the law by users.",http://rightsstatements.org/vocab/InC-EDU/1.0/,image,mg387_1_7-136.jpg,/objects/mg387_1_7-136.md,https://objects.lib.uidaho.edu/sakaino/small/mg387_1_7-136_sm.jpg,https://objects.lib.uidaho.edu/sakaino/thumbs/mg387_1_7-136_th.jpg,https://objects.lib.uidaho.edu/sakaino/mg387_1_7-136.jpg,Lined notebook paper with handwritten Japanese text in ink
sakaino235,sakaino227,"July 4, 1942 entry, page 8",,,,,,,,,"Transcribed and translated by Naoko Tanabe, 2024-2025, of Densho (densho.org)",Text,image/jpeg,jpn,mg387_1_7-137,"In copyright, educational use permitted. Educational use includes non-commercial reproduction of text and images in materials for teaching and research purposes. For other contexts beyond fair use, including digital reproduction, please contact the University of Idaho Library Special Collections and Archives Department at libspec@uidaho.edu. The University of Idaho Library is not liable for any violations of the law by users.",http://rightsstatements.org/vocab/InC-EDU/1.0/,image,mg387_1_7-137.jpg,/objects/mg387_1_7-137.md,https://objects.lib.uidaho.edu/sakaino/small/mg387_1_7-137_sm.jpg,https://objects.lib.uidaho.edu/sakaino/thumbs/mg387_1_7-137_th.jpg,https://objects.lib.uidaho.edu/sakaino/mg387_1_7-137.jpg,Lined notebook paper with handwritten Japanese text in ink
sakaino236,sakaino227,"July 4, 1942 entry, page 9",,,,,,,,,"Transcribed and translated by Naoko Tanabe, 2024-2025, of Densho (densho.org)",Text,image/jpeg,jpn,mg387_1_7-138,"In copyright, educational use permitted. Educational use includes non-commercial reproduction of text and images in materials for teaching and research purposes. For other contexts beyond fair use, including digital reproduction, please contact the University of Idaho Library Special Collections and Archives Department at libspec@uidaho.edu. The University of Idaho Library is not liable for any violations of the law by users.",http://rightsstatements.org/vocab/InC-EDU/1.0/,image,mg387_1_7-138.jpg,/objects/mg387_1_7-138.md,https://objects.lib.uidaho.edu/sakaino/small/mg387_1_7-138_sm.jpg,https://objects.lib.uidaho.edu/sakaino/thumbs/mg387_1_7-138_th.jpg,https://objects.lib.uidaho.edu/sakaino/mg387_1_7-138.jpg,Lined notebook paper with handwritten Japanese text in ink
sakaino237,sakaino227,"July 4, 1942 entry, page 10",,,,,,,,,"Transcribed and translated by Naoko Tanabe, 2024-2025, of Densho (densho.org)",Text,image/jpeg,jpn,mg387_1_7-139,"In copyright, educational use permitted. Educational use includes non-commercial reproduction of text and images in materials for teaching and research purposes. For other contexts beyond fair use, including digital reproduction, please contact the University of Idaho Library Special Collections and Archives Department at libspec@uidaho.edu. The University of Idaho Library is not liable for any violations of the law by users.",http://rightsstatements.org/vocab/InC-EDU/1.0/,image,mg387_1_7-139.jpg,/objects/mg387_1_7-139.md,https://objects.lib.uidaho.edu/sakaino/small/mg387_1_7-139_sm.jpg,https://objects.lib.uidaho.edu/sakaino/thumbs/mg387_1_7-139_th.jpg,https://objects.lib.uidaho.edu/sakaino/mg387_1_7-139.jpg,Lined notebook paper with handwritten Japanese text in ink
sakaino238,sakaino227,"July 4, 1942 entry, page 11",,,,,,,,,"Transcribed and translated by Naoko Tanabe, 2024-2025, of Densho (densho.org)",Text,image/jpeg,jpn,mg387_1_7-140,"In copyright, educational use permitted. Educational use includes non-commercial reproduction of text and images in materials for teaching and research purposes. For other contexts beyond fair use, including digital reproduction, please contact the University of Idaho Library Special Collections and Archives Department at libspec@uidaho.edu. The University of Idaho Library is not liable for any violations of the law by users.",http://rightsstatements.org/vocab/InC-EDU/1.0/,image,mg387_1_7-140.jpg,/objects/mg387_1_7-140.md,https://objects.lib.uidaho.edu/sakaino/small/mg387_1_7-140_sm.jpg,https://objects.lib.uidaho.edu/sakaino/thumbs/mg387_1_7-140_th.jpg,https://objects.lib.uidaho.edu/sakaino/mg387_1_7-140.jpg,Lined notebook paper with handwritten Japanese text in ink
sakaino239,sakaino227,"July 4, 1942 entry, page 12",,,,,,,,,"Transcribed and translated by Naoko Tanabe, 2024-2025, of Densho (densho.org)",Text,image/jpeg,jpn,mg387_1_7-141,"In copyright, educational use permitted. Educational use includes non-commercial reproduction of text and images in materials for teaching and research purposes. For other contexts beyond fair use, including digital reproduction, please contact the University of Idaho Library Special Collections and Archives Department at libspec@uidaho.edu. The University of Idaho Library is not liable for any violations of the law by users.",http://rightsstatements.org/vocab/InC-EDU/1.0/,image,mg387_1_7-141.jpg,/objects/mg387_1_7-141.md,https://objects.lib.uidaho.edu/sakaino/small/mg387_1_7-141_sm.jpg,https://objects.lib.uidaho.edu/sakaino/thumbs/mg387_1_7-141_th.jpg,https://objects.lib.uidaho.edu/sakaino/mg387_1_7-141.jpg,Lined notebook paper with handwritten Japanese text in ink
sakaino240,sakaino227,"July 4, 1942 entry, page 13",,,,,,,,,"Transcribed and translated by Naoko Tanabe, 2024-2025, of Densho (densho.org)",Text,image/jpeg,jpn,mg387_1_7-142,"In copyright, educational use permitted. Educational use includes non-commercial reproduction of text and images in materials for teaching and research purposes. For other contexts beyond fair use, including digital reproduction, please contact the University of Idaho Library Special Collections and Archives Department at libspec@uidaho.edu. The University of Idaho Library is not liable for any violations of the law by users.",http://rightsstatements.org/vocab/InC-EDU/1.0/,image,mg387_1_7-142.jpg,/objects/mg387_1_7-142.md,https://objects.lib.uidaho.edu/sakaino/small/mg387_1_7-142_sm.jpg,https://objects.lib.uidaho.edu/sakaino/thumbs/mg387_1_7-142_th.jpg,https://objects.lib.uidaho.edu/sakaino/mg387_1_7-142.jpg,Lined notebook paper with handwritten Japanese text in ink
sakaino241,sakaino227,"July 4, 1942 entry, page 14",,,,,,,,,"Transcribed and translated by Naoko Tanabe, 2024-2025, of Densho (densho.org)",Text,image/jpeg,jpn,mg387_1_7-143,"In copyright, educational use permitted. Educational use includes non-commercial reproduction of text and images in materials for teaching and research purposes. For other contexts beyond fair use, including digital reproduction, please contact the University of Idaho Library Special Collections and Archives Department at libspec@uidaho.edu. The University of Idaho Library is not liable for any violations of the law by users.",http://rightsstatements.org/vocab/InC-EDU/1.0/,image,mg387_1_7-143.jpg,/objects/mg387_1_7-143a.md,https://objects.lib.uidaho.edu/sakaino/small/mg387_1_7-143_sm.jpg,https://objects.lib.uidaho.edu/sakaino/thumbs/mg387_1_7-143_th.jpg,https://objects.lib.uidaho.edu/sakaino/mg387_1_7-143.jpg,Lined notebook paper with handwritten Japanese text in ink
sakaino242,,"July 5, 1942 entry","Sakaino, Bunro","Camp Livingston, LA",31.442945,-92.375467,1942-07-05,"July 5, 1942, diary entry written by Bunro Sakaino while he was incarcerated at Camp Livingston, near Pineville, Louisiana.",concentration camps; diaries,"MG 387, George Shihei Shitamae papers, Special Collections and Archives, University of Idaho Library","Transcribed and translated by Naoko Tanabe, 2024-2025, of Densho (densho.org)",Text,application/pdf,jpn,mg387_1_7-1942-07-05,"In copyright, educational use permitted. Educational use includes non-commercial reproduction of text and images in materials for teaching and research purposes. For other contexts beyond fair use, including digital reproduction, please contact the University of Idaho Library Special Collections and Archives Department at libspec@uidaho.edu. The University of Idaho Library is not liable for any violations of the law by users.",http://rightsstatements.org/vocab/InC-EDU/1.0/,letter,mg387_1_7-1942-07-05.pdf,/objects/1942-07-05.md,https://objects.lib.uidaho.edu/sakaino/small/mg387_1_7-1942-07-05_sm.jpg,https://objects.lib.uidaho.edu/sakaino/thumbs/mg387_1_7-1942-07-05_th.jpg,https://objects.lib.uidaho.edu/sakaino/mg387_1_7-1942-07-05.pdf,
sakaino243,sakaino242,"July 5, 1942 entry, page 1",,,,,,,,,"Transcribed and translated by Naoko Tanabe, 2024-2025, of Densho (densho.org)",Text,image/jpeg,jpn,mg387_1_7-143,"In copyright, educational use permitted. Educational use includes non-commercial reproduction of text and images in materials for teaching and research purposes. For other contexts beyond fair use, including digital reproduction, please contact the University of Idaho Library Special Collections and Archives Department at libspec@uidaho.edu. The University of Idaho Library is not liable for any violations of the law by users.",http://rightsstatements.org/vocab/InC-EDU/1.0/,image,mg387_1_7-143.jpg,/objects/mg387_1_7-143b.md,https://objects.lib.uidaho.edu/sakaino/small/mg387_1_7-143_sm.jpg,https://objects.lib.uidaho.edu/sakaino/thumbs/mg387_1_7-143_th.jpg,https://objects.lib.uidaho.edu/sakaino/mg387_1_7-143.jpg,Lined notebook paper with handwritten Japanese text in ink
sakaino244,,"July 6, 1942 entry","Sakaino, Bunro","Camp Livingston, LA",31.442945,-92.375467,1942-07-06,"July 6, 1942, diary entry written by Bunro Sakaino while he was incarcerated at Camp Livingston, near Pineville, Louisiana.",concentration camps; diaries,"MG 387, George Shihei Shitamae papers, Special Collections and Archives, University of Idaho Library","Transcribed and translated by Naoko Tanabe, 2024-2025, of Densho (densho.org)",Text,application/pdf,jpn,mg387_1_7-1942-07-06,"In copyright, educational use permitted. Educational use includes non-commercial reproduction of text and images in materials for teaching and research purposes. For other contexts beyond fair use, including digital reproduction, please contact the University of Idaho Library Special Collections and Archives Department at libspec@uidaho.edu. The University of Idaho Library is not liable for any violations of the law by users.",http://rightsstatements.org/vocab/InC-EDU/1.0/,letter,mg387_1_7-1942-07-06.pdf,/objects/1942-07-06.md,https://objects.lib.uidaho.edu/sakaino/small/mg387_1_7-1942-07-06_sm.jpg,https://objects.lib.uidaho.edu/sakaino/thumbs/mg387_1_7-1942-07-06_th.jpg,https://objects.lib.uidaho.edu/sakaino/mg387_1_7-1942-07-06.pdf,
sakaino245,sakaino244,"July 6, 1942 entry, page 1",,,,,,,,,"Transcribed and translated by Naoko Tanabe, 2024-2025, of Densho (densho.org)",Text,image/jpeg,jpn,mg387_1_7-143,"In copyright, educational use permitted. Educational use includes non-commercial reproduction of text and images in materials for teaching and research purposes. For other contexts beyond fair use, including digital reproduction, please contact the University of Idaho Library Special Collections and Archives Department at libspec@uidaho.edu. The University of Idaho Library is not liable for any violations of the law by users.",http://rightsstatements.org/vocab/InC-EDU/1.0/,image,mg387_1_7-143.jpg,/objects/mg387_1_7-143c.md,https://objects.lib.uidaho.edu/sakaino/small/mg387_1_7-143_sm.jpg,https://objects.lib.uidaho.edu/sakaino/thumbs/mg387_1_7-143_th.jpg,https://objects.lib.uidaho.edu/sakaino/mg387_1_7-143.jpg,Lined notebook paper with handwritten Japanese text in ink
sakaino246,sakaino244,"July 6, 1942 entry, page 2",,,,,,,,,"Transcribed and translated by Naoko Tanabe, 2024-2025, of Densho (densho.org)",Text,image/jpeg,jpn,mg387_1_7-144,"In copyright, educational use permitted. Educational use includes non-commercial reproduction of text and images in materials for teaching and research purposes. For other contexts beyond fair use, including digital reproduction, please contact the University of Idaho Library Special Collections and Archives Department at libspec@uidaho.edu. The University of Idaho Library is not liable for any violations of the law by users.",http://rightsstatements.org/vocab/InC-EDU/1.0/,image,mg387_1_7-144.jpg,/objects/mg387_1_7-144a.md,https://objects.lib.uidaho.edu/sakaino/small/mg387_1_7-144_sm.jpg,https://objects.lib.uidaho.edu/sakaino/thumbs/mg387_1_7-144_th.jpg,https://objects.lib.uidaho.edu/sakaino/mg387_1_7-144.jpg,Lined notebook paper with handwritten Japanese text in ink
sakaino247,,"July 7, 1942 entry","Sakaino, Bunro","Camp Livingston, LA",31.442945,-92.375467,1942-07-07,"July 7, 1942, diary entry written by Bunro Sakaino while he was incarcerated at Camp Livingston, near Pineville, Louisiana.",concentration camps; diaries,"MG 387, George Shihei Shitamae papers, Special Collections and Archives, University of Idaho Library","Transcribed and translated by Naoko Tanabe, 2024-2025, of Densho (densho.org)",Text,application/pdf,jpn,mg387_1_7-1942-07-07,"In copyright, educational use permitted. Educational use includes non-commercial reproduction of text and images in materials for teaching and research purposes. For other contexts beyond fair use, including digital reproduction, please contact the University of Idaho Library Special Collections and Archives Department at libspec@uidaho.edu. The University of Idaho Library is not liable for any violations of the law by users.",http://rightsstatements.org/vocab/InC-EDU/1.0/,letter,mg387_1_7-1942-07-07.pdf,/objects/1942-07-07.md,https://objects.lib.uidaho.edu/sakaino/small/mg387_1_7-1942-07-07_sm.jpg,https://objects.lib.uidaho.edu/sakaino/thumbs/mg387_1_7-1942-07-07_th.jpg,https://objects.lib.uidaho.edu/sakaino/mg387_1_7-1942-07-07.pdf,
sakaino248,sakaino247,"July 7, 1942 entry, page 1",,,,,,,,,"Transcribed and translated by Naoko Tanabe, 2024-2025, of Densho (densho.org)",Text,image/jpeg,jpn,mg387_1_7-144,"In copyright, educational use permitted. Educational use includes non-commercial reproduction of text and images in materials for teaching and research purposes. For other contexts beyond fair use, including digital reproduction, please contact the University of Idaho Library Special Collections and Archives Department at libspec@uidaho.edu. The University of Idaho Library is not liable for any violations of the law by users.",http://rightsstatements.org/vocab/InC-EDU/1.0/,image,mg387_1_7-144.jpg,/objects/mg387_1_7-144b.md,https://objects.lib.uidaho.edu/sakaino/small/mg387_1_7-144_sm.jpg,https://objects.lib.uidaho.edu/sakaino/thumbs/mg387_1_7-144_th.jpg,https://objects.lib.uidaho.edu/sakaino/mg387_1_7-144.jpg,Lined notebook paper with handwritten Japanese text in ink
sakaino249,sakaino247,"July 7, 1942 entry, page 2",,,,,,,,,"Transcribed and translated by Naoko Tanabe, 2024-2025, of Densho (densho.org)",Text,image/jpeg,jpn,mg387_1_7-145,"In copyright, educational use permitted. Educational use includes non-commercial reproduction of text and images in materials for teaching and research purposes. For other contexts beyond fair use, including digital reproduction, please contact the University of Idaho Library Special Collections and Archives Department at libspec@uidaho.edu. The University of Idaho Library is not liable for any violations of the law by users.",http://rightsstatements.org/vocab/InC-EDU/1.0/,image,mg387_1_7-145.jpg,/objects/mg387_1_7-145.md,https://objects.lib.uidaho.edu/sakaino/small/mg387_1_7-145_sm.jpg,https://objects.lib.uidaho.edu/sakaino/thumbs/mg387_1_7-145_th.jpg,https://objects.lib.uidaho.edu/sakaino/mg387_1_7-145.jpg,Lined notebook paper with handwritten Japanese text in ink
sakaino250,sakaino247,"July 7, 1942 entry, page 3",,,,,,,,,"Transcribed and translated by Naoko Tanabe, 2024-2025, of Densho (densho.org)",Text,image/jpeg,jpn,mg387_1_7-146,"In copyright, educational use permitted. Educational use includes non-commercial reproduction of text and images in materials for teaching and research purposes. For other contexts beyond fair use, including digital reproduction, please contact the University of Idaho Library Special Collections and Archives Department at libspec@uidaho.edu. The University of Idaho Library is not liable for any violations of the law by users.",http://rightsstatements.org/vocab/InC-EDU/1.0/,image,mg387_1_7-146.jpg,/objects/mg387_1_7-146.md,https://objects.lib.uidaho.edu/sakaino/small/mg387_1_7-146_sm.jpg,https://objects.lib.uidaho.edu/sakaino/thumbs/mg387_1_7-146_th.jpg,https://objects.lib.uidaho.edu/sakaino/mg387_1_7-146.jpg,Lined notebook paper with handwritten Japanese text in ink
sakaino251,sakaino247,"July 7, 1942 entry, page 4",,,,,,,,,"Transcribed and translated by Naoko Tanabe, 2024-2025, of Densho (densho.org)",Text,image/jpeg,jpn,mg387_1_7-147,"In copyright, educational use permitted. Educational use includes non-commercial reproduction of text and images in materials for teaching and research purposes. For other contexts beyond fair use, including digital reproduction, please contact the University of Idaho Library Special Collections and Archives Department at libspec@uidaho.edu. The University of Idaho Library is not liable for any violations of the law by users.",http://rightsstatements.org/vocab/InC-EDU/1.0/,image,mg387_1_7-147.jpg,/objects/mg387_1_7-147.md,https://objects.lib.uidaho.edu/sakaino/small/mg387_1_7-147_sm.jpg,https://objects.lib.uidaho.edu/sakaino/thumbs/mg387_1_7-147_th.jpg,https://objects.lib.uidaho.edu/sakaino/mg387_1_7-147.jpg,Lined notebook paper with handwritten Japanese text in ink
sakaino252,sakaino247,"July 7, 1942 entry, page 5",,,,,,,,,"Transcribed and translated by Naoko Tanabe, 2024-2025, of Densho (densho.org)",Text,image/jpeg,jpn,mg387_1_7-148,"In copyright, educational use permitted. Educational use includes non-commercial reproduction of text and images in materials for teaching and research purposes. For other contexts beyond fair use, including digital reproduction, please contact the University of Idaho Library Special Collections and Archives Department at libspec@uidaho.edu. The University of Idaho Library is not liable for any violations of the law by users.",http://rightsstatements.org/vocab/InC-EDU/1.0/,image,mg387_1_7-148.jpg,/objects/mg387_1_7-148.md,https://objects.lib.uidaho.edu/sakaino/small/mg387_1_7-148_sm.jpg,https://objects.lib.uidaho.edu/sakaino/thumbs/mg387_1_7-148_th.jpg,https://objects.lib.uidaho.edu/sakaino/mg387_1_7-148.jpg,Lined notebook paper with handwritten Japanese text in ink
sakaino253,sakaino247,"July 7, 1942 entry, page 6",,,,,,,,,"Transcribed and translated by Naoko Tanabe, 2024-2025, of Densho (densho.org)",Text,image/jpeg,jpn,mg387_1_7-149,"In copyright, educational use permitted. Educational use includes non-commercial reproduction of text and images in materials for teaching and research purposes. For other contexts beyond fair use, including digital reproduction, please contact the University of Idaho Library Special Collections and Archives Department at libspec@uidaho.edu. The University of Idaho Library is not liable for any violations of the law by users.",http://rightsstatements.org/vocab/InC-EDU/1.0/,image,mg387_1_7-149.jpg,/objects/mg387_1_7-149.md,https://objects.lib.uidaho.edu/sakaino/small/mg387_1_7-149_sm.jpg,https://objects.lib.uidaho.edu/sakaino/thumbs/mg387_1_7-149_th.jpg,https://objects.lib.uidaho.edu/sakaino/mg387_1_7-149.jpg,Lined notebook paper with handwritten Japanese text in ink
sakaino254,sakaino247,"July 7, 1942 entry, page 7",,,,,,,,,"Transcribed and translated by Naoko Tanabe, 2024-2025, of Densho (densho.org)",Text,image/jpeg,jpn,mg387_1_7-150,"In copyright, educational use permitted. Educational use includes non-commercial reproduction of text and images in materials for teaching and research purposes. For other contexts beyond fair use, including digital reproduction, please contact the University of Idaho Library Special Collections and Archives Department at libspec@uidaho.edu. The University of Idaho Library is not liable for any violations of the law by users.",http://rightsstatements.org/vocab/InC-EDU/1.0/,image,mg387_1_7-150.jpg,/objects/mg387_1_7-150.md,https://objects.lib.uidaho.edu/sakaino/small/mg387_1_7-150_sm.jpg,https://objects.lib.uidaho.edu/sakaino/thumbs/mg387_1_7-150_th.jpg,https://objects.lib.uidaho.edu/sakaino/mg387_1_7-150.jpg,Lined notebook paper with handwritten Japanese text in ink
sakaino255,sakaino247,"July 7, 1942 entry, page 8",,,,,,,,,"Transcribed and translated by Naoko Tanabe, 2024-2025, of Densho (densho.org)",Text,image/jpeg,jpn,mg387_1_7-151,"In copyright, educational use permitted. Educational use includes non-commercial reproduction of text and images in materials for teaching and research purposes. For other contexts beyond fair use, including digital reproduction, please contact the University of Idaho Library Special Collections and Archives Department at libspec@uidaho.edu. The University of Idaho Library is not liable for any violations of the law by users.",http://rightsstatements.org/vocab/InC-EDU/1.0/,image,mg387_1_7-151.jpg,/objects/mg387_1_7-151a.md,https://objects.lib.uidaho.edu/sakaino/small/mg387_1_7-151_sm.jpg,https://objects.lib.uidaho.edu/sakaino/thumbs/mg387_1_7-151_th.jpg,https://objects.lib.uidaho.edu/sakaino/mg387_1_7-151.jpg,Lined notebook paper with handwritten Japanese text in ink
sakaino256,,"July 8, 1942 entry","Sakaino, Bunro","Camp Livingston, LA",31.442945,-92.375467,1942-07-08,"July 8, 1942, diary entry written by Bunro Sakaino while he was incarcerated at Camp Livingston, near Pineville, Louisiana.",concentration camps; diaries,"MG 387, George Shihei Shitamae papers, Special Collections and Archives, University of Idaho Library","Transcribed and translated by Naoko Tanabe, 2024-2025, of Densho (densho.org)",Text,application/pdf,jpn,mg387_1_7-1942-07-08,"In copyright, educational use permitted. Educational use includes non-commercial reproduction of text and images in materials for teaching and research purposes. For other contexts beyond fair use, including digital reproduction, please contact the University of Idaho Library Special Collections and Archives Department at libspec@uidaho.edu. The University of Idaho Library is not liable for any violations of the law by users.",http://rightsstatements.org/vocab/InC-EDU/1.0/,letter,mg387_1_7-1942-07-08.pdf,/objects/1942-07-08.md,https://objects.lib.uidaho.edu/sakaino/small/mg387_1_7-1942-07-08_sm.jpg,https://objects.lib.uidaho.edu/sakaino/thumbs/mg387_1_7-1942-07-08_th.jpg,https://objects.lib.uidaho.edu/sakaino/mg387_1_7-1942-07-08.pdf,
sakaino257,sakaino256,"July 8, 1942 entry, page 1",,,,,,,,,"Transcribed and translated by Naoko Tanabe, 2024-2025, of Densho (densho.org)",Text,image/jpeg,jpn,mg387_1_7-151,"In copyright, educational use permitted. Educational use includes non-commercial reproduction of text and images in materials for teaching and research purposes. For other contexts beyond fair use, including digital reproduction, please contact the University of Idaho Library Special Collections and Archives Department at libspec@uidaho.edu. The University of Idaho Library is not liable for any violations of the law by users.",http://rightsstatements.org/vocab/InC-EDU/1.0/,image,mg387_1_7-151.jpg,/objects/mg387_1_7-151b.md,https://objects.lib.uidaho.edu/sakaino/small/mg387_1_7-151_sm.jpg,https://objects.lib.uidaho.edu/sakaino/thumbs/mg387_1_7-151_th.jpg,https://objects.lib.uidaho.edu/sakaino/mg387_1_7-151.jpg,Lined notebook paper with handwritten Japanese text in ink
sakaino258,sakaino256,"July 8, 1942 entry, page 2",,,,,,,,,"Transcribed and translated by Naoko Tanabe, 2024-2025, of Densho (densho.org)",Text,image/jpeg,jpn,mg387_1_7-152,"In copyright, educational use permitted. Educational use includes non-commercial reproduction of text and images in materials for teaching and research purposes. For other contexts beyond fair use, including digital reproduction, please contact the University of Idaho Library Special Collections and Archives Department at libspec@uidaho.edu. The University of Idaho Library is not liable for any violations of the law by users.",http://rightsstatements.org/vocab/InC-EDU/1.0/,image,mg387_1_7-152.jpg,/objects/mg387_1_7-152.md,https://objects.lib.uidaho.edu/sakaino/small/mg387_1_7-152_sm.jpg,https://objects.lib.uidaho.edu/sakaino/thumbs/mg387_1_7-152_th.jpg,https://objects.lib.uidaho.edu/sakaino/mg387_1_7-152.jpg,Lined notebook paper with handwritten Japanese text in ink
sakaino259,sakaino256,"July 8, 1942 entry, page 3",,,,,,,,,"Transcribed and translated by Naoko Tanabe, 2024-2025, of Densho (densho.org)",Text,image/jpeg,jpn,mg387_1_7-153,"In copyright, educational use permitted. Educational use includes non-commercial reproduction of text and images in materials for teaching and research purposes. For other contexts beyond fair use, including digital reproduction, please contact the University of Idaho Library Special Collections and Archives Department at libspec@uidaho.edu. The University of Idaho Library is not liable for any violations of the law by users.",http://rightsstatements.org/vocab/InC-EDU/1.0/,image,mg387_1_7-153.jpg,/objects/mg387_1_7-153a.md,https://objects.lib.uidaho.edu/sakaino/small/mg387_1_7-153_sm.jpg,https://objects.lib.uidaho.edu/sakaino/thumbs/mg387_1_7-153_th.jpg,https://objects.lib.uidaho.edu/sakaino/mg387_1_7-153.jpg,Lined notebook paper with handwritten Japanese text in ink
sakaino260,,"July 9, 1942 entry","Sakaino, Bunro","Camp Livingston, LA",31.442945,-92.375467,1942-07-09,"July 9, 1942, diary entry written by Bunro Sakaino while he was incarcerated at Camp Livingston, near Pineville, Louisiana.",concentration camps; diaries,"MG 387, George Shihei Shitamae papers, Special Collections and Archives, University of Idaho Library","Transcribed and translated by Naoko Tanabe, 2024-2025, of Densho (densho.org)",Text,application/pdf,jpn,mg387_1_7-1942-07-09,"In copyright, educational use permitted. Educational use includes non-commercial reproduction of text and images in materials for teaching and research purposes. For other contexts beyond fair use, including digital reproduction, please contact the University of Idaho Library Special Collections and Archives Department at libspec@uidaho.edu. The University of Idaho Library is not liable for any violations of the law by users.",http://rightsstatements.org/vocab/InC-EDU/1.0/,letter,mg387_1_7-1942-07-09.pdf,/objects/1942-07-09.md,https://objects.lib.uidaho.edu/sakaino/small/mg387_1_7-1942-07-09_sm.jpg,https://objects.lib.uidaho.edu/sakaino/thumbs/mg387_1_7-1942-07-09_th.jpg,https://objects.lib.uidaho.edu/sakaino/mg387_1_7-1942-07-09.pdf,
sakaino261,sakaino260,"July 9, 1942 entry, page 1",,,,,,,,,"Transcribed and translated by Naoko Tanabe, 2024-2025, of Densho (densho.org)",Text,image/jpeg,jpn,mg387_1_7-153,"In copyright, educational use permitted. Educational use includes non-commercial reproduction of text and images in materials for teaching and research purposes. For other contexts beyond fair use, including digital reproduction, please contact the University of Idaho Library Special Collections and Archives Department at libspec@uidaho.edu. The University of Idaho Library is not liable for any violations of the law by users.",http://rightsstatements.org/vocab/InC-EDU/1.0/,image,mg387_1_7-153.jpg,/objects/mg387_1_7-153b.md,https://objects.lib.uidaho.edu/sakaino/small/mg387_1_7-153_sm.jpg,https://objects.lib.uidaho.edu/sakaino/thumbs/mg387_1_7-153_th.jpg,https://objects.lib.uidaho.edu/sakaino/mg387_1_7-153.jpg,Lined notebook paper with handwritten Japanese text in ink
sakaino262,sakaino260,"July 9, 1942 entry, page 2",,,,,,,,,"Transcribed and translated by Naoko Tanabe, 2024-2025, of Densho (densho.org)",Text,image/jpeg,jpn,mg387_1_7-154,"In copyright, educational use permitted. Educational use includes non-commercial reproduction of text and images in materials for teaching and research purposes. For other contexts beyond fair use, including digital reproduction, please contact the University of Idaho Library Special Collections and Archives Department at libspec@uidaho.edu. The University of Idaho Library is not liable for any violations of the law by users.",http://rightsstatements.org/vocab/InC-EDU/1.0/,image,mg387_1_7-154.jpg,/objects/mg387_1_7-154a.md,https://objects.lib.uidaho.edu/sakaino/small/mg387_1_7-154_sm.jpg,https://objects.lib.uidaho.edu/sakaino/thumbs/mg387_1_7-154_th.jpg,https://objects.lib.uidaho.edu/sakaino/mg387_1_7-154.jpg,Lined notebook paper with handwritten Japanese text in ink
sakaino263,,"July 10, 1942 entry","Sakaino, Bunro","Camp Livingston, LA",31.442945,-92.375467,1942-07-10,"July 10, 1942, diary entry written by Bunro Sakaino while he was incarcerated at Camp Livingston, near Pineville, Louisiana.",concentration camps; diaries,"MG 387, George Shihei Shitamae papers, Special Collections and Archives, University of Idaho Library","Transcribed and translated by Naoko Tanabe, 2024-2025, of Densho (densho.org)",Text,application/pdf,jpn,mg387_1_7-1942-07-10,"In copyright, educational use permitted. Educational use includes non-commercial reproduction of text and images in materials for teaching and research purposes. For other contexts beyond fair use, including digital reproduction, please contact the University of Idaho Library Special Collections and Archives Department at libspec@uidaho.edu. The University of Idaho Library is not liable for any violations of the law by users.",http://rightsstatements.org/vocab/InC-EDU/1.0/,letter,mg387_1_7-1942-07-10.pdf,/objects/1942-07-10.md,https://objects.lib.uidaho.edu/sakaino/small/mg387_1_7-1942-07-10_sm.jpg,https://objects.lib.uidaho.edu/sakaino/thumbs/mg387_1_7-1942-07-10_th.jpg,https://objects.lib.uidaho.edu/sakaino/mg387_1_7-1942-07-10.pdf,
sakaino264,sakaino263,"July 10, 1942 entry, page 1",,,,,,,,,"Transcribed and translated by Naoko Tanabe, 2024-2025, of Densho (densho.org)",Text,image/jpeg,jpn,mg387_1_7-154,"In copyright, educational use permitted. Educational use includes non-commercial reproduction of text and images in materials for teaching and research purposes. For other contexts beyond fair use, including digital reproduction, please contact the University of Idaho Library Special Collections and Archives Department at libspec@uidaho.edu. The University of Idaho Library is not liable for any violations of the law by users.",http://rightsstatements.org/vocab/InC-EDU/1.0/,image,mg387_1_7-154.jpg,/objects/mg387_1_7-154b.md,https://objects.lib.uidaho.edu/sakaino/small/mg387_1_7-154_sm.jpg,https://objects.lib.uidaho.edu/sakaino/thumbs/mg387_1_7-154_th.jpg,https://objects.lib.uidaho.edu/sakaino/mg387_1_7-154.jpg,Lined notebook paper with handwritten Japanese text in ink
sakaino265,sakaino263,"July 10, 1942 entry, page 2",,,,,,,,,"Transcribed and translated by Naoko Tanabe, 2024-2025, of Densho (densho.org)",Text,image/jpeg,jpn,mg387_1_7-155,"In copyright, educational use permitted. Educational use includes non-commercial reproduction of text and images in materials for teaching and research purposes. For other contexts beyond fair use, including digital reproduction, please contact the University of Idaho Library Special Collections and Archives Department at libspec@uidaho.edu. The University of Idaho Library is not liable for any violations of the law by users.",http://rightsstatements.org/vocab/InC-EDU/1.0/,image,mg387_1_7-155.jpg,/objects/mg387_1_7-155a.md,https://objects.lib.uidaho.edu/sakaino/small/mg387_1_7-155_sm.jpg,https://objects.lib.uidaho.edu/sakaino/thumbs/mg387_1_7-155_th.jpg,https://objects.lib.uidaho.edu/sakaino/mg387_1_7-155.jpg,Lined notebook paper with handwritten Japanese text in ink
sakaino266,,"July 16, 1942 entry","Sakaino, Bunro","Camp Livingston, LA",31.442945,-92.375467,1942-07-16,"July 16, 1942, diary entry written by Bunro Sakaino while he was incarcerated at Camp Livingston, near Pineville, Louisiana.",concentration camps; diaries,"MG 387, George Shihei Shitamae papers, Special Collections and Archives, University of Idaho Library","Transcribed and translated by Naoko Tanabe, 2024-2025, of Densho (densho.org)",Text,application/pdf,jpn,mg387_1_7-1942-07-16,"In copyright, educational use permitted. Educational use includes non-commercial reproduction of text and images in materials for teaching and research purposes. For other contexts beyond fair use, including digital reproduction, please contact the University of Idaho Library Special Collections and Archives Department at libspec@uidaho.edu. The University of Idaho Library is not liable for any violations of the law by users.",http://rightsstatements.org/vocab/InC-EDU/1.0/,letter,mg387_1_7-1942-07-16.pdf,/objects/1942-07-16.md,https://objects.lib.uidaho.edu/sakaino/small/mg387_1_7-1942-07-16_sm.jpg,https://objects.lib.uidaho.edu/sakaino/thumbs/mg387_1_7-1942-07-16_th.jpg,https://objects.lib.uidaho.edu/sakaino/mg387_1_7-1942-07-16.pdf,
sakaino267,sakaino266,"July 16, 1942 entry, page 1",,,,,,,,,"Transcribed and translated by Naoko Tanabe, 2024-2025, of Densho (densho.org)",Text,image/jpeg,jpn,mg387_1_7-155,"In copyright, educational use permitted. Educational use includes non-commercial reproduction of text and images in materials for teaching and research purposes. For other contexts beyond fair use, including digital reproduction, please contact the University of Idaho Library Special Collections and Archives Department at libspec@uidaho.edu. The University of Idaho Library is not liable for any violations of the law by users.",http://rightsstatements.org/vocab/InC-EDU/1.0/,image,mg387_1_7-155.jpg,/objects/mg387_1_7-155b.md,https://objects.lib.uidaho.edu/sakaino/small/mg387_1_7-155_sm.jpg,https://objects.lib.uidaho.edu/sakaino/thumbs/mg387_1_7-155_th.jpg,https://objects.lib.uidaho.edu/sakaino/mg387_1_7-155.jpg,Lined notebook paper with handwritten Japanese text in ink
sakaino268,sakaino266,"July 16, 1942 entry, page 2",,,,,,,,,"Transcribed and translated by Naoko Tanabe, 2024-2025, of Densho (densho.org)",Text,image/jpeg,jpn,mg387_1_7-156,"In copyright, educational use permitted. Educational use includes non-commercial reproduction of text and images in materials for teaching and research purposes. For other contexts beyond fair use, including digital reproduction, please contact the University of Idaho Library Special Collections and Archives Department at libspec@uidaho.edu. The University of Idaho Library is not liable for any violations of the law by users.",http://rightsstatements.org/vocab/InC-EDU/1.0/,image,mg387_1_7-156.jpg,/objects/mg387_1_7-156.md,https://objects.lib.uidaho.edu/sakaino/small/mg387_1_7-156_sm.jpg,https://objects.lib.uidaho.edu/sakaino/thumbs/mg387_1_7-156_th.jpg,https://objects.lib.uidaho.edu/sakaino/mg387_1_7-156.jpg,Lined notebook paper with handwritten Japanese text in ink
sakaino269,sakaino266,"July 16, 1942 entry, page 3",,,,,,,,,"Transcribed and translated by Naoko Tanabe, 2024-2025, of Densho (densho.org)",Text,image/jpeg,jpn,mg387_1_7-157,"In copyright, educational use permitted. Educational use includes non-commercial reproduction of text and images in materials for teaching and research purposes. For other contexts beyond fair use, including digital reproduction, please contact the University of Idaho Library Special Collections and Archives Department at libspec@uidaho.edu. The University of Idaho Library is not liable for any violations of the law by users.",http://rightsstatements.org/vocab/InC-EDU/1.0/,image,mg387_1_7-157.jpg,/objects/mg387_1_7-157a.md,https://objects.lib.uidaho.edu/sakaino/small/mg387_1_7-157_sm.jpg,https://objects.lib.uidaho.edu/sakaino/thumbs/mg387_1_7-157_th.jpg,https://objects.lib.uidaho.edu/sakaino/mg387_1_7-157.jpg,Lined notebook paper with handwritten Japanese text in ink
sakaino270,,"July 17, 1942 entry","Sakaino, Bunro","Camp Livingston, LA",31.442945,-92.375467,1942-07-17,"July 17, 1942, diary entry written by Bunro Sakaino while he was incarcerated at Camp Livingston, near Pineville, Louisiana.",concentration camps; diaries,"MG 387, George Shihei Shitamae papers, Special Collections and Archives, University of Idaho Library","Transcribed and translated by Naoko Tanabe, 2024-2025, of Densho (densho.org)",Text,application/pdf,jpn,mg387_1_7-1942-07-17,"In copyright, educational use permitted. Educational use includes non-commercial reproduction of text and images in materials for teaching and research purposes. For other contexts beyond fair use, including digital reproduction, please contact the University of Idaho Library Special Collections and Archives Department at libspec@uidaho.edu. The University of Idaho Library is not liable for any violations of the law by users.",http://rightsstatements.org/vocab/InC-EDU/1.0/,letter,mg387_1_7-1942-07-17.pdf,/objects/1942-07-17.md,https://objects.lib.uidaho.edu/sakaino/small/mg387_1_7-1942-07-17_sm.jpg,https://objects.lib.uidaho.edu/sakaino/thumbs/mg387_1_7-1942-07-17_th.jpg,https://objects.lib.uidaho.edu/sakaino/mg387_1_7-1942-07-17.pdf,
sakaino271,sakaino270,"July 17, 1942 entry, page 1",,,,,,,,,"Transcribed and translated by Naoko Tanabe, 2024-2025, of Densho (densho.org)",Text,image/jpeg,jpn,mg387_1_7-157,"In copyright, educational use permitted. Educational use includes non-commercial reproduction of text and images in materials for teaching and research purposes. For other contexts beyond fair use, including digital reproduction, please contact the University of Idaho Library Special Collections and Archives Department at libspec@uidaho.edu. The University of Idaho Library is not liable for any violations of the law by users.",http://rightsstatements.org/vocab/InC-EDU/1.0/,image,mg387_1_7-157.jpg,/objects/mg387_1_7-157b.md,https://objects.lib.uidaho.edu/sakaino/small/mg387_1_7-157_sm.jpg,https://objects.lib.uidaho.edu/sakaino/thumbs/mg387_1_7-157_th.jpg,https://objects.lib.uidaho.edu/sakaino/mg387_1_7-157.jpg,Lined notebook paper with handwritten Japanese text in ink
sakaino272,sakaino270,"July 17, 1942 entry, page 2",,,,,,,,,"Transcribed and translated by Naoko Tanabe, 2024-2025, of Densho (densho.org)",Text,image/jpeg,jpn,mg387_1_7-158,"In copyright, educational use permitted. Educational use includes non-commercial reproduction of text and images in materials for teaching and research purposes. For other contexts beyond fair use, including digital reproduction, please contact the University of Idaho Library Special Collections and Archives Department at libspec@uidaho.edu. The University of Idaho Library is not liable for any violations of the law by users.",http://rightsstatements.org/vocab/InC-EDU/1.0/,image,mg387_1_7-158.jpg,/objects/mg387_1_7-158a.md,https://objects.lib.uidaho.edu/sakaino/small/mg387_1_7-158_sm.jpg,https://objects.lib.uidaho.edu/sakaino/thumbs/mg387_1_7-158_th.jpg,https://objects.lib.uidaho.edu/sakaino/mg387_1_7-158.jpg,Lined notebook paper with handwritten Japanese text in ink
sakaino273,,"July 18, 1942 entry","Sakaino, Bunro","Camp Livingston, LA",31.442945,-92.375467,1942-07-18,"July 18, 1942, diary entry written by Bunro Sakaino while he was incarcerated at Camp Livingston, near Pineville, Louisiana.",concentration camps; diaries,"MG 387, George Shihei Shitamae papers, Special Collections and Archives, University of Idaho Library","Transcribed and translated by Naoko Tanabe, 2024-2025, of Densho (densho.org)",Text,application/pdf,jpn,mg387_1_7-1942-07-18,"In copyright, educational use permitted. Educational use includes non-commercial reproduction of text and images in materials for teaching and research purposes. For other contexts beyond fair use, including digital reproduction, please contact the University of Idaho Library Special Collections and Archives Department at libspec@uidaho.edu. The University of Idaho Library is not liable for any violations of the law by users.",http://rightsstatements.org/vocab/InC-EDU/1.0/,letter,mg387_1_7-1942-07-18.pdf,/objects/1942-07-18.md,https://objects.lib.uidaho.edu/sakaino/small/mg387_1_7-1942-07-18_sm.jpg,https://objects.lib.uidaho.edu/sakaino/thumbs/mg387_1_7-1942-07-18_th.jpg,https://objects.lib.uidaho.edu/sakaino/mg387_1_7-1942-07-18.pdf,
sakaino274,sakaino273,"July 18, 1942 entry, page 1",,,,,,,,,"Transcribed and translated by Naoko Tanabe, 2024-2025, of Densho (densho.org)",Text,image/jpeg,jpn,mg387_1_7-158,"In copyright, educational use permitted. Educational use includes non-commercial reproduction of text and images in materials for teaching and research purposes. For other contexts beyond fair use, including digital reproduction, please contact the University of Idaho Library Special Collections and Archives Department at libspec@uidaho.edu. The University of Idaho Library is not liable for any violations of the law by users.",http://rightsstatements.org/vocab/InC-EDU/1.0/,image,mg387_1_7-158.jpg,/objects/mg387_1_7-158b.md,https://objects.lib.uidaho.edu/sakaino/small/mg387_1_7-158_sm.jpg,https://objects.lib.uidaho.edu/sakaino/thumbs/mg387_1_7-158_th.jpg,https://objects.lib.uidaho.edu/sakaino/mg387_1_7-158.jpg,Lined notebook paper with handwritten Japanese text in ink
sakaino275,sakaino273,"July 18, 1942 entry, page 2",,,,,,,,,"Transcribed and translated by Naoko Tanabe, 2024-2025, of Densho (densho.org)",Text,image/jpeg,jpn,mg387_1_7-159,"In copyright, educational use permitted. Educational use includes non-commercial reproduction of text and images in materials for teaching and research purposes. For other contexts beyond fair use, including digital reproduction, please contact the University of Idaho Library Special Collections and Archives Department at libspec@uidaho.edu. The University of Idaho Library is not liable for any violations of the law by users.",http://rightsstatements.org/vocab/InC-EDU/1.0/,image,mg387_1_7-159.jpg,/objects/mg387_1_7-159a.md,https://objects.lib.uidaho.edu/sakaino/small/mg387_1_7-159_sm.jpg,https://objects.lib.uidaho.edu/sakaino/thumbs/mg387_1_7-159_th.jpg,https://objects.lib.uidaho.edu/sakaino/mg387_1_7-159.jpg,Lined notebook paper with handwritten Japanese text in ink
sakaino276,,"July 19, 1942 entry","Sakaino, Bunro","Camp Livingston, LA",31.442945,-92.375467,1942-07-19,"July 19, 1942, diary entry written by Bunro Sakaino while he was incarcerated at Camp Livingston, near Pineville, Louisiana.",concentration camps; diaries,"MG 387, George Shihei Shitamae papers, Special Collections and Archives, University of Idaho Library","Transcribed and translated by Naoko Tanabe, 2024-2025, of Densho (densho.org)",Text,application/pdf,jpn,mg387_1_7-1942-07-19,"In copyright, educational use permitted. Educational use includes non-commercial reproduction of text and images in materials for teaching and research purposes. For other contexts beyond fair use, including digital reproduction, please contact the University of Idaho Library Special Collections and Archives Department at libspec@uidaho.edu. The University of Idaho Library is not liable for any violations of the law by users.",http://rightsstatements.org/vocab/InC-EDU/1.0/,letter,mg387_1_7-1942-07-19.pdf,/objects/1942-07-19.md,https://objects.lib.uidaho.edu/sakaino/small/mg387_1_7-1942-07-19_sm.jpg,https://objects.lib.uidaho.edu/sakaino/thumbs/mg387_1_7-1942-07-19_th.jpg,https://objects.lib.uidaho.edu/sakaino/mg387_1_7-1942-07-19.pdf,
sakaino277,sakaino276,"July 19, 1942 entry, page 1",,,,,,,,,"Transcribed and translated by Naoko Tanabe, 2024-2025, of Densho (densho.org)",Text,image/jpeg,jpn,mg387_1_7-159,"In copyright, educational use permitted. Educational use includes non-commercial reproduction of text and images in materials for teaching and research purposes. For other contexts beyond fair use, including digital reproduction, please contact the University of Idaho Library Special Collections and Archives Department at libspec@uidaho.edu. The University of Idaho Library is not liable for any violations of the law by users.",http://rightsstatements.org/vocab/InC-EDU/1.0/,image,mg387_1_7-159.jpg,/objects/mg387_1_7-159b.md,https://objects.lib.uidaho.edu/sakaino/small/mg387_1_7-159_sm.jpg,https://objects.lib.uidaho.edu/sakaino/thumbs/mg387_1_7-159_th.jpg,https://objects.lib.uidaho.edu/sakaino/mg387_1_7-159.jpg,Lined notebook paper with handwritten Japanese text in ink
sakaino278,sakaino276,"July 19, 1942 entry, page 2",,,,,,,,,"Transcribed and translated by Naoko Tanabe, 2024-2025, of Densho (densho.org)",Text,image/jpeg,jpn,mg387_1_7-160,"In copyright, educational use permitted. Educational use includes non-commercial reproduction of text and images in materials for teaching and research purposes. For other contexts beyond fair use, including digital reproduction, please contact the University of Idaho Library Special Collections and Archives Department at libspec@uidaho.edu. The University of Idaho Library is not liable for any violations of the law by users.",http://rightsstatements.org/vocab/InC-EDU/1.0/,image,mg387_1_7-160.jpg,/objects/mg387_1_7-160.md,https://objects.lib.uidaho.edu/sakaino/small/mg387_1_7-160_sm.jpg,https://objects.lib.uidaho.edu/sakaino/thumbs/mg387_1_7-160_th.jpg,https://objects.lib.uidaho.edu/sakaino/mg387_1_7-160.jpg,Lined notebook paper with handwritten Japanese text in ink
sakaino279,sakaino276,"July 19, 1942 entry, page 3",,,,,,,,,"Transcribed and translated by Naoko Tanabe, 2024-2025, of Densho (densho.org)",Text,image/jpeg,jpn,mg387_1_7-161,"In copyright, educational use permitted. Educational use includes non-commercial reproduction of text and images in materials for teaching and research purposes. For other contexts beyond fair use, including digital reproduction, please contact the University of Idaho Library Special Collections and Archives Department at libspec@uidaho.edu. The University of Idaho Library is not liable for any violations of the law by users.",http://rightsstatements.org/vocab/InC-EDU/1.0/,image,mg387_1_7-161.jpg,/objects/mg387_1_7-161.md,https://objects.lib.uidaho.edu/sakaino/small/mg387_1_7-161_sm.jpg,https://objects.lib.uidaho.edu/sakaino/thumbs/mg387_1_7-161_th.jpg,https://objects.lib.uidaho.edu/sakaino/mg387_1_7-161.jpg,Lined notebook paper with handwritten Japanese text in ink
sakaino280,,"July 20, 1942 entry","Sakaino, Bunro","Camp Livingston, LA",31.442945,-92.375467,1942-07-20,"July 20, 1942, diary entry written by Bunro Sakaino while he was incarcerated at Camp Livingston, near Pineville, Louisiana.",concentration camps; diaries,"MG 387, George Shihei Shitamae papers, Special Collections and Archives, University of Idaho Library","Transcribed and translated by Naoko Tanabe, 2024-2025, of Densho (densho.org)",Text,application/pdf,jpn,mg387_1_7-1942-07-20,"In copyright, educational use permitted. Educational use includes non-commercial reproduction of text and images in materials for teaching and research purposes. For other contexts beyond fair use, including digital reproduction, please contact the University of Idaho Library Special Collections and Archives Department at libspec@uidaho.edu. The University of Idaho Library is not liable for any violations of the law by users.",http://rightsstatements.org/vocab/InC-EDU/1.0/,letter,mg387_1_7-1942-07-20.pdf,/objects/1942-07-20.md,https://objects.lib.uidaho.edu/sakaino/small/mg387_1_7-1942-07-20_sm.jpg,https://objects.lib.uidaho.edu/sakaino/thumbs/mg387_1_7-1942-07-20_th.jpg,https://objects.lib.uidaho.edu/sakaino/mg387_1_7-1942-07-20.pdf,
sakaino281,sakaino280,"July 20, 1942 entry, page 1",,,,,,,,,"Transcribed and translated by Naoko Tanabe, 2024-2025, of Densho (densho.org)",Text,image/jpeg,jpn,mg387_1_7-162,"In copyright, educational use permitted. Educational use includes non-commercial reproduction of text and images in materials for teaching and research purposes. For other contexts beyond fair use, including digital reproduction, please contact the University of Idaho Library Special Collections and Archives Department at libspec@uidaho.edu. The University of Idaho Library is not liable for any violations of the law by users.",http://rightsstatements.org/vocab/InC-EDU/1.0/,image,mg387_1_7-162.jpg,/objects/mg387_1_7-162.md,https://objects.lib.uidaho.edu/sakaino/small/mg387_1_7-162_sm.jpg,https://objects.lib.uidaho.edu/sakaino/thumbs/mg387_1_7-162_th.jpg,https://objects.lib.uidaho.edu/sakaino/mg387_1_7-162.jpg,Lined notebook paper with handwritten Japanese text in ink
sakaino282,sakaino280,"July 20, 1942 entry, page 2",,,,,,,,,"Transcribed and translated by Naoko Tanabe, 2024-2025, of Densho (densho.org)",Text,image/jpeg,jpn,mg387_1_7-163,"In copyright, educational use permitted. Educational use includes non-commercial reproduction of text and images in materials for teaching and research purposes. For other contexts beyond fair use, including digital reproduction, please contact the University of Idaho Library Special Collections and Archives Department at libspec@uidaho.edu. The University of Idaho Library is not liable for any violations of the law by users.",http://rightsstatements.org/vocab/InC-EDU/1.0/,image,mg387_1_7-163.jpg,/objects/mg387_1_7-163a.md,https://objects.lib.uidaho.edu/sakaino/small/mg387_1_7-163_sm.jpg,https://objects.lib.uidaho.edu/sakaino/thumbs/mg387_1_7-163_th.jpg,https://objects.lib.uidaho.edu/sakaino/mg387_1_7-163.jpg,Lined notebook paper with handwritten Japanese text in ink
sakaino283,,"July 21, 1942 entry","Sakaino, Bunro","Camp Livingston, LA",31.442945,-92.375467,1942-07-21,"July 21, 1942, diary entry written by Bunro Sakaino while he was incarcerated at Camp Livingston, near Pineville, Louisiana.",concentration camps; diaries,"MG 387, George Shihei Shitamae papers, Special Collections and Archives, University of Idaho Library","Transcribed and translated by Naoko Tanabe, 2024-2025, of Densho (densho.org)",Text,application/pdf,jpn,mg387_1_7-1942-07-21,"In copyright, educational use permitted. Educational use includes non-commercial reproduction of text and images in materials for teaching and research purposes. For other contexts beyond fair use, including digital reproduction, please contact the University of Idaho Library Special Collections and Archives Department at libspec@uidaho.edu. The University of Idaho Library is not liable for any violations of the law by users.",http://rightsstatements.org/vocab/InC-EDU/1.0/,letter,mg387_1_7-1942-07-21.pdf,/objects/1942-07-21.md,https://objects.lib.uidaho.edu/sakaino/small/mg387_1_7-1942-07-21_sm.jpg,https://objects.lib.uidaho.edu/sakaino/thumbs/mg387_1_7-1942-07-21_th.jpg,https://objects.lib.uidaho.edu/sakaino/mg387_1_7-1942-07-21.pdf,
sakaino284,sakaino283,"July 21, 1942 entry, page 1",,,,,,,,,"Transcribed and translated by Naoko Tanabe, 2024-2025, of Densho (densho.org)",Text,image/jpeg,jpn,mg387_1_7-163,"In copyright, educational use permitted. Educational use includes non-commercial reproduction of text and images in materials for teaching and research purposes. For other contexts beyond fair use, including digital reproduction, please contact the University of Idaho Library Special Collections and Archives Department at libspec@uidaho.edu. The University of Idaho Library is not liable for any violations of the law by users.",http://rightsstatements.org/vocab/InC-EDU/1.0/,image,mg387_1_7-163.jpg,/objects/mg387_1_7-163b.md,https://objects.lib.uidaho.edu/sakaino/small/mg387_1_7-163_sm.jpg,https://objects.lib.uidaho.edu/sakaino/thumbs/mg387_1_7-163_th.jpg,https://objects.lib.uidaho.edu/sakaino/mg387_1_7-163.jpg,Lined notebook paper with handwritten Japanese text in ink
sakaino285,sakaino283,"July 21, 1942 entry, page 2",,,,,,,,,"Transcribed and translated by Naoko Tanabe, 2024-2025, of Densho (densho.org)",Text,image/jpeg,jpn,mg387_1_7-164,"In copyright, educational use permitted. Educational use includes non-commercial reproduction of text and images in materials for teaching and research purposes. For other contexts beyond fair use, including digital reproduction, please contact the University of Idaho Library Special Collections and Archives Department at libspec@uidaho.edu. The University of Idaho Library is not liable for any violations of the law by users.",http://rightsstatements.org/vocab/InC-EDU/1.0/,image,mg387_1_7-164.jpg,/objects/mg387_1_7-164.md,https://objects.lib.uidaho.edu/sakaino/small/mg387_1_7-164_sm.jpg,https://objects.lib.uidaho.edu/sakaino/thumbs/mg387_1_7-164_th.jpg,https://objects.lib.uidaho.edu/sakaino/mg387_1_7-164.jpg,Lined notebook paper with handwritten Japanese text in ink
sakaino286,sakaino283,"July 21, 1942 entry, page 3",,,,,,,,,"Transcribed and translated by Naoko Tanabe, 2024-2025, of Densho (densho.org)",Text,image/jpeg,jpn,mg387_1_7-165,"In copyright, educational use permitted. Educational use includes non-commercial reproduction of text and images in materials for teaching and research purposes. For other contexts beyond fair use, including digital reproduction, please contact the University of Idaho Library Special Collections and Archives Department at libspec@uidaho.edu. The University of Idaho Library is not liable for any violations of the law by users.",http://rightsstatements.org/vocab/InC-EDU/1.0/,image,mg387_1_7-165.jpg,/objects/mg387_1_7-165.md,https://objects.lib.uidaho.edu/sakaino/small/mg387_1_7-165_sm.jpg,https://objects.lib.uidaho.edu/sakaino/thumbs/mg387_1_7-165_th.jpg,https://objects.lib.uidaho.edu/sakaino/mg387_1_7-165.jpg,Lined notebook paper with handwritten Japanese text in ink
sakaino287,sakaino283,"July 21, 1942 entry, page 4",,,,,,,,,"Transcribed and translated by Naoko Tanabe, 2024-2025, of Densho (densho.org)",Text,image/jpeg,jpn,mg387_1_7-166,"In copyright, educational use permitted. Educational use includes non-commercial reproduction of text and images in materials for teaching and research purposes. For other contexts beyond fair use, including digital reproduction, please contact the University of Idaho Library Special Collections and Archives Department at libspec@uidaho.edu. The University of Idaho Library is not liable for any violations of the law by users.",http://rightsstatements.org/vocab/InC-EDU/1.0/,image,mg387_1_7-166.jpg,/objects/mg387_1_7-166.md,https://objects.lib.uidaho.edu/sakaino/small/mg387_1_7-166_sm.jpg,https://objects.lib.uidaho.edu/sakaino/thumbs/mg387_1_7-166_th.jpg,https://objects.lib.uidaho.edu/sakaino/mg387_1_7-166.jpg,Lined notebook paper with handwritten Japanese text in ink
sakaino288,sakaino283,"July 21, 1942 entry, page 5",,,,,,,,,"Transcribed and translated by Naoko Tanabe, 2024-2025, of Densho (densho.org)",Text,image/jpeg,jpn,mg387_1_7-167,"In copyright, educational use permitted. Educational use includes non-commercial reproduction of text and images in materials for teaching and research purposes. For other contexts beyond fair use, including digital reproduction, please contact the University of Idaho Library Special Collections and Archives Department at libspec@uidaho.edu. The University of Idaho Library is not liable for any violations of the law by users.",http://rightsstatements.org/vocab/InC-EDU/1.0/,image,mg387_1_7-167.jpg,/objects/mg387_1_7-167a.md,https://objects.lib.uidaho.edu/sakaino/small/mg387_1_7-167_sm.jpg,https://objects.lib.uidaho.edu/sakaino/thumbs/mg387_1_7-167_th.jpg,https://objects.lib.uidaho.edu/sakaino/mg387_1_7-167.jpg,Lined notebook paper with handwritten Japanese text in ink
sakaino289,,"July 22, 1942 entry","Sakaino, Bunro","Camp Livingston, LA",31.442945,-92.375467,1942-07-22,"July 22, 1942, diary entry written by Bunro Sakaino while he was incarcerated at Camp Livingston, near Pineville, Louisiana.",concentration camps; diaries,"MG 387, George Shihei Shitamae papers, Special Collections and Archives, University of Idaho Library","Transcribed and translated by Naoko Tanabe, 2024-2025, of Densho (densho.org)",Text,application/pdf,jpn,mg387_1_7-1942-07-22,"In copyright, educational use permitted. Educational use includes non-commercial reproduction of text and images in materials for teaching and research purposes. For other contexts beyond fair use, including digital reproduction, please contact the University of Idaho Library Special Collections and Archives Department at libspec@uidaho.edu. The University of Idaho Library is not liable for any violations of the law by users.",http://rightsstatements.org/vocab/InC-EDU/1.0/,letter,mg387_1_7-1942-07-22.pdf,/objects/1942-07-22.md,https://objects.lib.uidaho.edu/sakaino/small/mg387_1_7-1942-07-22_sm.jpg,https://objects.lib.uidaho.edu/sakaino/thumbs/mg387_1_7-1942-07-22_th.jpg,https://objects.lib.uidaho.edu/sakaino/mg387_1_7-1942-07-22.pdf,
sakaino290,sakaino289,"July 22, 1942 entry, page 1",,,,,,,,,"Transcribed and translated by Naoko Tanabe, 2024-2025, of Densho (densho.org)",Text,image/jpeg,jpn,mg387_1_7-167,"In copyright, educational use permitted. Educational use includes non-commercial reproduction of text and images in materials for teaching and research purposes. For other contexts beyond fair use, including digital reproduction, please contact the University of Idaho Library Special Collections and Archives Department at libspec@uidaho.edu. The University of Idaho Library is not liable for any violations of the law by users.",http://rightsstatements.org/vocab/InC-EDU/1.0/,image,mg387_1_7-167.jpg,/objects/mg387_1_7-167b.md,https://objects.lib.uidaho.edu/sakaino/small/mg387_1_7-167_sm.jpg,https://objects.lib.uidaho.edu/sakaino/thumbs/mg387_1_7-167_th.jpg,https://objects.lib.uidaho.edu/sakaino/mg387_1_7-167.jpg,Lined notebook paper with handwritten Japanese text in ink
sakaino291,sakaino289,"July 22, 1942 entry, page 2",,,,,,,,,"Transcribed and translated by Naoko Tanabe, 2024-2025, of Densho (densho.org)",Text,image/jpeg,jpn,mg387_1_7-168,"In copyright, educational use permitted. Educational use includes non-commercial reproduction of text and images in materials for teaching and research purposes. For other contexts beyond fair use, including digital reproduction, please contact the University of Idaho Library Special Collections and Archives Department at libspec@uidaho.edu. The University of Idaho Library is not liable for any violations of the law by users.",http://rightsstatements.org/vocab/InC-EDU/1.0/,image,mg387_1_7-168.jpg,/objects/mg387_1_7-168a.md,https://objects.lib.uidaho.edu/sakaino/small/mg387_1_7-168_sm.jpg,https://objects.lib.uidaho.edu/sakaino/thumbs/mg387_1_7-168_th.jpg,https://objects.lib.uidaho.edu/sakaino/mg387_1_7-168.jpg,Lined notebook paper with handwritten Japanese text in ink
sakaino292,,"July 25, 1942 entry","Sakaino, Bunro","Camp Livingston, LA",31.442945,-92.375467,1942-07-25,"July 25, 1942, diary entry written by Bunro Sakaino while he was incarcerated at Camp Livingston, near Pineville, Louisiana.",concentration camps; diaries,"MG 387, George Shihei Shitamae papers, Special Collections and Archives, University of Idaho Library","Transcribed and translated by Naoko Tanabe, 2024-2025, of Densho (densho.org)",Text,application/pdf,jpn,mg387_1_7-1942-07-25,"In copyright, educational use permitted. Educational use includes non-commercial reproduction of text and images in materials for teaching and research purposes. For other contexts beyond fair use, including digital reproduction, please contact the University of Idaho Library Special Collections and Archives Department at libspec@uidaho.edu. The University of Idaho Library is not liable for any violations of the law by users.",http://rightsstatements.org/vocab/InC-EDU/1.0/,letter,mg387_1_7-1942-07-25.pdf,/objects/1942-07-25.md,https://objects.lib.uidaho.edu/sakaino/small/mg387_1_7-1942-07-25_sm.jpg,https://objects.lib.uidaho.edu/sakaino/thumbs/mg387_1_7-1942-07-25_th.jpg,https://objects.lib.uidaho.edu/sakaino/mg387_1_7-1942-07-25.pdf,
sakaino293,sakaino292,"July 25, 1942 entry, page 1",,,,,,,,,"Transcribed and translated by Naoko Tanabe, 2024-2025, of Densho (densho.org)",Text,image/jpeg,jpn,mg387_1_7-168,"In copyright, educational use permitted. Educational use includes non-commercial reproduction of text and images in materials for teaching and research purposes. For other contexts beyond fair use, including digital reproduction, please contact the University of Idaho Library Special Collections and Archives Department at libspec@uidaho.edu. The University of Idaho Library is not liable for any violations of the law by users.",http://rightsstatements.org/vocab/InC-EDU/1.0/,image,mg387_1_7-168.jpg,/objects/mg387_1_7-168a1.md,https://objects.lib.uidaho.edu/sakaino/small/mg387_1_7-168_sm.jpg,https://objects.lib.uidaho.edu/sakaino/thumbs/mg387_1_7-168_th.jpg,https://objects.lib.uidaho.edu/sakaino/mg387_1_7-168.jpg,Lined notebook paper with handwritten Japanese text in ink
sakaino294,,"July 26, 1942 entry","Sakaino, Bunro","Camp Livingston, LA",31.442945,-92.375467,1942-07-26,"July 26, 1942, diary entry written by Bunro Sakaino while he was incarcerated at Camp Livingston, near Pineville, Louisiana.",concentration camps; diaries,"MG 387, George Shihei Shitamae papers, Special Collections and Archives, University of Idaho Library","Transcribed and translated by Naoko Tanabe, 2024-2025, of Densho (densho.org)",Text,application/pdf,jpn,mg387_1_7-1942-07-26,"In copyright, educational use permitted. Educational use includes non-commercial reproduction of text and images in materials for teaching and research purposes. For other contexts beyond fair use, including digital reproduction, please contact the University of Idaho Library Special Collections and Archives Department at libspec@uidaho.edu. The University of Idaho Library is not liable for any violations of the law by users.",http://rightsstatements.org/vocab/InC-EDU/1.0/,letter,mg387_1_7-1942-07-26.pdf,/objects/1942-07-26.md,https://objects.lib.uidaho.edu/sakaino/small/mg387_1_7-1942-07-26_sm.jpg,https://objects.lib.uidaho.edu/sakaino/thumbs/mg387_1_7-1942-07-26_th.jpg,https://objects.lib.uidaho.edu/sakaino/mg387_1_7-1942-07-26.pdf,
sakaino295,sakaino294,"July 26, 1942 entry, page 1",,,,,,,,,"Transcribed and translated by Naoko Tanabe, 2024-2025, of Densho (densho.org)",Text,image/jpeg,jpn,mg387_1_7-168,"In copyright, educational use permitted. Educational use includes non-commercial reproduction of text and images in materials for teaching and research purposes. For other contexts beyond fair use, including digital reproduction, please contact the University of Idaho Library Special Collections and Archives Department at libspec@uidaho.edu. The University of Idaho Library is not liable for any violations of the law by users.",http://rightsstatements.org/vocab/InC-EDU/1.0/,image,mg387_1_7-168.jpg,/objects/mg387_1_7-168b.md,https://objects.lib.uidaho.edu/sakaino/small/mg387_1_7-168_sm.jpg,https://objects.lib.uidaho.edu/sakaino/thumbs/mg387_1_7-168_th.jpg,https://objects.lib.uidaho.edu/sakaino/mg387_1_7-168.jpg,Lined notebook paper with handwritten Japanese text in ink
sakaino296,sakaino294,"July 26, 1942 entry, page 2",,,,,,,,,"Transcribed and translated by Naoko Tanabe, 2024-2025, of Densho (densho.org)",Text,image/jpeg,jpn,mg387_1_7-169,"In copyright, educational use permitted. Educational use includes non-commercial reproduction of text and images in materials for teaching and research purposes. For other contexts beyond fair use, including digital reproduction, please contact the University of Idaho Library Special Collections and Archives Department at libspec@uidaho.edu. The University of Idaho Library is not liable for any violations of the law by users.",http://rightsstatements.org/vocab/InC-EDU/1.0/,image,mg387_1_7-169.jpg,/objects/mg387_1_7-169a.md,https://objects.lib.uidaho.edu/sakaino/small/mg387_1_7-169_sm.jpg,https://objects.lib.uidaho.edu/sakaino/thumbs/mg387_1_7-169_th.jpg,https://objects.lib.uidaho.edu/sakaino/mg387_1_7-169.jpg,Lined notebook paper with handwritten Japanese text in ink
sakaino297,,"July 27, 1942 entry","Sakaino, Bunro","Camp Livingston, LA",31.442945,-92.375467,1942-07-27,"July 27, 1942, diary entry written by Bunro Sakaino while he was incarcerated at Camp Livingston, near Pineville, Louisiana.",concentration camps; diaries,"MG 387, George Shihei Shitamae papers, Special Collections and Archives, University of Idaho Library","Transcribed and translated by Naoko Tanabe, 2024-2025, of Densho (densho.org)",Text,application/pdf,jpn,mg387_1_7-1942-07-27,"In copyright, educational use permitted. Educational use includes non-commercial reproduction of text and images in materials for teaching and research purposes. For other contexts beyond fair use, including digital reproduction, please contact the University of Idaho Library Special Collections and Archives Department at libspec@uidaho.edu. The University of Idaho Library is not liable for any violations of the law by users.",http://rightsstatements.org/vocab/InC-EDU/1.0/,letter,mg387_1_7-1942-07-27.pdf,/objects/1942-07-27.md,https://objects.lib.uidaho.edu/sakaino/small/mg387_1_7-1942-07-27_sm.jpg,https://objects.lib.uidaho.edu/sakaino/thumbs/mg387_1_7-1942-07-27_th.jpg,https://objects.lib.uidaho.edu/sakaino/mg387_1_7-1942-07-27.pdf,
sakaino298,sakaino297,"July 27, 1942 entry, page 1",,,,,,,,,"Transcribed and translated by Naoko Tanabe, 2024-2025, of Densho (densho.org)",Text,image/jpeg,jpn,mg387_1_7-169,"In copyright, educational use permitted. Educational use includes non-commercial reproduction of text and images in materials for teaching and research purposes. For other contexts beyond fair use, including digital reproduction, please contact the University of Idaho Library Special Collections and Archives Department at libspec@uidaho.edu. The University of Idaho Library is not liable for any violations of the law by users.",http://rightsstatements.org/vocab/InC-EDU/1.0/,image,mg387_1_7-169.jpg,/objects/mg387_1_7-169b.md,https://objects.lib.uidaho.edu/sakaino/small/mg387_1_7-169_sm.jpg,https://objects.lib.uidaho.edu/sakaino/thumbs/mg387_1_7-169_th.jpg,https://objects.lib.uidaho.edu/sakaino/mg387_1_7-169.jpg,Lined notebook paper with handwritten Japanese text in ink
sakaino299,sakaino297,"July 27, 1942 entry, page 2",,,,,,,,,"Transcribed and translated by Naoko Tanabe, 2024-2025, of Densho (densho.org)",Text,image/jpeg,jpn,mg387_1_7-170,"In copyright, educational use permitted. Educational use includes non-commercial reproduction of text and images in materials for teaching and research purposes. For other contexts beyond fair use, including digital reproduction, please contact the University of Idaho Library Special Collections and Archives Department at libspec@uidaho.edu. The University of Idaho Library is not liable for any violations of the law by users.",http://rightsstatements.org/vocab/InC-EDU/1.0/,image,mg387_1_7-170.jpg,/objects/mg387_1_7-170.md,https://objects.lib.uidaho.edu/sakaino/small/mg387_1_7-170_sm.jpg,https://objects.lib.uidaho.edu/sakaino/thumbs/mg387_1_7-170_th.jpg,https://objects.lib.uidaho.edu/sakaino/mg387_1_7-170.jpg,Lined notebook paper with handwritten Japanese text in ink
sakaino300,sakaino297,"July 27, 1942 entry, page 3",,,,,,,,,"Transcribed and translated by Naoko Tanabe, 2024-2025, of Densho (densho.org)",Text,image/jpeg,jpn,mg387_1_7-171,"In copyright, educational use permitted. Educational use includes non-commercial reproduction of text and images in materials for teaching and research purposes. For other contexts beyond fair use, including digital reproduction, please contact the University of Idaho Library Special Collections and Archives Department at libspec@uidaho.edu. The University of Idaho Library is not liable for any violations of the law by users.",http://rightsstatements.org/vocab/InC-EDU/1.0/,image,mg387_1_7-171.jpg,/objects/mg387_1_7-171a.md,https://objects.lib.uidaho.edu/sakaino/small/mg387_1_7-171_sm.jpg,https://objects.lib.uidaho.edu/sakaino/thumbs/mg387_1_7-171_th.jpg,https://objects.lib.uidaho.edu/sakaino/mg387_1_7-171.jpg,Lined notebook paper with handwritten Japanese text in ink
sakaino301,,"July 28, 1942 entry","Sakaino, Bunro","Camp Livingston, LA",31.442945,-92.375467,1942-07-28,"July 28, 1942, diary entry written by Bunro Sakaino while he was incarcerated at Camp Livingston, near Pineville, Louisiana.",concentration camps; diaries,"MG 387, George Shihei Shitamae papers, Special Collections and Archives, University of Idaho Library","Transcribed and translated by Naoko Tanabe, 2024-2025, of Densho (densho.org)",Text,application/pdf,jpn,mg387_1_7-1942-07-28,"In copyright, educational use permitted. Educational use includes non-commercial reproduction of text and images in materials for teaching and research purposes. For other contexts beyond fair use, including digital reproduction, please contact the University of Idaho Library Special Collections and Archives Department at libspec@uidaho.edu. The University of Idaho Library is not liable for any violations of the law by users.",http://rightsstatements.org/vocab/InC-EDU/1.0/,letter,mg387_1_7-1942-07-28.pdf,/objects/1942-07-28.md,https://objects.lib.uidaho.edu/sakaino/small/mg387_1_7-1942-07-28_sm.jpg,https://objects.lib.uidaho.edu/sakaino/thumbs/mg387_1_7-1942-07-28_th.jpg,https://objects.lib.uidaho.edu/sakaino/mg387_1_7-1942-07-28.pdf,
sakaino302,sakaino301,"July 28, 1942 entry, page 1",,,,,,,,,"Transcribed and translated by Naoko Tanabe, 2024-2025, of Densho (densho.org)",Text,image/jpeg,jpn,mg387_1_7-171,"In copyright, educational use permitted. Educational use includes non-commercial reproduction of text and images in materials for teaching and research purposes. For other contexts beyond fair use, including digital reproduction, please contact the University of Idaho Library Special Collections and Archives Department at libspec@uidaho.edu. The University of Idaho Library is not liable for any violations of the law by users.",http://rightsstatements.org/vocab/InC-EDU/1.0/,image,mg387_1_7-171.jpg,/objects/mg387_1_7-171b.md,https://objects.lib.uidaho.edu/sakaino/small/mg387_1_7-171_sm.jpg,https://objects.lib.uidaho.edu/sakaino/thumbs/mg387_1_7-171_th.jpg,https://objects.lib.uidaho.edu/sakaino/mg387_1_7-171.jpg,Lined notebook paper with handwritten Japanese text in ink
sakaino303,,"July 30, 1942 entry","Sakaino, Bunro","Camp Livingston, LA",31.442945,-92.375467,1942-07-30,"July 30, 1942, diary entry written by Bunro Sakaino while he was incarcerated at Camp Livingston, near Pineville, Louisiana.",concentration camps; diaries,"MG 387, George Shihei Shitamae papers, Special Collections and Archives, University of Idaho Library","Transcribed and translated by Naoko Tanabe, 2024-2025, of Densho (densho.org)",Text,application/pdf,jpn,mg387_1_7-1942-07-30,"In copyright, educational use permitted. Educational use includes non-commercial reproduction of text and images in materials for teaching and research purposes. For other contexts beyond fair use, including digital reproduction, please contact the University of Idaho Library Special Collections and Archives Department at libspec@uidaho.edu. The University of Idaho Library is not liable for any violations of the law by users.",http://rightsstatements.org/vocab/InC-EDU/1.0/,letter,mg387_1_7-1942-07-30.pdf,/objects/1942-07-30.md,https://objects.lib.uidaho.edu/sakaino/small/mg387_1_7-1942-07-30_sm.jpg,https://objects.lib.uidaho.edu/sakaino/thumbs/mg387_1_7-1942-07-30_th.jpg,https://objects.lib.uidaho.edu/sakaino/mg387_1_7-1942-07-30.pdf,
sakaino304,sakaino303,"July 30, 1942 entry, page 1",,,,,,,,,"Transcribed and translated by Naoko Tanabe, 2024-2025, of Densho (densho.org)",Text,image/jpeg,jpn,mg387_1_7-172,"In copyright, educational use permitted. Educational use includes non-commercial reproduction of text and images in materials for teaching and research purposes. For other contexts beyond fair use, including digital reproduction, please contact the University of Idaho Library Special Collections and Archives Department at libspec@uidaho.edu. The University of Idaho Library is not liable for any violations of the law by users.",http://rightsstatements.org/vocab/InC-EDU/1.0/,image,mg387_1_7-172.jpg,/objects/mg387_1_7-172a.md,https://objects.lib.uidaho.edu/sakaino/small/mg387_1_7-172_sm.jpg,https://objects.lib.uidaho.edu/sakaino/thumbs/mg387_1_7-172_th.jpg,https://objects.lib.uidaho.edu/sakaino/mg387_1_7-172.jpg,Lined notebook paper with handwritten Japanese text in ink
sakaino305,,"July 31, 1942 entry","Sakaino, Bunro","Camp Livingston, LA",31.442945,-92.375467,1942-07-31,"July 31, 1942, diary entry written by Bunro Sakaino while he was incarcerated at Camp Livingston, near Pineville, Louisiana.",concentration camps; diaries,"MG 387, George Shihei Shitamae papers, Special Collections and Archives, University of Idaho Library","Transcribed and translated by Naoko Tanabe, 2024-2025, of Densho (densho.org)",Text,application/pdf,jpn,mg387_1_7-1942-07-31,"In copyright, educational use permitted. Educational use includes non-commercial reproduction of text and images in materials for teaching and research purposes. For other contexts beyond fair use, including digital reproduction, please contact the University of Idaho Library Special Collections and Archives Department at libspec@uidaho.edu. The University of Idaho Library is not liable for any violations of the law by users.",http://rightsstatements.org/vocab/InC-EDU/1.0/,letter,mg387_1_7-1942-07-31.pdf,/objects/1942-07-31.md,https://objects.lib.uidaho.edu/sakaino/small/mg387_1_7-1942-07-31_sm.jpg,https://objects.lib.uidaho.edu/sakaino/thumbs/mg387_1_7-1942-07-31_th.jpg,https://objects.lib.uidaho.edu/sakaino/mg387_1_7-1942-07-31.pdf,
sakaino306,sakaino305,"July 31, 1942 entry, page 1",,,,,,,,,"Transcribed and translated by Naoko Tanabe, 2024-2025, of Densho (densho.org)",Text,image/jpeg,jpn,mg387_1_7-172,"In copyright, educational use permitted. Educational use includes non-commercial reproduction of text and images in materials for teaching and research purposes. For other contexts beyond fair use, including digital reproduction, please contact the University of Idaho Library Special Collections and Archives Department at libspec@uidaho.edu. The University of Idaho Library is not liable for any violations of the law by users.",http://rightsstatements.org/vocab/InC-EDU/1.0/,image,mg387_1_7-172.jpg,/objects/mg387_1_7-172b.md,https://objects.lib.uidaho.edu/sakaino/small/mg387_1_7-172_sm.jpg,https://objects.lib.uidaho.edu/sakaino/thumbs/mg387_1_7-172_th.jpg,https://objects.lib.uidaho.edu/sakaino/mg387_1_7-172.jpg,Lined notebook paper with handwritten Japanese text in ink
sakaino307,sakaino305,"July 31, 1942 entry, page 2",,,,,,,,,"Transcribed and translated by Naoko Tanabe, 2024-2025, of Densho (densho.org)",Text,image/jpeg,jpn,mg387_1_7-173,"In copyright, educational use permitted. Educational use includes non-commercial reproduction of text and images in materials for teaching and research purposes. For other contexts beyond fair use, including digital reproduction, please contact the University of Idaho Library Special Collections and Archives Department at libspec@uidaho.edu. The University of Idaho Library is not liable for any violations of the law by users.",http://rightsstatements.org/vocab/InC-EDU/1.0/,image,mg387_1_7-173.jpg,/objects/mg387_1_7-173.md,https://objects.lib.uidaho.edu/sakaino/small/mg387_1_7-173_sm.jpg,https://objects.lib.uidaho.edu/sakaino/thumbs/mg387_1_7-173_th.jpg,https://objects.lib.uidaho.edu/sakaino/mg387_1_7-173.jpg,Lined notebook paper with handwritten Japanese text in ink
sakaino308,sakaino305,"July 31, 1942 entry, page 3",,,,,,,,,"Transcribed and translated by Naoko Tanabe, 2024-2025, of Densho (densho.org)",Text,image/jpeg,jpn,mg387_1_7-174,"In copyright, educational use permitted. Educational use includes non-commercial reproduction of text and images in materials for teaching and research purposes. For other contexts beyond fair use, including digital reproduction, please contact the University of Idaho Library Special Collections and Archives Department at libspec@uidaho.edu. The University of Idaho Library is not liable for any violations of the law by users.",http://rightsstatements.org/vocab/InC-EDU/1.0/,image,mg387_1_7-174.jpg,/objects/mg387_1_7-174.md,https://objects.lib.uidaho.edu/sakaino/small/mg387_1_7-174_sm.jpg,https://objects.lib.uidaho.edu/sakaino/thumbs/mg387_1_7-174_th.jpg,https://objects.lib.uidaho.edu/sakaino/mg387_1_7-174.jpg,Lined notebook paper with handwritten Japanese text in ink
sakaino309,sakaino305,"July 31, 1942 entry, page 4",,,,,,,,,"Transcribed and translated by Naoko Tanabe, 2024-2025, of Densho (densho.org)",Text,image/jpeg,jpn,mg387_1_7-175,"In copyright, educational use permitted. Educational use includes non-commercial reproduction of text and images in materials for teaching and research purposes. For other contexts beyond fair use, including digital reproduction, please contact the University of Idaho Library Special Collections and Archives Department at libspec@uidaho.edu. The University of Idaho Library is not liable for any violations of the law by users.",http://rightsstatements.org/vocab/InC-EDU/1.0/,image,mg387_1_7-175.jpg,/objects/mg387_1_7-175a.md,https://objects.lib.uidaho.edu/sakaino/small/mg387_1_7-175_sm.jpg,https://objects.lib.uidaho.edu/sakaino/thumbs/mg387_1_7-175_th.jpg,https://objects.lib.uidaho.edu/sakaino/mg387_1_7-175.jpg,Lined notebook paper with handwritten Japanese text in ink
sakaino310,,"August 1, 1942 entry","Sakaino, Bunro","Camp Livingston, LA",31.442945,-92.375467,1942-08-01,"August 1, 1942, diary entry written by Bunro Sakaino while he was incarcerated at Camp Livingston, near Pineville, Louisiana.",concentration camps; diaries,"MG 387, George Shihei Shitamae papers, Special Collections and Archives, University of Idaho Library","Transcribed and translated by Naoko Tanabe, 2024-2025, of Densho (densho.org)",Text,application/pdf,jpn,mg387_1_7-1942-08-01,"In copyright, educational use permitted. Educational use includes non-commercial reproduction of text and images in materials for teaching and research purposes. For other contexts beyond fair use, including digital reproduction, please contact the University of Idaho Library Special Collections and Archives Department at libspec@uidaho.edu. The University of Idaho Library is not liable for any violations of the law by users.",http://rightsstatements.org/vocab/InC-EDU/1.0/,letter,mg387_1_7-1942-08-01.pdf,/objects/1942-08-01.md,https://objects.lib.uidaho.edu/sakaino/small/mg387_1_7-1942-08-01_sm.jpg,https://objects.lib.uidaho.edu/sakaino/thumbs/mg387_1_7-1942-08-01_th.jpg,https://objects.lib.uidaho.edu/sakaino/mg387_1_7-1942-08-01.pdf,
sakaino311,sakaino310,"August 1, 1942 entry, page 1",,,,,,,,,"Transcribed and translated by Naoko Tanabe, 2024-2025, of Densho (densho.org)",Text,image/jpeg,jpn,mg387_1_7-175,"In copyright, educational use permitted. Educational use includes non-commercial reproduction of text and images in materials for teaching and research purposes. For other contexts beyond fair use, including digital reproduction, please contact the University of Idaho Library Special Collections and Archives Department at libspec@uidaho.edu. The University of Idaho Library is not liable for any violations of the law by users.",http://rightsstatements.org/vocab/InC-EDU/1.0/,image,mg387_1_7-175.jpg,/objects/mg387_1_7-175b.md,https://objects.lib.uidaho.edu/sakaino/small/mg387_1_7-175_sm.jpg,https://objects.lib.uidaho.edu/sakaino/thumbs/mg387_1_7-175_th.jpg,https://objects.lib.uidaho.edu/sakaino/mg387_1_7-175.jpg,Lined notebook paper with handwritten Japanese text in ink
sakaino312,,"August 5, 1942 entry","Sakaino, Bunro","Camp Livingston, LA",31.442945,-92.375467,1942-08-05,"August 5, 1942, diary entry written by Bunro Sakaino while he was incarcerated at Camp Livingston, near Pineville, Louisiana.",concentration camps; diaries,"MG 387, George Shihei Shitamae papers, Special Collections and Archives, University of Idaho Library","Transcribed and translated by Naoko Tanabe, 2024-2025, of Densho (densho.org)",Text,application/pdf,jpn,mg387_1_7-1942-08-05,"In copyright, educational use permitted. Educational use includes non-commercial reproduction of text and images in materials for teaching and research purposes. For other contexts beyond fair use, including digital reproduction, please contact the University of Idaho Library Special Collections and Archives Department at libspec@uidaho.edu. The University of Idaho Library is not liable for any violations of the law by users.",http://rightsstatements.org/vocab/InC-EDU/1.0/,letter,mg387_1_7-1942-08-05.pdf,/objects/1942-08-05.md,https://objects.lib.uidaho.edu/sakaino/small/mg387_1_7-1942-08-05_sm.jpg,https://objects.lib.uidaho.edu/sakaino/thumbs/mg387_1_7-1942-08-05_th.jpg,https://objects.lib.uidaho.edu/sakaino/mg387_1_7-1942-08-05.pdf,
sakaino313,sakaino312,"August 5, 1942 entry, page 1",,,,,,,,,"Transcribed and translated by Naoko Tanabe, 2024-2025, of Densho (densho.org)",Text,image/jpeg,jpn,mg387_1_7-175,"In copyright, educational use permitted. Educational use includes non-commercial reproduction of text and images in materials for teaching and research purposes. For other contexts beyond fair use, including digital reproduction, please contact the University of Idaho Library Special Collections and Archives Department at libspec@uidaho.edu. The University of Idaho Library is not liable for any violations of the law by users.",http://rightsstatements.org/vocab/InC-EDU/1.0/,image,mg387_1_7-175.jpg,/objects/mg387_1_7-175c.md,https://objects.lib.uidaho.edu/sakaino/small/mg387_1_7-175_sm.jpg,https://objects.lib.uidaho.edu/sakaino/thumbs/mg387_1_7-175_th.jpg,https://objects.lib.uidaho.edu/sakaino/mg387_1_7-175.jpg,Lined notebook paper with handwritten Japanese text in ink
sakaino314,sakaino312,"August 5, 1942 entry, page 2",,,,,,,,,"Transcribed and translated by Naoko Tanabe, 2024-2025, of Densho (densho.org)",Text,image/jpeg,jpn,mg387_1_7-176,"In copyright, educational use permitted. Educational use includes non-commercial reproduction of text and images in materials for teaching and research purposes. For other contexts beyond fair use, including digital reproduction, please contact the University of Idaho Library Special Collections and Archives Department at libspec@uidaho.edu. The University of Idaho Library is not liable for any violations of the law by users.",http://rightsstatements.org/vocab/InC-EDU/1.0/,image,mg387_1_7-176.jpg,/objects/mg387_1_7-176.md,https://objects.lib.uidaho.edu/sakaino/small/mg387_1_7-176_sm.jpg,https://objects.lib.uidaho.edu/sakaino/thumbs/mg387_1_7-176_th.jpg,https://objects.lib.uidaho.edu/sakaino/mg387_1_7-176.jpg,Lined notebook paper with handwritten Japanese text in ink
sakaino315,sakaino312,"August 5, 1942 entry, page 3",,,,,,,,,"Transcribed and translated by Naoko Tanabe, 2024-2025, of Densho (densho.org)",Text,image/jpeg,jpn,mg387_1_7-177,"In copyright, educational use permitted. Educational use includes non-commercial reproduction of text and images in materials for teaching and research purposes. For other contexts beyond fair use, including digital reproduction, please contact the University of Idaho Library Special Collections and Archives Department at libspec@uidaho.edu. The University of Idaho Library is not liable for any violations of the law by users.",http://rightsstatements.org/vocab/InC-EDU/1.0/,image,mg387_1_7-177.jpg,/objects/mg387_1_7-177a.md,https://objects.lib.uidaho.edu/sakaino/small/mg387_1_7-177_sm.jpg,https://objects.lib.uidaho.edu/sakaino/thumbs/mg387_1_7-177_th.jpg,https://objects.lib.uidaho.edu/sakaino/mg387_1_7-177.jpg,Lined notebook paper with handwritten Japanese text in ink
sakaino316,,"August 6, 1942 entry","Sakaino, Bunro","Camp Livingston, LA",31.442945,-92.375467,1942-08-06,"August 6, 1942, diary entry written by Bunro Sakaino while he was incarcerated at Camp Livingston, near Pineville, Louisiana.",concentration camps; diaries,"MG 387, George Shihei Shitamae papers, Special Collections and Archives, University of Idaho Library","Transcribed and translated by Naoko Tanabe, 2024-2025, of Densho (densho.org)",Text,application/pdf,jpn,mg387_1_7-1942-08-06,"In copyright, educational use permitted. Educational use includes non-commercial reproduction of text and images in materials for teaching and research purposes. For other contexts beyond fair use, including digital reproduction, please contact the University of Idaho Library Special Collections and Archives Department at libspec@uidaho.edu. The University of Idaho Library is not liable for any violations of the law by users.",http://rightsstatements.org/vocab/InC-EDU/1.0/,letter,mg387_1_7-1942-08-06.pdf,/objects/1942-08-06.md,https://objects.lib.uidaho.edu/sakaino/small/mg387_1_7-1942-08-06_sm.jpg,https://objects.lib.uidaho.edu/sakaino/thumbs/mg387_1_7-1942-08-06_th.jpg,https://objects.lib.uidaho.edu/sakaino/mg387_1_7-1942-08-06.pdf,
sakaino317,sakaino316,"August 6, 1942 entry, page 1",,,,,,,,,"Transcribed and translated by Naoko Tanabe, 2024-2025, of Densho (densho.org)",Text,image/jpeg,jpn,mg387_1_7-177,"In copyright, educational use permitted. Educational use includes non-commercial reproduction of text and images in materials for teaching and research purposes. For other contexts beyond fair use, including digital reproduction, please contact the University of Idaho Library Special Collections and Archives Department at libspec@uidaho.edu. The University of Idaho Library is not liable for any violations of the law by users.",http://rightsstatements.org/vocab/InC-EDU/1.0/,image,mg387_1_7-177.jpg,/objects/mg387_1_7-177b.md,https://objects.lib.uidaho.edu/sakaino/small/mg387_1_7-177_sm.jpg,https://objects.lib.uidaho.edu/sakaino/thumbs/mg387_1_7-177_th.jpg,https://objects.lib.uidaho.edu/sakaino/mg387_1_7-177.jpg,Lined notebook paper with handwritten Japanese text in ink
sakaino318,sakaino316,"August 6, 1942 entry, page 2",,,,,,,,,"Transcribed and translated by Naoko Tanabe, 2024-2025, of Densho (densho.org)",Text,image/jpeg,jpn,mg387_1_7-178,"In copyright, educational use permitted. Educational use includes non-commercial reproduction of text and images in materials for teaching and research purposes. For other contexts beyond fair use, including digital reproduction, please contact the University of Idaho Library Special Collections and Archives Department at libspec@uidaho.edu. The University of Idaho Library is not liable for any violations of the law by users.",http://rightsstatements.org/vocab/InC-EDU/1.0/,image,mg387_1_7-178.jpg,/objects/mg387_1_7-178a.md,https://objects.lib.uidaho.edu/sakaino/small/mg387_1_7-178_sm.jpg,https://objects.lib.uidaho.edu/sakaino/thumbs/mg387_1_7-178_th.jpg,https://objects.lib.uidaho.edu/sakaino/mg387_1_7-178.jpg,Lined notebook paper with handwritten Japanese text in ink
sakaino319,,"August 7, 1942 entry","Sakaino, Bunro","Camp Livingston, LA",31.442945,-92.375467,1942-08-07,"August 7, 1942, diary entry written by Bunro Sakaino while he was incarcerated at Camp Livingston, near Pineville, Louisiana.",concentration camps; diaries,"MG 387, George Shihei Shitamae papers, Special Collections and Archives, University of Idaho Library","Transcribed and translated by Naoko Tanabe, 2024-2025, of Densho (densho.org)",Text,application/pdf,jpn,mg387_1_7-1942-08-07,"In copyright, educational use permitted. Educational use includes non-commercial reproduction of text and images in materials for teaching and research purposes. For other contexts beyond fair use, including digital reproduction, please contact the University of Idaho Library Special Collections and Archives Department at libspec@uidaho.edu. The University of Idaho Library is not liable for any violations of the law by users.",http://rightsstatements.org/vocab/InC-EDU/1.0/,letter,mg387_1_7-1942-08-07.pdf,/objects/1942-08-07.md,https://objects.lib.uidaho.edu/sakaino/small/mg387_1_7-1942-08-07_sm.jpg,https://objects.lib.uidaho.edu/sakaino/thumbs/mg387_1_7-1942-08-07_th.jpg,https://objects.lib.uidaho.edu/sakaino/mg387_1_7-1942-08-07.pdf,
sakaino320,sakaino319,"August 7, 1942 entry, page 1",,,,,,,,,"Transcribed and translated by Naoko Tanabe, 2024-2025, of Densho (densho.org)",Text,image/jpeg,jpn,mg387_1_7-178,"In copyright, educational use permitted. Educational use includes non-commercial reproduction of text and images in materials for teaching and research purposes. For other contexts beyond fair use, including digital reproduction, please contact the University of Idaho Library Special Collections and Archives Department at libspec@uidaho.edu. The University of Idaho Library is not liable for any violations of the law by users.",http://rightsstatements.org/vocab/InC-EDU/1.0/,image,mg387_1_7-178.jpg,/objects/mg387_1_7-178b.md,https://objects.lib.uidaho.edu/sakaino/small/mg387_1_7-178_sm.jpg,https://objects.lib.uidaho.edu/sakaino/thumbs/mg387_1_7-178_th.jpg,https://objects.lib.uidaho.edu/sakaino/mg387_1_7-178.jpg,Lined notebook paper with handwritten Japanese text in ink
sakaino321,sakaino319,"August 7, 1942 entry, page 2",,,,,,,,,"Transcribed and translated by Naoko Tanabe, 2024-2025, of Densho (densho.org)",Text,image/jpeg,jpn,mg387_1_7-179,"In copyright, educational use permitted. Educational use includes non-commercial reproduction of text and images in materials for teaching and research purposes. For other contexts beyond fair use, including digital reproduction, please contact the University of Idaho Library Special Collections and Archives Department at libspec@uidaho.edu. The University of Idaho Library is not liable for any violations of the law by users.",http://rightsstatements.org/vocab/InC-EDU/1.0/,image,mg387_1_7-179.jpg,/objects/mg387_1_7-179.md,https://objects.lib.uidaho.edu/sakaino/small/mg387_1_7-179_sm.jpg,https://objects.lib.uidaho.edu/sakaino/thumbs/mg387_1_7-179_th.jpg,https://objects.lib.uidaho.edu/sakaino/mg387_1_7-179.jpg,Lined notebook paper with handwritten Japanese text in ink
sakaino322,sakaino319,"August 7, 1942 entry, page 3",,,,,,,,,"Transcribed and translated by Naoko Tanabe, 2024-2025, of Densho (densho.org)",Text,image/jpeg,jpn,mg387_1_7-180,"In copyright, educational use permitted. Educational use includes non-commercial reproduction of text and images in materials for teaching and research purposes. For other contexts beyond fair use, including digital reproduction, please contact the University of Idaho Library Special Collections and Archives Department at libspec@uidaho.edu. The University of Idaho Library is not liable for any violations of the law by users.",http://rightsstatements.org/vocab/InC-EDU/1.0/,image,mg387_1_7-180.jpg,/objects/mg387_1_7-180a.md,https://objects.lib.uidaho.edu/sakaino/small/mg387_1_7-180_sm.jpg,https://objects.lib.uidaho.edu/sakaino/thumbs/mg387_1_7-180_th.jpg,https://objects.lib.uidaho.edu/sakaino/mg387_1_7-180.jpg,Lined notebook paper with handwritten Japanese text in ink
sakaino323,,January 1943 entry,"Sakaino, Bunro","Camp Livingston, LA",31.442945,-92.375467,1943-01,"January 1943 diary entry written by Bunro Sakaino while he was incarcerated at Camp Livingston, near Pineville, Louisiana.",concentration camps; diaries,"MG 387, George Shihei Shitamae papers, Special Collections and Archives, University of Idaho Library","Transcribed and translated by Naoko Tanabe, 2024-2025, of Densho (densho.org)",Text,application/pdf,jpn,mg387_1_7-1943-01,"In copyright, educational use permitted. Educational use includes non-commercial reproduction of text and images in materials for teaching and research purposes. For other contexts beyond fair use, including digital reproduction, please contact the University of Idaho Library Special Collections and Archives Department at libspec@uidaho.edu. The University of Idaho Library is not liable for any violations of the law by users.",http://rightsstatements.org/vocab/InC-EDU/1.0/,letter,mg387_1_7-1943-01.pdf,/objects/1943-01-24.md,https://objects.lib.uidaho.edu/sakaino/small/mg387_1_7-1943-01_sm.jpg,https://objects.lib.uidaho.edu/sakaino/thumbs/mg387_1_7-1943-01_th.jpg,https://objects.lib.uidaho.edu/sakaino/mg387_1_7-1943-01.pdf,
sakaino324,sakaino323,"January 1943 entry, page 1",,,,,,,,,"Transcribed and translated by Naoko Tanabe, 2024-2025, of Densho (densho.org)",Text,image/jpeg,jpn,mg387_1_7-180,"In copyright, educational use permitted. Educational use includes non-commercial reproduction of text and images in materials for teaching and research purposes. For other contexts beyond fair use, including digital reproduction, please contact the University of Idaho Library Special Collections and Archives Department at libspec@uidaho.edu. The University of Idaho Library is not liable for any violations of the law by users.",http://rightsstatements.org/vocab/InC-EDU/1.0/,image,mg387_1_7-180.jpg,/objects/mg387_1_7-180b.md,https://objects.lib.uidaho.edu/sakaino/small/mg387_1_7-180_sm.jpg,https://objects.lib.uidaho.edu/sakaino/thumbs/mg387_1_7-180_th.jpg,https://objects.lib.uidaho.edu/sakaino/mg387_1_7-180.jpg,Lined notebook paper with handwritten Japanese text in ink
sakaino325,sakaino323,"January 1943 entry, page 2",,,,,,,,,"Transcribed and translated by Naoko Tanabe, 2024-2025, of Densho (densho.org)",Text,image/jpeg,jpn,mg387_1_7-181,"In copyright, educational use permitted. Educational use includes non-commercial reproduction of text and images in materials for teaching and research purposes. For other contexts beyond fair use, including digital reproduction, please contact the University of Idaho Library Special Collections and Archives Department at libspec@uidaho.edu. The University of Idaho Library is not liable for any violations of the law by users.",http://rightsstatements.org/vocab/InC-EDU/1.0/,image,mg387_1_7-181.jpg,/objects/mg387_1_7-181.md,https://objects.lib.uidaho.edu/sakaino/small/mg387_1_7-181_sm.jpg,https://objects.lib.uidaho.edu/sakaino/thumbs/mg387_1_7-181_th.jpg,https://objects.lib.uidaho.edu/sakaino/mg387_1_7-181.jpg,Lined notebook paper with handwritten Japanese text in ink
sakaino326,sakaino323,"January 1943 entry, page 3",,,,,,,,,"Transcribed and translated by Naoko Tanabe, 2024-2025, of Densho (densho.org)",Text,image/jpeg,jpn,mg387_1_7-182,"In copyright, educational use permitted. Educational use includes non-commercial reproduction of text and images in materials for teaching and research purposes. For other contexts beyond fair use, including digital reproduction, please contact the University of Idaho Library Special Collections and Archives Department at libspec@uidaho.edu. The University of Idaho Library is not liable for any violations of the law by users.",http://rightsstatements.org/vocab/InC-EDU/1.0/,image,mg387_1_7-182.jpg,/objects/mg387_1_7-182.md,https://objects.lib.uidaho.edu/sakaino/small/mg387_1_7-182_sm.jpg,https://objects.lib.uidaho.edu/sakaino/thumbs/mg387_1_7-182_th.jpg,https://objects.lib.uidaho.edu/sakaino/mg387_1_7-182.jpg,Lined notebook paper with handwritten Japanese text in ink
sakaino327,sakaino323,"January 1943 entry, page 4",,,,,,,,,"Transcribed and translated by Naoko Tanabe, 2024-2025, of Densho (densho.org)",Text,image/jpeg,jpn,mg387_1_7-183,"In copyright, educational use permitted. Educational use includes non-commercial reproduction of text and images in materials for teaching and research purposes. For other contexts beyond fair use, including digital reproduction, please contact the University of Idaho Library Special Collections and Archives Department at libspec@uidaho.edu. The University of Idaho Library is not liable for any violations of the law by users.",http://rightsstatements.org/vocab/InC-EDU/1.0/,image,mg387_1_7-183.jpg,/objects/mg387_1_7-183.md,https://objects.lib.uidaho.edu/sakaino/small/mg387_1_7-183_sm.jpg,https://objects.lib.uidaho.edu/sakaino/thumbs/mg387_1_7-183_th.jpg,https://objects.lib.uidaho.edu/sakaino/mg387_1_7-183.jpg,Lined notebook paper with handwritten Japanese text in ink
sakaino328,sakaino323,"January 1943 entry, page 5",,,,,,,,,"Transcribed and translated by Naoko Tanabe, 2024-2025, of Densho (densho.org)",Text,image/jpeg,jpn,mg387_1_7-184,"In copyright, educational use permitted. Educational use includes non-commercial reproduction of text and images in materials for teaching and research purposes. For other contexts beyond fair use, including digital reproduction, please contact the University of Idaho Library Special Collections and Archives Department at libspec@uidaho.edu. The University of Idaho Library is not liable for any violations of the law by users.",http://rightsstatements.org/vocab/InC-EDU/1.0/,image,mg387_1_7-184.jpg,/objects/mg387_1_7-184.md,https://objects.lib.uidaho.edu/sakaino/small/mg387_1_7-184_sm.jpg,https://objects.lib.uidaho.edu/sakaino/thumbs/mg387_1_7-184_th.jpg,https://objects.lib.uidaho.edu/sakaino/mg387_1_7-184.jpg,Lined notebook paper with handwritten Japanese text in ink
sakaino329,sakaino323,"January 1943 entry, page 6",,,,,,,,,"Transcribed and translated by Naoko Tanabe, 2024-2025, of Densho (densho.org)",Text,image/jpeg,jpn,mg387_1_7-185,"In copyright, educational use permitted. Educational use includes non-commercial reproduction of text and images in materials for teaching and research purposes. For other contexts beyond fair use, including digital reproduction, please contact the University of Idaho Library Special Collections and Archives Department at libspec@uidaho.edu. The University of Idaho Library is not liable for any violations of the law by users.",http://rightsstatements.org/vocab/InC-EDU/1.0/,image,mg387_1_7-185.jpg,/objects/mg387_1_7-185.md,https://objects.lib.uidaho.edu/sakaino/small/mg387_1_7-185_sm.jpg,https://objects.lib.uidaho.edu/sakaino/thumbs/mg387_1_7-185_th.jpg,https://objects.lib.uidaho.edu/sakaino/mg387_1_7-185.jpg,Lined notebook paper with handwritten Japanese text in ink
sakaino330,sakaino323,"January 1943 entry, page 7",,,,,,,,,"Transcribed and translated by Naoko Tanabe, 2024-2025, of Densho (densho.org)",Text,image/jpeg,jpn,mg387_1_7-186,"In copyright, educational use permitted. Educational use includes non-commercial reproduction of text and images in materials for teaching and research purposes. For other contexts beyond fair use, including digital reproduction, please contact the University of Idaho Library Special Collections and Archives Department at libspec@uidaho.edu. The University of Idaho Library is not liable for any violations of the law by users.",http://rightsstatements.org/vocab/InC-EDU/1.0/,image,mg387_1_7-186.jpg,/objects/mg387_1_7-186.md,https://objects.lib.uidaho.edu/sakaino/small/mg387_1_7-186_sm.jpg,https://objects.lib.uidaho.edu/sakaino/thumbs/mg387_1_7-186_th.jpg,https://objects.lib.uidaho.edu/sakaino/mg387_1_7-186.jpg,Lined notebook paper with handwritten Japanese text in ink
sakaino331,sakaino323,"January 1943 entry, page 8",,,,,,,,,"Transcribed and translated by Naoko Tanabe, 2024-2025, of Densho (densho.org)",Text,image/jpeg,jpn,mg387_1_7-187,"In copyright, educational use permitted. Educational use includes non-commercial reproduction of text and images in materials for teaching and research purposes. For other contexts beyond fair use, including digital reproduction, please contact the University of Idaho Library Special Collections and Archives Department at libspec@uidaho.edu. The University of Idaho Library is not liable for any violations of the law by users.",http://rightsstatements.org/vocab/InC-EDU/1.0/,image,mg387_1_7-187.jpg,/objects/mg387_1_7-187.md,https://objects.lib.uidaho.edu/sakaino/small/mg387_1_7-187_sm.jpg,https://objects.lib.uidaho.edu/sakaino/thumbs/mg387_1_7-187_th.jpg,https://objects.lib.uidaho.edu/sakaino/mg387_1_7-187.jpg,Lined notebook paper with handwritten Japanese text in ink
sakaino332,sakaino323,"January 1943 entry, page 9",,,,,,,,,"Transcribed and translated by Naoko Tanabe, 2024-2025, of Densho (densho.org)",Text,image/jpeg,jpn,mg387_1_7-188,"In copyright, educational use permitted. Educational use includes non-commercial reproduction of text and images in materials for teaching and research purposes. For other contexts beyond fair use, including digital reproduction, please contact the University of Idaho Library Special Collections and Archives Department at libspec@uidaho.edu. The University of Idaho Library is not liable for any violations of the law by users.",http://rightsstatements.org/vocab/InC-EDU/1.0/,image,mg387_1_7-188.jpg,/objects/mg387_1_7-188.md,https://objects.lib.uidaho.edu/sakaino/small/mg387_1_7-188_sm.jpg,https://objects.lib.uidaho.edu/sakaino/thumbs/mg387_1_7-188_th.jpg,https://objects.lib.uidaho.edu/sakaino/mg387_1_7-188.jpg,Lined notebook paper with handwritten Japanese text in ink
sakaino333,sakaino323,"January 1943 entry, page 10",,,,,,,,,"Transcribed and translated by Naoko Tanabe, 2024-2025, of Densho (densho.org)",Text,image/jpeg,jpn,mg387_1_7-189,"In copyright, educational use permitted. Educational use includes non-commercial reproduction of text and images in materials for teaching and research purposes. For other contexts beyond fair use, including digital reproduction, please contact the University of Idaho Library Special Collections and Archives Department at libspec@uidaho.edu. The University of Idaho Library is not liable for any violations of the law by users.",http://rightsstatements.org/vocab/InC-EDU/1.0/,image,mg387_1_7-189.jpg,/objects/mg387_1_7-189.md,https://objects.lib.uidaho.edu/sakaino/small/mg387_1_7-189_sm.jpg,https://objects.lib.uidaho.edu/sakaino/thumbs/mg387_1_7-189_th.jpg,https://objects.lib.uidaho.edu/sakaino/mg387_1_7-189.jpg,Lined notebook paper with handwritten Japanese text in ink
sakaino334,sakaino323,"January 1943 entry, page 11",,,,,,,,,"Transcribed and translated by Naoko Tanabe, 2024-2025, of Densho (densho.org)",Text,image/jpeg,jpn,mg387_1_7-190,"In copyright, educational use permitted. Educational use includes non-commercial reproduction of text and images in materials for teaching and research purposes. For other contexts beyond fair use, including digital reproduction, please contact the University of Idaho Library Special Collections and Archives Department at libspec@uidaho.edu. The University of Idaho Library is not liable for any violations of the law by users.",http://rightsstatements.org/vocab/InC-EDU/1.0/,image,mg387_1_7-190.jpg,/objects/mg387_1_7-190.md,https://objects.lib.uidaho.edu/sakaino/small/mg387_1_7-190_sm.jpg,https://objects.lib.uidaho.edu/sakaino/thumbs/mg387_1_7-190_th.jpg,https://objects.lib.uidaho.edu/sakaino/mg387_1_7-190.jpg,Lined notebook paper with handwritten Japanese text in ink
sakaino335,sakaino323,"January 1943 entry, page 12",,,,,,,,,"Transcribed and translated by Naoko Tanabe, 2024-2025, of Densho (densho.org)",Text,image/jpeg,jpn,mg387_1_7-191,"In copyright, educational use permitted. Educational use includes non-commercial reproduction of text and images in materials for teaching and research purposes. For other contexts beyond fair use, including digital reproduction, please contact the University of Idaho Library Special Collections and Archives Department at libspec@uidaho.edu. The University of Idaho Library is not liable for any violations of the law by users.",http://rightsstatements.org/vocab/InC-EDU/1.0/,image,mg387_1_7-191.jpg,/objects/mg387_1_7-191.md,https://objects.lib.uidaho.edu/sakaino/small/mg387_1_7-191_sm.jpg,https://objects.lib.uidaho.edu/sakaino/thumbs/mg387_1_7-191_th.jpg,https://objects.lib.uidaho.edu/sakaino/mg387_1_7-191.jpg,Lined notebook paper with handwritten Japanese text in ink
sakaino336,sakaino323,"January 1943 entry, page 13",,,,,,,,,"Transcribed and translated by Naoko Tanabe, 2024-2025, of Densho (densho.org)",Text,image/jpeg,jpn,mg387_1_7-192,"In copyright, educational use permitted. Educational use includes non-commercial reproduction of text and images in materials for teaching and research purposes. For other contexts beyond fair use, including digital reproduction, please contact the University of Idaho Library Special Collections and Archives Department at libspec@uidaho.edu. The University of Idaho Library is not liable for any violations of the law by users.",http://rightsstatements.org/vocab/InC-EDU/1.0/,image,mg387_1_7-192.jpg,/objects/mg387_1_7-192.md,https://objects.lib.uidaho.edu/sakaino/small/mg387_1_7-192_sm.jpg,https://objects.lib.uidaho.edu/sakaino/thumbs/mg387_1_7-192_th.jpg,https://objects.lib.uidaho.edu/sakaino/mg387_1_7-192.jpg,Lined notebook paper with handwritten Japanese text in ink
sakaino337,sakaino323,"January 1943 entry, page 14",,,,,,,,,"Transcribed and translated by Naoko Tanabe, 2024-2025, of Densho (densho.org)",Text,image/jpeg,jpn,mg387_1_7-193,"In copyright, educational use permitted. Educational use includes non-commercial reproduction of text and images in materials for teaching and research purposes. For other contexts beyond fair use, including digital reproduction, please contact the University of Idaho Library Special Collections and Archives Department at libspec@uidaho.edu. The University of Idaho Library is not liable for any violations of the law by users.",http://rightsstatements.org/vocab/InC-EDU/1.0/,image,mg387_1_7-193.jpg,/objects/mg387_1_7-193.md,https://objects.lib.uidaho.edu/sakaino/small/mg387_1_7-193_sm.jpg,https://objects.lib.uidaho.edu/sakaino/thumbs/mg387_1_7-193_th.jpg,https://objects.lib.uidaho.edu/sakaino/mg387_1_7-193.jpg,Lined notebook paper with handwritten Japanese text in ink
sakaino338,sakaino323,"January 1943 entry, page 15",,,,,,,,,"Transcribed and translated by Naoko Tanabe, 2024-2025, of Densho (densho.org)",Text,image/jpeg,jpn,mg387_1_7-194,"In copyright, educational use permitted. Educational use includes non-commercial reproduction of text and images in materials for teaching and research purposes. For other contexts beyond fair use, including digital reproduction, please contact the University of Idaho Library Special Collections and Archives Department at libspec@uidaho.edu. The University of Idaho Library is not liable for any violations of the law by users.",http://rightsstatements.org/vocab/InC-EDU/1.0/,image,mg387_1_7-194.jpg,/objects/mg387_1_7-194.md,https://objects.lib.uidaho.edu/sakaino/small/mg387_1_7-194_sm.jpg,https://objects.lib.uidaho.edu/sakaino/thumbs/mg387_1_7-194_th.jpg,https://objects.lib.uidaho.edu/sakaino/mg387_1_7-194.jpg,Lined notebook paper with handwritten Japanese text in ink
sakaino339,sakaino323,"January 1943 entry, page 16",,,,,,,,,"Transcribed and translated by Naoko Tanabe, 2024-2025, of Densho (densho.org)",Text,image/jpeg,jpn,mg387_1_7-195,"In copyright, educational use permitted. Educational use includes non-commercial reproduction of text and images in materials for teaching and research purposes. For other contexts beyond fair use, including digital reproduction, please contact the University of Idaho Library Special Collections and Archives Department at libspec@uidaho.edu. The University of Idaho Library is not liable for any violations of the law by users.",http://rightsstatements.org/vocab/InC-EDU/1.0/,image,mg387_1_7-195.jpg,/objects/mg387_1_7-195.md,https://objects.lib.uidaho.edu/sakaino/small/mg387_1_7-195_sm.jpg,https://objects.lib.uidaho.edu/sakaino/thumbs/mg387_1_7-195_th.jpg,https://objects.lib.uidaho.edu/sakaino/mg387_1_7-195.jpg,Lined notebook paper with handwritten Japanese text in ink
sakaino340,sakaino323,"January 1943 entry, page 17",,,,,,,,,"Transcribed and translated by Naoko Tanabe, 2024-2025, of Densho (densho.org)",Text,image/jpeg,jpn,mg387_1_7-196,"In copyright, educational use permitted. Educational use includes non-commercial reproduction of text and images in materials for teaching and research purposes. For other contexts beyond fair use, including digital reproduction, please contact the University of Idaho Library Special Collections and Archives Department at libspec@uidaho.edu. The University of Idaho Library is not liable for any violations of the law by users.",http://rightsstatements.org/vocab/InC-EDU/1.0/,image,mg387_1_7-196.jpg,/objects/mg387_1_7-196.md,https://objects.lib.uidaho.edu/sakaino/small/mg387_1_7-196_sm.jpg,https://objects.lib.uidaho.edu/sakaino/thumbs/mg387_1_7-196_th.jpg,https://objects.lib.uidaho.edu/sakaino/mg387_1_7-196.jpg,Lined notebook paper with handwritten Japanese text in ink
sakaino341,sakaino323,"January 1943 entry, page 18",,,,,,,,,"Transcribed and translated by Naoko Tanabe, 2024-2025, of Densho (densho.org)",Text,image/jpeg,jpn,mg387_1_7-197,"In copyright, educational use permitted. Educational use includes non-commercial reproduction of text and images in materials for teaching and research purposes. For other contexts beyond fair use, including digital reproduction, please contact the University of Idaho Library Special Collections and Archives Department at libspec@uidaho.edu. The University of Idaho Library is not liable for any violations of the law by users.",http://rightsstatements.org/vocab/InC-EDU/1.0/,image,mg387_1_7-197.jpg,/objects/mg387_1_7-197.md,https://objects.lib.uidaho.edu/sakaino/small/mg387_1_7-197_sm.jpg,https://objects.lib.uidaho.edu/sakaino/thumbs/mg387_1_7-197_th.jpg,https://objects.lib.uidaho.edu/sakaino/mg387_1_7-197.jpg,Lined notebook paper with handwritten Japanese text in ink
sakaino342,sakaino323,"January 1943 entry, page 19",,,,,,,,,"Transcribed and translated by Naoko Tanabe, 2024-2025, of Densho (densho.org)",Text,image/jpeg,jpn,mg387_1_7-198,"In copyright, educational use permitted. Educational use includes non-commercial reproduction of text and images in materials for teaching and research purposes. For other contexts beyond fair use, including digital reproduction, please contact the University of Idaho Library Special Collections and Archives Department at libspec@uidaho.edu. The University of Idaho Library is not liable for any violations of the law by users.",http://rightsstatements.org/vocab/InC-EDU/1.0/,image,mg387_1_7-198.jpg,/objects/mg387_1_7-198.md,https://objects.lib.uidaho.edu/sakaino/small/mg387_1_7-198_sm.jpg,https://objects.lib.uidaho.edu/sakaino/thumbs/mg387_1_7-198_th.jpg,https://objects.lib.uidaho.edu/sakaino/mg387_1_7-198.jpg,Lined notebook paper with handwritten Japanese text in ink
sakaino343,sakaino323,"January 1943 entry, page 20",,,,,,,,,"Transcribed and translated by Naoko Tanabe, 2024-2025, of Densho (densho.org)",Text,image/jpeg,jpn,mg387_1_7-199,"In copyright, educational use permitted. Educational use includes non-commercial reproduction of text and images in materials for teaching and research purposes. For other contexts beyond fair use, including digital reproduction, please contact the University of Idaho Library Special Collections and Archives Department at libspec@uidaho.edu. The University of Idaho Library is not liable for any violations of the law by users.",http://rightsstatements.org/vocab/InC-EDU/1.0/,image,mg387_1_7-199.jpg,/objects/mg387_1_7-199.md,https://objects.lib.uidaho.edu/sakaino/small/mg387_1_7-199_sm.jpg,https://objects.lib.uidaho.edu/sakaino/thumbs/mg387_1_7-199_th.jpg,https://objects.lib.uidaho.edu/sakaino/mg387_1_7-199.jpg,Lined notebook paper with handwritten Japanese text in ink
sakaino344,sakaino323,"January 1943 entry, page 21",,,,,,,,,"Transcribed and translated by Naoko Tanabe, 2024-2025, of Densho (densho.org)",Text,image/jpeg,jpn,mg387_1_7-200,"In copyright, educational use permitted. Educational use includes non-commercial reproduction of text and images in materials for teaching and research purposes. For other contexts beyond fair use, including digital reproduction, please contact the University of Idaho Library Special Collections and Archives Department at libspec@uidaho.edu. The University of Idaho Library is not liable for any violations of the law by users.",http://rightsstatements.org/vocab/InC-EDU/1.0/,image,mg387_1_7-200.jpg,/objects/mg387_1_7-200.md,https://objects.lib.uidaho.edu/sakaino/small/mg387_1_7-200_sm.jpg,https://objects.lib.uidaho.edu/sakaino/thumbs/mg387_1_7-200_th.jpg,https://objects.lib.uidaho.edu/sakaino/mg387_1_7-200.jpg,Lined notebook paper with handwritten Japanese text in ink
sakaino345,sakaino323,"January 1943 entry, page 22",,,,,,,,,"Transcribed and translated by Naoko Tanabe, 2024-2025, of Densho (densho.org)",Text,image/jpeg,jpn,mg387_1_7-201,"In copyright, educational use permitted. Educational use includes non-commercial reproduction of text and images in materials for teaching and research purposes. For other contexts beyond fair use, including digital reproduction, please contact the University of Idaho Library Special Collections and Archives Department at libspec@uidaho.edu. The University of Idaho Library is not liable for any violations of the law by users.",http://rightsstatements.org/vocab/InC-EDU/1.0/,image,mg387_1_7-201.jpg,/objects/mg387_1_7-201.md,https://objects.lib.uidaho.edu/sakaino/small/mg387_1_7-201_sm.jpg,https://objects.lib.uidaho.edu/sakaino/thumbs/mg387_1_7-201_th.jpg,https://objects.lib.uidaho.edu/sakaino/mg387_1_7-201.jpg,Lined notebook paper with handwritten Japanese text in ink
sakaino346,sakaino323,"January 1943 entry, page 23",,,,,,,,,"Transcribed and translated by Naoko Tanabe, 2024-2025, of Densho (densho.org)",Text,image/jpeg,jpn,mg387_1_7-202,"In copyright, educational use permitted. Educational use includes non-commercial reproduction of text and images in materials for teaching and research purposes. For other contexts beyond fair use, including digital reproduction, please contact the University of Idaho Library Special Collections and Archives Department at libspec@uidaho.edu. The University of Idaho Library is not liable for any violations of the law by users.",http://rightsstatements.org/vocab/InC-EDU/1.0/,image,mg387_1_7-202.jpg,/objects/mg387_1_7-202.md,https://objects.lib.uidaho.edu/sakaino/small/mg387_1_7-202_sm.jpg,https://objects.lib.uidaho.edu/sakaino/thumbs/mg387_1_7-202_th.jpg,https://objects.lib.uidaho.edu/sakaino/mg387_1_7-202.jpg,Lined notebook paper with handwritten Japanese text in ink
sakaino347,sakaino323,"January 1943 entry, page 24",,,,,,,,,"Transcribed and translated by Naoko Tanabe, 2024-2025, of Densho (densho.org)",Text,image/jpeg,jpn,mg387_1_7-203,"In copyright, educational use permitted. Educational use includes non-commercial reproduction of text and images in materials for teaching and research purposes. For other contexts beyond fair use, including digital reproduction, please contact the University of Idaho Library Special Collections and Archives Department at libspec@uidaho.edu. The University of Idaho Library is not liable for any violations of the law by users.",http://rightsstatements.org/vocab/InC-EDU/1.0/,image,mg387_1_7-203.jpg,/objects/mg387_1_7-203.md,https://objects.lib.uidaho.edu/sakaino/small/mg387_1_7-203_sm.jpg,https://objects.lib.uidaho.edu/sakaino/thumbs/mg387_1_7-203_th.jpg,https://objects.lib.uidaho.edu/sakaino/mg387_1_7-203.jpg,Lined notebook paper with handwritten Japanese text in ink
sakaino348,sakaino323,"January 1943 entry, page 25",,,,,,,,,"Transcribed and translated by Naoko Tanabe, 2024-2025, of Densho (densho.org)",Text,image/jpeg,jpn,mg387_1_7-204,"In copyright, educational use permitted. Educational use includes non-commercial reproduction of text and images in materials for teaching and research purposes. For other contexts beyond fair use, including digital reproduction, please contact the University of Idaho Library Special Collections and Archives Department at libspec@uidaho.edu. The University of Idaho Library is not liable for any violations of the law by users.",http://rightsstatements.org/vocab/InC-EDU/1.0/,image,mg387_1_7-204.jpg,/objects/mg387_1_7-204.md,https://objects.lib.uidaho.edu/sakaino/small/mg387_1_7-204_sm.jpg,https://objects.lib.uidaho.edu/sakaino/thumbs/mg387_1_7-204_th.jpg,https://objects.lib.uidaho.edu/sakaino/mg387_1_7-204.jpg,Lined notebook paper with handwritten Japanese text in ink
sakaino349,sakaino323,"January 1943 entry, page 26",,,,,,,,,"Transcribed and translated by Naoko Tanabe, 2024-2025, of Densho (densho.org)",Text,image/jpeg,jpn,mg387_1_7-205,"In copyright, educational use permitted. Educational use includes non-commercial reproduction of text and images in materials for teaching and research purposes. For other contexts beyond fair use, including digital reproduction, please contact the University of Idaho Library Special Collections and Archives Department at libspec@uidaho.edu. The University of Idaho Library is not liable for any violations of the law by users.",http://rightsstatements.org/vocab/InC-EDU/1.0/,image,mg387_1_7-205.jpg,/objects/mg387_1_7-205.md,https://objects.lib.uidaho.edu/sakaino/small/mg387_1_7-205_sm.jpg,https://objects.lib.uidaho.edu/sakaino/thumbs/mg387_1_7-205_th.jpg,https://objects.lib.uidaho.edu/sakaino/mg387_1_7-205.jpg,Lined notebook paper with handwritten Japanese text in ink
sakaino350,sakaino323,"January 1943 entry, page 27",,,,,,,,,"Transcribed and translated by Naoko Tanabe, 2024-2025, of Densho (densho.org)",Text,image/jpeg,jpn,mg387_1_7-206,"In copyright, educational use permitted. Educational use includes non-commercial reproduction of text and images in materials for teaching and research purposes. For other contexts beyond fair use, including digital reproduction, please contact the University of Idaho Library Special Collections and Archives Department at libspec@uidaho.edu. The University of Idaho Library is not liable for any violations of the law by users.",http://rightsstatements.org/vocab/InC-EDU/1.0/,image,mg387_1_7-206.jpg,/objects/mg387_1_7-206.md,https://objects.lib.uidaho.edu/sakaino/small/mg387_1_7-206_sm.jpg,https://objects.lib.uidaho.edu/sakaino/thumbs/mg387_1_7-206_th.jpg,https://objects.lib.uidaho.edu/sakaino/mg387_1_7-206.jpg,Lined notebook paper with handwritten Japanese text in ink
sakaino351,sakaino323,"January 1943 entry, page 28",,,,,,,,,"Transcribed and translated by Naoko Tanabe, 2024-2025, of Densho (densho.org)",Text,image/jpeg,jpn,mg387_1_7-207,"In copyright, educational use permitted. Educational use includes non-commercial reproduction of text and images in materials for teaching and research purposes. For other contexts beyond fair use, including digital reproduction, please contact the University of Idaho Library Special Collections and Archives Department at libspec@uidaho.edu. The University of Idaho Library is not liable for any violations of the law by users.",http://rightsstatements.org/vocab/InC-EDU/1.0/,image,mg387_1_7-207.jpg,/objects/mg387_1_7-207.md,https://objects.lib.uidaho.edu/sakaino/small/mg387_1_7-207_sm.jpg,https://objects.lib.uidaho.edu/sakaino/thumbs/mg387_1_7-207_th.jpg,https://objects.lib.uidaho.edu/sakaino/mg387_1_7-207.jpg,Lined notebook paper with handwritten Japanese text in ink
sakaino352,sakaino323,"January 1943 entry, page 29",,,,,,,,,"Transcribed and translated by Naoko Tanabe, 2024-2025, of Densho (densho.org)",Text,image/jpeg,jpn,mg387_1_7-208,"In copyright, educational use permitted. Educational use includes non-commercial reproduction of text and images in materials for teaching and research purposes. For other contexts beyond fair use, including digital reproduction, please contact the University of Idaho Library Special Collections and Archives Department at libspec@uidaho.edu. The University of Idaho Library is not liable for any violations of the law by users.",http://rightsstatements.org/vocab/InC-EDU/1.0/,image,mg387_1_7-208.jpg,/objects/mg387_1_7-208.md,https://objects.lib.uidaho.edu/sakaino/small/mg387_1_7-208_sm.jpg,https://objects.lib.uidaho.edu/sakaino/thumbs/mg387_1_7-208_th.jpg,https://objects.lib.uidaho.edu/sakaino/mg387_1_7-208.jpg,Lined notebook paper with handwritten Japanese text in ink
sakaino353,sakaino323,"January 1943 entry, page 30",,,,,,,,,"Transcribed and translated by Naoko Tanabe, 2024-2025, of Densho (densho.org)",Text,image/jpeg,jpn,mg387_1_7-209,"In copyright, educational use permitted. Educational use includes non-commercial reproduction of text and images in materials for teaching and research purposes. For other contexts beyond fair use, including digital reproduction, please contact the University of Idaho Library Special Collections and Archives Department at libspec@uidaho.edu. The University of Idaho Library is not liable for any violations of the law by users.",http://rightsstatements.org/vocab/InC-EDU/1.0/,image,mg387_1_7-209.jpg,/objects/mg387_1_7-209.md,https://objects.lib.uidaho.edu/sakaino/small/mg387_1_7-209_sm.jpg,https://objects.lib.uidaho.edu/sakaino/thumbs/mg387_1_7-209_th.jpg,https://objects.lib.uidaho.edu/sakaino/mg387_1_7-209.jpg,Lined notebook paper with handwritten Japanese text in ink
sakaino354,sakaino323,"January 1943 entry, page 31",,,,,,,,,"Transcribed and translated by Naoko Tanabe, 2024-2025, of Densho (densho.org)",Text,image/jpeg,jpn,mg387_1_7-210,"In copyright, educational use permitted. Educational use includes non-commercial reproduction of text and images in materials for teaching and research purposes. For other contexts beyond fair use, including digital reproduction, please contact the University of Idaho Library Special Collections and Archives Department at libspec@uidaho.edu. The University of Idaho Library is not liable for any violations of the law by users.",http://rightsstatements.org/vocab/InC-EDU/1.0/,image,mg387_1_7-210.jpg,/objects/mg387_1_7-210.md,https://objects.lib.uidaho.edu/sakaino/small/mg387_1_7-210_sm.jpg,https://objects.lib.uidaho.edu/sakaino/thumbs/mg387_1_7-210_th.jpg,https://objects.lib.uidaho.edu/sakaino/mg387_1_7-210.jpg,Lined notebook paper with handwritten Japanese text in ink
sakaino355,,"January 24, 1943 entry","Sakaino, Bunro","Camp Livingston, LA",31.442945,-92.375467,1943-01-24,"January 24, 1943, diary entry written by Bunro Sakaino while he was incarcerated at Camp Livingston, near Pineville, Louisiana.",concentration camps; diaries,"MG 387, George Shihei Shitamae papers, Special Collections and Archives, University of Idaho Library","Transcribed and translated by Naoko Tanabe, 2024-2025, of Densho (densho.org)",Text,application/pdf,jpn,mg387_1_7-1943-01-24,"In copyright, educational use permitted. Educational use includes non-commercial reproduction of text and images in materials for teaching and research purposes. For other contexts beyond fair use, including digital reproduction, please contact the University of Idaho Library Special Collections and Archives Department at libspec@uidaho.edu. The University of Idaho Library is not liable for any violations of the law by users.",http://rightsstatements.org/vocab/InC-EDU/1.0/,letter,mg387_1_7-1943-01-24.pdf,/objects/1943-01-25.md,https://objects.lib.uidaho.edu/sakaino/small/mg387_1_7-1943-01-24_sm.jpg,https://objects.lib.uidaho.edu/sakaino/thumbs/mg387_1_7-1943-01-24_th.jpg,https://objects.lib.uidaho.edu/sakaino/mg387_1_7-1943-01-24.pdf,
sakaino356,sakaino355,"January 24, 1943 entry, page 1",,,,,,,,,"Transcribed and translated by Naoko Tanabe, 2024-2025, of Densho (densho.org)",Text,image/jpeg,jpn,mg387_1_7-211,"In copyright, educational use permitted. Educational use includes non-commercial reproduction of text and images in materials for teaching and research purposes. For other contexts beyond fair use, including digital reproduction, please contact the University of Idaho Library Special Collections and Archives Department at libspec@uidaho.edu. The University of Idaho Library is not liable for any violations of the law by users.",http://rightsstatements.org/vocab/InC-EDU/1.0/,image,mg387_1_7-211.jpg,/objects/mg387_1_7-211a.md,https://objects.lib.uidaho.edu/sakaino/small/mg387_1_7-211_sm.jpg,https://objects.lib.uidaho.edu/sakaino/thumbs/mg387_1_7-211_th.jpg,https://objects.lib.uidaho.edu/sakaino/mg387_1_7-211.jpg,Lined notebook paper with handwritten Japanese text in ink
sakaino357,,"January 25, 1943 entry","Sakaino, Bunro","Camp Livingston, LA",31.442945,-92.375467,1943-01-25,"January 25, 1943, diary entry written by Bunro Sakaino while he was incarcerated at Camp Livingston, near Pineville, Louisiana.",concentration camps; diaries,"MG 387, George Shihei Shitamae papers, Special Collections and Archives, University of Idaho Library","Transcribed and translated by Naoko Tanabe, 2024-2025, of Densho (densho.org)",Text,application/pdf,jpn,mg387_1_7-1943-01-25,"In copyright, educational use permitted. Educational use includes non-commercial reproduction of text and images in materials for teaching and research purposes. For other contexts beyond fair use, including digital reproduction, please contact the University of Idaho Library Special Collections and Archives Department at libspec@uidaho.edu. The University of Idaho Library is not liable for any violations of the law by users.",http://rightsstatements.org/vocab/InC-EDU/1.0/,letter,mg387_1_7-1943-01-25.pdf,/objects/1943-01-26.md,https://objects.lib.uidaho.edu/sakaino/small/mg387_1_7-1943-01-25_sm.jpg,https://objects.lib.uidaho.edu/sakaino/thumbs/mg387_1_7-1943-01-25_th.jpg,https://objects.lib.uidaho.edu/sakaino/mg387_1_7-1943-01-25.pdf,
sakaino358,sakaino357,"January 25, 1943 entry, page 1",,,,,,,,,"Transcribed and translated by Naoko Tanabe, 2024-2025, of Densho (densho.org)",Text,image/jpeg,jpn,mg387_1_7-211,"In copyright, educational use permitted. Educational use includes non-commercial reproduction of text and images in materials for teaching and research purposes. For other contexts beyond fair use, including digital reproduction, please contact the University of Idaho Library Special Collections and Archives Department at libspec@uidaho.edu. The University of Idaho Library is not liable for any violations of the law by users.",http://rightsstatements.org/vocab/InC-EDU/1.0/,image,mg387_1_7-211.jpg,/objects/mg387_1_7-211b.md,https://objects.lib.uidaho.edu/sakaino/small/mg387_1_7-211_sm.jpg,https://objects.lib.uidaho.edu/sakaino/thumbs/mg387_1_7-211_th.jpg,https://objects.lib.uidaho.edu/sakaino/mg387_1_7-211.jpg,Lined notebook paper with handwritten Japanese text in ink
sakaino359,sakaino357,"January 25, 1943 entry, page 2",,,,,,,,,"Transcribed and translated by Naoko Tanabe, 2024-2025, of Densho (densho.org)",Text,image/jpeg,jpn,mg387_1_7-212,"In copyright, educational use permitted. Educational use includes non-commercial reproduction of text and images in materials for teaching and research purposes. For other contexts beyond fair use, including digital reproduction, please contact the University of Idaho Library Special Collections and Archives Department at libspec@uidaho.edu. The University of Idaho Library is not liable for any violations of the law by users.",http://rightsstatements.org/vocab/InC-EDU/1.0/,image,mg387_1_7-212.jpg,/objects/mg387_1_7-212.md,https://objects.lib.uidaho.edu/sakaino/small/mg387_1_7-212_sm.jpg,https://objects.lib.uidaho.edu/sakaino/thumbs/mg387_1_7-212_th.jpg,https://objects.lib.uidaho.edu/sakaino/mg387_1_7-212.jpg,Lined notebook paper with handwritten Japanese text in ink
sakaino360,sakaino357,"January 25, 1943 entry, page 3",,,,,,,,,"Transcribed and translated by Naoko Tanabe, 2024-2025, of Densho (densho.org)",Text,image/jpeg,jpn,mg387_1_7-213,"In copyright, educational use permitted. Educational use includes non-commercial reproduction of text and images in materials for teaching and research purposes. For other contexts beyond fair use, including digital reproduction, please contact the University of Idaho Library Special Collections and Archives Department at libspec@uidaho.edu. The University of Idaho Library is not liable for any violations of the law by users.",http://rightsstatements.org/vocab/InC-EDU/1.0/,image,mg387_1_7-213.jpg,/objects/mg387_1_7-213a.md,https://objects.lib.uidaho.edu/sakaino/small/mg387_1_7-213_sm.jpg,https://objects.lib.uidaho.edu/sakaino/thumbs/mg387_1_7-213_th.jpg,https://objects.lib.uidaho.edu/sakaino/mg387_1_7-213.jpg,Lined notebook paper with handwritten Japanese text in ink
sakaino361,,"January 26, 1943 entry","Sakaino, Bunro","Camp Livingston, LA",31.442945,-92.375467,1943-01-26,"January 26, 1943, diary entry written by Bunro Sakaino while he was incarcerated at Camp Livingston, near Pineville, Louisiana.",concentration camps; diaries,"MG 387, George Shihei Shitamae papers, Special Collections and Archives, University of Idaho Library","Transcribed and translated by Naoko Tanabe, 2024-2025, of Densho (densho.org)",Text,application/pdf,jpn,mg387_1_7-1943-01-26,"In copyright, educational use permitted. Educational use includes non-commercial reproduction of text and images in materials for teaching and research purposes. For other contexts beyond fair use, including digital reproduction, please contact the University of Idaho Library Special Collections and Archives Department at libspec@uidaho.edu. The University of Idaho Library is not liable for any violations of the law by users.",http://rightsstatements.org/vocab/InC-EDU/1.0/,letter,mg387_1_7-1943-01-26.pdf,/objects/1943-01-27.md,https://objects.lib.uidaho.edu/sakaino/small/mg387_1_7-1943-01-26_sm.jpg,https://objects.lib.uidaho.edu/sakaino/thumbs/mg387_1_7-1943-01-26_th.jpg,https://objects.lib.uidaho.edu/sakaino/mg387_1_7-1943-01-26.pdf,
sakaino362,sakaino361,"January 26, 1943 entry, page 1",,,,,,,,,"Transcribed and translated by Naoko Tanabe, 2024-2025, of Densho (densho.org)",Text,image/jpeg,jpn,mg387_1_7-213,"In copyright, educational use permitted. Educational use includes non-commercial reproduction of text and images in materials for teaching and research purposes. For other contexts beyond fair use, including digital reproduction, please contact the University of Idaho Library Special Collections and Archives Department at libspec@uidaho.edu. The University of Idaho Library is not liable for any violations of the law by users.",http://rightsstatements.org/vocab/InC-EDU/1.0/,image,mg387_1_7-213.jpg,/objects/mg387_1_7-213b.md,https://objects.lib.uidaho.edu/sakaino/small/mg387_1_7-213_sm.jpg,https://objects.lib.uidaho.edu/sakaino/thumbs/mg387_1_7-213_th.jpg,https://objects.lib.uidaho.edu/sakaino/mg387_1_7-213.jpg,Lined notebook paper with handwritten Japanese text in ink
sakaino363,sakaino361,"January 26, 1943 entry, page 2",,,,,,,,,"Transcribed and translated by Naoko Tanabe, 2024-2025, of Densho (densho.org)",Text,image/jpeg,jpn,mg387_1_7-214,"In copyright, educational use permitted. Educational use includes non-commercial reproduction of text and images in materials for teaching and research purposes. For other contexts beyond fair use, including digital reproduction, please contact the University of Idaho Library Special Collections and Archives Department at libspec@uidaho.edu. The University of Idaho Library is not liable for any violations of the law by users.",http://rightsstatements.org/vocab/InC-EDU/1.0/,image,mg387_1_7-214.jpg,/objects/mg387_1_7-214a.md,https://objects.lib.uidaho.edu/sakaino/small/mg387_1_7-214_sm.jpg,https://objects.lib.uidaho.edu/sakaino/thumbs/mg387_1_7-214_th.jpg,https://objects.lib.uidaho.edu/sakaino/mg387_1_7-214.jpg,Lined notebook paper with handwritten Japanese text in ink
sakaino364,,"January 27, 1943 entry","Sakaino, Bunro","Camp Livingston, LA",31.442945,-92.375467,1943-01-27,"January 27, 1943, diary entry written by Bunro Sakaino while he was incarcerated at Camp Livingston, near Pineville, Louisiana.",concentration camps; diaries,"MG 387, George Shihei Shitamae papers, Special Collections and Archives, University of Idaho Library","Transcribed and translated by Naoko Tanabe, 2024-2025, of Densho (densho.org)",Text,application/pdf,jpn,mg387_1_7-1943-01-27,"In copyright, educational use permitted. Educational use includes non-commercial reproduction of text and images in materials for teaching and research purposes. For other contexts beyond fair use, including digital reproduction, please contact the University of Idaho Library Special Collections and Archives Department at libspec@uidaho.edu. The University of Idaho Library is not liable for any violations of the law by users.",http://rightsstatements.org/vocab/InC-EDU/1.0/,letter,mg387_1_7-1943-01-27.pdf,/objects/1943-01-28.md,https://objects.lib.uidaho.edu/sakaino/small/mg387_1_7-1943-01-27_sm.jpg,https://objects.lib.uidaho.edu/sakaino/thumbs/mg387_1_7-1943-01-27_th.jpg,https://objects.lib.uidaho.edu/sakaino/mg387_1_7-1943-01-27.pdf,
sakaino365,sakaino364,"January 27, 1943 entry, page 1",,,,,,,,,"Transcribed and translated by Naoko Tanabe, 2024-2025, of Densho (densho.org)",Text,image/jpeg,jpn,mg387_1_7-214,"In copyright, educational use permitted. Educational use includes non-commercial reproduction of text and images in materials for teaching and research purposes. For other contexts beyond fair use, including digital reproduction, please contact the University of Idaho Library Special Collections and Archives Department at libspec@uidaho.edu. The University of Idaho Library is not liable for any violations of the law by users.",http://rightsstatements.org/vocab/InC-EDU/1.0/,image,mg387_1_7-214.jpg,/objects/mg387_1_7-214b.md,https://objects.lib.uidaho.edu/sakaino/small/mg387_1_7-214_sm.jpg,https://objects.lib.uidaho.edu/sakaino/thumbs/mg387_1_7-214_th.jpg,https://objects.lib.uidaho.edu/sakaino/mg387_1_7-214.jpg,Lined notebook paper with handwritten Japanese text in ink
sakaino366,,"January 28, 1943 entry","Sakaino, Bunro","Camp Livingston, LA",31.442945,-92.375467,1943-01-28,"January 28, 1943, diary entry written by Bunro Sakaino while he was incarcerated at Camp Livingston, near Pineville, Louisiana.",concentration camps; diaries,"MG 387, George Shihei Shitamae papers, Special Collections and Archives, University of Idaho Library","Transcribed and translated by Naoko Tanabe, 2024-2025, of Densho (densho.org)",Text,application/pdf,jpn,mg387_1_7-1943-01-28,"In copyright, educational use permitted. Educational use includes non-commercial reproduction of text and images in materials for teaching and research purposes. For other contexts beyond fair use, including digital reproduction, please contact the University of Idaho Library Special Collections and Archives Department at libspec@uidaho.edu. The University of Idaho Library is not liable for any violations of the law by users.",http://rightsstatements.org/vocab/InC-EDU/1.0/,letter,mg387_1_7-1943-01-28.pdf,/objects/1943-01-29.md,https://objects.lib.uidaho.edu/sakaino/small/mg387_1_7-1943-01-28_sm.jpg,https://objects.lib.uidaho.edu/sakaino/thumbs/mg387_1_7-1943-01-28_th.jpg,https://objects.lib.uidaho.edu/sakaino/mg387_1_7-1943-01-28.pdf,
sakaino367,sakaino366,"January 28, 1943 entry, page 1",,,,,,,,,"Transcribed and translated by Naoko Tanabe, 2024-2025, of Densho (densho.org)",Text,image/jpeg,jpn,mg387_1_7-214,"In copyright, educational use permitted. Educational use includes non-commercial reproduction of text and images in materials for teaching and research purposes. For other contexts beyond fair use, including digital reproduction, please contact the University of Idaho Library Special Collections and Archives Department at libspec@uidaho.edu. The University of Idaho Library is not liable for any violations of the law by users.",http://rightsstatements.org/vocab/InC-EDU/1.0/,image,mg387_1_7-214.jpg,/objects/mg387_1_7-214c.md,https://objects.lib.uidaho.edu/sakaino/small/mg387_1_7-214_sm.jpg,https://objects.lib.uidaho.edu/sakaino/thumbs/mg387_1_7-214_th.jpg,https://objects.lib.uidaho.edu/sakaino/mg387_1_7-214.jpg,Lined notebook paper with handwritten Japanese text in ink
sakaino368,sakaino366,"January 28, 1943 entry, page 2",,,,,,,,,"Transcribed and translated by Naoko Tanabe, 2024-2025, of Densho (densho.org)",Text,image/jpeg,jpn,mg387_1_7-215,"In copyright, educational use permitted. Educational use includes non-commercial reproduction of text and images in materials for teaching and research purposes. For other contexts beyond fair use, including digital reproduction, please contact the University of Idaho Library Special Collections and Archives Department at libspec@uidaho.edu. The University of Idaho Library is not liable for any violations of the law by users.",http://rightsstatements.org/vocab/InC-EDU/1.0/,image,mg387_1_7-215.jpg,/objects/mg387_1_7-215a.md,https://objects.lib.uidaho.edu/sakaino/small/mg387_1_7-215_sm.jpg,https://objects.lib.uidaho.edu/sakaino/thumbs/mg387_1_7-215_th.jpg,https://objects.lib.uidaho.edu/sakaino/mg387_1_7-215.jpg,Lined notebook paper with handwritten Japanese text in ink
sakaino369,,"January 29, 1943 entry","Sakaino, Bunro","Camp Livingston, LA",31.442945,-92.375467,1943-01-29,"January 29, 1943, diary entry written by Bunro Sakaino while he was incarcerated at Camp Livingston, near Pineville, Louisiana.",concentration camps; diaries,"MG 387, George Shihei Shitamae papers, Special Collections and Archives, University of Idaho Library","Transcribed and translated by Naoko Tanabe, 2024-2025, of Densho (densho.org)",Text,application/pdf,jpn,mg387_1_7-1943-01-29,"In copyright, educational use permitted. Educational use includes non-commercial reproduction of text and images in materials for teaching and research purposes. For other contexts beyond fair use, including digital reproduction, please contact the University of Idaho Library Special Collections and Archives Department at libspec@uidaho.edu. The University of Idaho Library is not liable for any violations of the law by users.",http://rightsstatements.org/vocab/InC-EDU/1.0/,letter,mg387_1_7-1943-01-29.pdf,/objects/1943-01-30.md,https://objects.lib.uidaho.edu/sakaino/small/mg387_1_7-1943-01-29_sm.jpg,https://objects.lib.uidaho.edu/sakaino/thumbs/mg387_1_7-1943-01-29_th.jpg,https://objects.lib.uidaho.edu/sakaino/mg387_1_7-1943-01-29.pdf,
sakaino370,sakaino369,"January 29, 1943 entry, page 1",,,,,,,,,"Transcribed and translated by Naoko Tanabe, 2024-2025, of Densho (densho.org)",Text,image/jpeg,jpn,mg387_1_7-215,"In copyright, educational use permitted. Educational use includes non-commercial reproduction of text and images in materials for teaching and research purposes. For other contexts beyond fair use, including digital reproduction, please contact the University of Idaho Library Special Collections and Archives Department at libspec@uidaho.edu. The University of Idaho Library is not liable for any violations of the law by users.",http://rightsstatements.org/vocab/InC-EDU/1.0/,image,mg387_1_7-215.jpg,/objects/mg387_1_7-215b.md,https://objects.lib.uidaho.edu/sakaino/small/mg387_1_7-215_sm.jpg,https://objects.lib.uidaho.edu/sakaino/thumbs/mg387_1_7-215_th.jpg,https://objects.lib.uidaho.edu/sakaino/mg387_1_7-215.jpg,Lined notebook paper with handwritten Japanese text in ink
sakaino371,sakaino369,"January 29, 1943 entry, page 2",,,,,,,,,"Transcribed and translated by Naoko Tanabe, 2024-2025, of Densho (densho.org)",Text,image/jpeg,jpn,mg387_1_7-216,"In copyright, educational use permitted. Educational use includes non-commercial reproduction of text and images in materials for teaching and research purposes. For other contexts beyond fair use, including digital reproduction, please contact the University of Idaho Library Special Collections and Archives Department at libspec@uidaho.edu. The University of Idaho Library is not liable for any violations of the law by users.",http://rightsstatements.org/vocab/InC-EDU/1.0/,image,mg387_1_7-216.jpg,/objects/mg387_1_7-216.md,https://objects.lib.uidaho.edu/sakaino/small/mg387_1_7-216_sm.jpg,https://objects.lib.uidaho.edu/sakaino/thumbs/mg387_1_7-216_th.jpg,https://objects.lib.uidaho.edu/sakaino/mg387_1_7-216.jpg,Lined notebook paper with handwritten Japanese text in ink
sakaino372,sakaino369,"January 29, 1943 entry, page 3",,,,,,,,,"Transcribed and translated by Naoko Tanabe, 2024-2025, of Densho (densho.org)",Text,image/jpeg,jpn,mg387_1_7-217,"In copyright, educational use permitted. Educational use includes non-commercial reproduction of text and images in materials for teaching and research purposes. For other contexts beyond fair use, including digital reproduction, please contact the University of Idaho Library Special Collections and Archives Department at libspec@uidaho.edu. The University of Idaho Library is not liable for any violations of the law by users.",http://rightsstatements.org/vocab/InC-EDU/1.0/,image,mg387_1_7-217.jpg,/objects/mg387_1_7-217a.md,https://objects.lib.uidaho.edu/sakaino/small/mg387_1_7-217_sm.jpg,https://objects.lib.uidaho.edu/sakaino/thumbs/mg387_1_7-217_th.jpg,https://objects.lib.uidaho.edu/sakaino/mg387_1_7-217.jpg,Lined notebook paper with handwritten Japanese text in ink
sakaino373,,"January 30, 1943 entry","Sakaino, Bunro","Camp Livingston, LA",31.442945,-92.375467,1943-01-30,"January 30, 1943, diary entry written by Bunro Sakaino while he was incarcerated at Camp Livingston, near Pineville, Louisiana.",concentration camps; diaries,"MG 387, George Shihei Shitamae papers, Special Collections and Archives, University of Idaho Library","Transcribed and translated by Naoko Tanabe, 2024-2025, of Densho (densho.org)",Text,application/pdf,jpn,mg387_1_7-1943-01-30,"In copyright, educational use permitted. Educational use includes non-commercial reproduction of text and images in materials for teaching and research purposes. For other contexts beyond fair use, including digital reproduction, please contact the University of Idaho Library Special Collections and Archives Department at libspec@uidaho.edu. The University of Idaho Library is not liable for any violations of the law by users.",http://rightsstatements.org/vocab/InC-EDU/1.0/,letter,mg387_1_7-1943-01-30.pdf,/objects/1943-01-31.md,https://objects.lib.uidaho.edu/sakaino/small/mg387_1_7-1943-01-30_sm.jpg,https://objects.lib.uidaho.edu/sakaino/thumbs/mg387_1_7-1943-01-30_th.jpg,https://objects.lib.uidaho.edu/sakaino/mg387_1_7-1943-01-30.pdf,
sakaino374,sakaino373,"January 30, 1943 entry, page 1",,,,,,,,,"Transcribed and translated by Naoko Tanabe, 2024-2025, of Densho (densho.org)",Text,image/jpeg,jpn,mg387_1_7-217,"In copyright, educational use permitted. Educational use includes non-commercial reproduction of text and images in materials for teaching and research purposes. For other contexts beyond fair use, including digital reproduction, please contact the University of Idaho Library Special Collections and Archives Department at libspec@uidaho.edu. The University of Idaho Library is not liable for any violations of the law by users.",http://rightsstatements.org/vocab/InC-EDU/1.0/,image,mg387_1_7-217.jpg,/objects/mg387_1_7-217b.md,https://objects.lib.uidaho.edu/sakaino/small/mg387_1_7-217_sm.jpg,https://objects.lib.uidaho.edu/sakaino/thumbs/mg387_1_7-217_th.jpg,https://objects.lib.uidaho.edu/sakaino/mg387_1_7-217.jpg,Lined notebook paper with handwritten Japanese text in ink
sakaino375,sakaino373,"January 30, 1943 entry, page 2",,,,,,,,,"Transcribed and translated by Naoko Tanabe, 2024-2025, of Densho (densho.org)",Text,image/jpeg,jpn,mg387_1_7-218,"In copyright, educational use permitted. Educational use includes non-commercial reproduction of text and images in materials for teaching and research purposes. For other contexts beyond fair use, including digital reproduction, please contact the University of Idaho Library Special Collections and Archives Department at libspec@uidaho.edu. The University of Idaho Library is not liable for any violations of the law by users.",http://rightsstatements.org/vocab/InC-EDU/1.0/,image,mg387_1_7-218.jpg,/objects/mg387_1_7-218a.md,https://objects.lib.uidaho.edu/sakaino/small/mg387_1_7-218_sm.jpg,https://objects.lib.uidaho.edu/sakaino/thumbs/mg387_1_7-218_th.jpg,https://objects.lib.uidaho.edu/sakaino/mg387_1_7-218.jpg,Lined notebook paper with handwritten Japanese text in ink
sakaino376,,"January 31, 1943 entry","Sakaino, Bunro","Camp Livingston, LA",31.442945,-92.375467,1943-01-31,"January 31, 1943, diary entry written by Bunro Sakaino while he was incarcerated at Camp Livingston, near Pineville, Louisiana.",concentration camps; diaries,"MG 387, George Shihei Shitamae papers, Special Collections and Archives, University of Idaho Library","Transcribed and translated by Naoko Tanabe, 2024-2025, of Densho (densho.org)",Text,application/pdf,jpn,mg387_1_7-1943-01-31,"In copyright, educational use permitted. Educational use includes non-commercial reproduction of text and images in materials for teaching and research purposes. For other contexts beyond fair use, including digital reproduction, please contact the University of Idaho Library Special Collections and Archives Department at libspec@uidaho.edu. The University of Idaho Library is not liable for any violations of the law by users.",http://rightsstatements.org/vocab/InC-EDU/1.0/,letter,mg387_1_7-1943-01-31.pdf,/objects/1943-01.md,https://objects.lib.uidaho.edu/sakaino/small/mg387_1_7-1943-01-31_sm.jpg,https://objects.lib.uidaho.edu/sakaino/thumbs/mg387_1_7-1943-01-31_th.jpg,https://objects.lib.uidaho.edu/sakaino/mg387_1_7-1943-01-31.pdf,
sakaino377,sakaino376,"January 31, 1943 entry, page 1",,,,,,,,,"Transcribed and translated by Naoko Tanabe, 2024-2025, of Densho (densho.org)",Text,image/jpeg,jpn,mg387_1_7-218,"In copyright, educational use permitted. Educational use includes non-commercial reproduction of text and images in materials for teaching and research purposes. For other contexts beyond fair use, including digital reproduction, please contact the University of Idaho Library Special Collections and Archives Department at libspec@uidaho.edu. The University of Idaho Library is not liable for any violations of the law by users.",http://rightsstatements.org/vocab/InC-EDU/1.0/,image,mg387_1_7-218.jpg,/objects/mg387_1_7-218b.md,https://objects.lib.uidaho.edu/sakaino/small/mg387_1_7-218_sm.jpg,https://objects.lib.uidaho.edu/sakaino/thumbs/mg387_1_7-218_th.jpg,https://objects.lib.uidaho.edu/sakaino/mg387_1_7-218.jpg,Lined notebook paper with handwritten Japanese text in ink
sakaino378,,"February 1, 1943 entry","Sakaino, Bunro","Camp Livingston, LA",31.442945,-92.375467,1943-02-01,"February 1, 1943, diary entry written by Bunro Sakaino while he was incarcerated at Camp Livingston, near Pineville, Louisiana.",concentration camps; diaries,"MG 387, George Shihei Shitamae papers, Special Collections and Archives, University of Idaho Library","Transcribed and translated by Naoko Tanabe, 2024-2025, of Densho (densho.org)",Text,application/pdf,jpn,mg387_1_7-1943-02-01,"In copyright, educational use permitted. Educational use includes non-commercial reproduction of text and images in materials for teaching and research purposes. For other contexts beyond fair use, including digital reproduction, please contact the University of Idaho Library Special Collections and Archives Department at libspec@uidaho.edu. The University of Idaho Library is not liable for any violations of the law by users.",http://rightsstatements.org/vocab/InC-EDU/1.0/,letter,mg387_1_7-1943-02-01.pdf,/objects/1943-02-01.md,https://objects.lib.uidaho.edu/sakaino/small/mg387_1_7-1943-02-01_sm.jpg,https://objects.lib.uidaho.edu/sakaino/thumbs/mg387_1_7-1943-02-01_th.jpg,https://objects.lib.uidaho.edu/sakaino/mg387_1_7-1943-02-01.pdf,
sakaino379,sakaino378,"February 1, 1943 entry, page 1",,,,,,,,,"Transcribed and translated by Naoko Tanabe, 2024-2025, of Densho (densho.org)",Text,image/jpeg,jpn,mg387_1_7-218,"In copyright, educational use permitted. Educational use includes non-commercial reproduction of text and images in materials for teaching and research purposes. For other contexts beyond fair use, including digital reproduction, please contact the University of Idaho Library Special Collections and Archives Department at libspec@uidaho.edu. The University of Idaho Library is not liable for any violations of the law by users.",http://rightsstatements.org/vocab/InC-EDU/1.0/,image,mg387_1_7-218.jpg,/objects/mg387_1_7-218c.md,https://objects.lib.uidaho.edu/sakaino/small/mg387_1_7-218_sm.jpg,https://objects.lib.uidaho.edu/sakaino/thumbs/mg387_1_7-218_th.jpg,https://objects.lib.uidaho.edu/sakaino/mg387_1_7-218.jpg,Lined notebook paper with handwritten Japanese text in ink
sakaino380,sakaino378,"February 1, 1943 entry, page 2",,,,,,,,,"Transcribed and translated by Naoko Tanabe, 2024-2025, of Densho (densho.org)",Text,image/jpeg,jpn,mg387_1_7-219,"In copyright, educational use permitted. Educational use includes non-commercial reproduction of text and images in materials for teaching and research purposes. For other contexts beyond fair use, including digital reproduction, please contact the University of Idaho Library Special Collections and Archives Department at libspec@uidaho.edu. The University of Idaho Library is not liable for any violations of the law by users.",http://rightsstatements.org/vocab/InC-EDU/1.0/,image,mg387_1_7-219.jpg,/objects/mg387_1_7-219.md,https://objects.lib.uidaho.edu/sakaino/small/mg387_1_7-219_sm.jpg,https://objects.lib.uidaho.edu/sakaino/thumbs/mg387_1_7-219_th.jpg,https://objects.lib.uidaho.edu/sakaino/mg387_1_7-219.jpg,Lined notebook paper with handwritten Japanese text in ink
sakaino381,sakaino378,"February 1, 1943 entry, page 3",,,,,,,,,"Transcribed and translated by Naoko Tanabe, 2024-2025, of Densho (densho.org)",Text,image/jpeg,jpn,mg387_1_7-220,"In copyright, educational use permitted. Educational use includes non-commercial reproduction of text and images in materials for teaching and research purposes. For other contexts beyond fair use, including digital reproduction, please contact the University of Idaho Library Special Collections and Archives Department at libspec@uidaho.edu. The University of Idaho Library is not liable for any violations of the law by users.",http://rightsstatements.org/vocab/InC-EDU/1.0/,image,mg387_1_7-220.jpg,/objects/mg387_1_7-220a.md,https://objects.lib.uidaho.edu/sakaino/small/mg387_1_7-220_sm.jpg,https://objects.lib.uidaho.edu/sakaino/thumbs/mg387_1_7-220_th.jpg,https://objects.lib.uidaho.edu/sakaino/mg387_1_7-220.jpg,Lined notebook paper with handwritten Japanese text in ink
sakaino382,,"February 2, 1943 entry","Sakaino, Bunro","Camp Livingston, LA",31.442945,-92.375467,1943-02-02,"February 2, 1943, diary entry written by Bunro Sakaino while he was incarcerated at Camp Livingston, near Pineville, Louisiana.",concentration camps; diaries,"MG 387, George Shihei Shitamae papers, Special Collections and Archives, University of Idaho Library","Transcribed and translated by Naoko Tanabe, 2024-2025, of Densho (densho.org)",Text,application/pdf,jpn,mg387_1_7-1943-02-02,"In copyright, educational use permitted. Educational use includes non-commercial reproduction of text and images in materials for teaching and research purposes. For other contexts beyond fair use, including digital reproduction, please contact the University of Idaho Library Special Collections and Archives Department at libspec@uidaho.edu. The University of Idaho Library is not liable for any violations of the law by users.",http://rightsstatements.org/vocab/InC-EDU/1.0/,letter,mg387_1_7-1943-02-02.pdf,/objects/1943-02-02.md,https://objects.lib.uidaho.edu/sakaino/small/mg387_1_7-1943-02-02_sm.jpg,https://objects.lib.uidaho.edu/sakaino/thumbs/mg387_1_7-1943-02-02_th.jpg,https://objects.lib.uidaho.edu/sakaino/mg387_1_7-1943-02-02.pdf,
sakaino383,sakaino382,"February 2, 1943 entry, page 1",,,,,,,,,"Transcribed and translated by Naoko Tanabe, 2024-2025, of Densho (densho.org)",Text,image/jpeg,jpn,mg387_1_7-220,"In copyright, educational use permitted. Educational use includes non-commercial reproduction of text and images in materials for teaching and research purposes. For other contexts beyond fair use, including digital reproduction, please contact the University of Idaho Library Special Collections and Archives Department at libspec@uidaho.edu. The University of Idaho Library is not liable for any violations of the law by users.",http://rightsstatements.org/vocab/InC-EDU/1.0/,image,mg387_1_7-220.jpg,/objects/mg387_1_7-220b.md,https://objects.lib.uidaho.edu/sakaino/small/mg387_1_7-220_sm.jpg,https://objects.lib.uidaho.edu/sakaino/thumbs/mg387_1_7-220_th.jpg,https://objects.lib.uidaho.edu/sakaino/mg387_1_7-220.jpg,Lined notebook paper with handwritten Japanese text in ink
sakaino384,sakaino382,"February 2, 1943 entry, page 2",,,,,,,,,"Transcribed and translated by Naoko Tanabe, 2024-2025, of Densho (densho.org)",Text,image/jpeg,jpn,mg387_1_7-221,"In copyright, educational use permitted. Educational use includes non-commercial reproduction of text and images in materials for teaching and research purposes. For other contexts beyond fair use, including digital reproduction, please contact the University of Idaho Library Special Collections and Archives Department at libspec@uidaho.edu. The University of Idaho Library is not liable for any violations of the law by users.",http://rightsstatements.org/vocab/InC-EDU/1.0/,image,mg387_1_7-221.jpg,/objects/mg387_1_7-221.md,https://objects.lib.uidaho.edu/sakaino/small/mg387_1_7-221_sm.jpg,https://objects.lib.uidaho.edu/sakaino/thumbs/mg387_1_7-221_th.jpg,https://objects.lib.uidaho.edu/sakaino/mg387_1_7-221.jpg,Lined notebook paper with handwritten Japanese text in ink
sakaino385,sakaino382,"February 2, 1943 entry, page 3",,,,,,,,,"Transcribed and translated by Naoko Tanabe, 2024-2025, of Densho (densho.org)",Text,image/jpeg,jpn,mg387_1_7-222,"In copyright, educational use permitted. Educational use includes non-commercial reproduction of text and images in materials for teaching and research purposes. For other contexts beyond fair use, including digital reproduction, please contact the University of Idaho Library Special Collections and Archives Department at libspec@uidaho.edu. The University of Idaho Library is not liable for any violations of the law by users.",http://rightsstatements.org/vocab/InC-EDU/1.0/,image,mg387_1_7-222.jpg,/objects/mg387_1_7-222a.md,https://objects.lib.uidaho.edu/sakaino/small/mg387_1_7-222_sm.jpg,https://objects.lib.uidaho.edu/sakaino/thumbs/mg387_1_7-222_th.jpg,https://objects.lib.uidaho.edu/sakaino/mg387_1_7-222.jpg,Lined notebook paper with handwritten Japanese text in ink
sakaino386,,"February 3, 1943 entry","Sakaino, Bunro","Camp Livingston, LA",31.442945,-92.375467,1943-02-03,"February 3, 1943, diary entry written by Bunro Sakaino while he was incarcerated at Camp Livingston, near Pineville, Louisiana.",concentration camps; diaries,"MG 387, George Shihei Shitamae papers, Special Collections and Archives, University of Idaho Library","Transcribed and translated by Naoko Tanabe, 2024-2025, of Densho (densho.org)",Text,application/pdf,jpn,mg387_1_7-1943-02-03,"In copyright, educational use permitted. Educational use includes non-commercial reproduction of text and images in materials for teaching and research purposes. For other contexts beyond fair use, including digital reproduction, please contact the University of Idaho Library Special Collections and Archives Department at libspec@uidaho.edu. The University of Idaho Library is not liable for any violations of the law by users.",http://rightsstatements.org/vocab/InC-EDU/1.0/,letter,mg387_1_7-1943-02-03.pdf,/objects/1943-02-03.md,https://objects.lib.uidaho.edu/sakaino/small/mg387_1_7-1943-02-03_sm.jpg,https://objects.lib.uidaho.edu/sakaino/thumbs/mg387_1_7-1943-02-03_th.jpg,https://objects.lib.uidaho.edu/sakaino/mg387_1_7-1943-02-03.pdf,
sakaino387,sakaino386,"February 3, 1943 entry, page 1",,,,,,,,,"Transcribed and translated by Naoko Tanabe, 2024-2025, of Densho (densho.org)",Text,image/jpeg,jpn,mg387_1_7-222,"In copyright, educational use permitted. Educational use includes non-commercial reproduction of text and images in materials for teaching and research purposes. For other contexts beyond fair use, including digital reproduction, please contact the University of Idaho Library Special Collections and Archives Department at libspec@uidaho.edu. The University of Idaho Library is not liable for any violations of the law by users.",http://rightsstatements.org/vocab/InC-EDU/1.0/,image,mg387_1_7-222.jpg,/objects/mg387_1_7-222b.md,https://objects.lib.uidaho.edu/sakaino/small/mg387_1_7-222_sm.jpg,https://objects.lib.uidaho.edu/sakaino/thumbs/mg387_1_7-222_th.jpg,https://objects.lib.uidaho.edu/sakaino/mg387_1_7-222.jpg,Lined notebook paper with handwritten Japanese text in ink
sakaino388,,"February 4, 1943 entry","Sakaino, Bunro","Camp Livingston, LA",31.442945,-92.375467,1943-02-04,"February 4, 1943, diary entry written by Bunro Sakaino while he was incarcerated at Camp Livingston, near Pineville, Louisiana.",concentration camps; diaries,"MG 387, George Shihei Shitamae papers, Special Collections and Archives, University of Idaho Library","Transcribed and translated by Naoko Tanabe, 2024-2025, of Densho (densho.org)",Text,application/pdf,jpn,mg387_1_7-1943-02-04,"In copyright, educational use permitted. Educational use includes non-commercial reproduction of text and images in materials for teaching and research purposes. For other contexts beyond fair use, including digital reproduction, please contact the University of Idaho Library Special Collections and Archives Department at libspec@uidaho.edu. The University of Idaho Library is not liable for any violations of the law by users.",http://rightsstatements.org/vocab/InC-EDU/1.0/,letter,mg387_1_7-1943-02-04.pdf,/objects/1943-02-04.md,https://objects.lib.uidaho.edu/sakaino/small/mg387_1_7-1943-02-04_sm.jpg,https://objects.lib.uidaho.edu/sakaino/thumbs/mg387_1_7-1943-02-04_th.jpg,https://objects.lib.uidaho.edu/sakaino/mg387_1_7-1943-02-04.pdf,
sakaino389,sakaino388,"February 4, 1943 entry, page 1",,,,,,,,,"Transcribed and translated by Naoko Tanabe, 2024-2025, of Densho (densho.org)",Text,image/jpeg,jpn,mg387_1_7-222,"In copyright, educational use permitted. Educational use includes non-commercial reproduction of text and images in materials for teaching and research purposes. For other contexts beyond fair use, including digital reproduction, please contact the University of Idaho Library Special Collections and Archives Department at libspec@uidaho.edu. The University of Idaho Library is not liable for any violations of the law by users.",http://rightsstatements.org/vocab/InC-EDU/1.0/,image,mg387_1_7-222.jpg,/objects/mg387_1_7-222c.md,https://objects.lib.uidaho.edu/sakaino/small/mg387_1_7-222_sm.jpg,https://objects.lib.uidaho.edu/sakaino/thumbs/mg387_1_7-222_th.jpg,https://objects.lib.uidaho.edu/sakaino/mg387_1_7-222.jpg,Lined notebook paper with handwritten Japanese text in ink
sakaino390,sakaino388,"February 4, 1943 entry, page 2",,,,,,,,,"Transcribed and translated by Naoko Tanabe, 2024-2025, of Densho (densho.org)",Text,image/jpeg,jpn,mg387_1_7-223,"In copyright, educational use permitted. Educational use includes non-commercial reproduction of text and images in materials for teaching and research purposes. For other contexts beyond fair use, including digital reproduction, please contact the University of Idaho Library Special Collections and Archives Department at libspec@uidaho.edu. The University of Idaho Library is not liable for any violations of the law by users.",http://rightsstatements.org/vocab/InC-EDU/1.0/,image,mg387_1_7-223.jpg,/objects/mg387_1_7-223.md,https://objects.lib.uidaho.edu/sakaino/small/mg387_1_7-223_sm.jpg,https://objects.lib.uidaho.edu/sakaino/thumbs/mg387_1_7-223_th.jpg,https://objects.lib.uidaho.edu/sakaino/mg387_1_7-223.jpg,Lined notebook paper with handwritten Japanese text in ink
sakaino391,sakaino388,"February 4, 1943 entry, page 3",,,,,,,,,"Transcribed and translated by Naoko Tanabe, 2024-2025, of Densho (densho.org)",Text,image/jpeg,jpn,mg387_1_7-224,"In copyright, educational use permitted. Educational use includes non-commercial reproduction of text and images in materials for teaching and research purposes. For other contexts beyond fair use, including digital reproduction, please contact the University of Idaho Library Special Collections and Archives Department at libspec@uidaho.edu. The University of Idaho Library is not liable for any violations of the law by users.",http://rightsstatements.org/vocab/InC-EDU/1.0/,image,mg387_1_7-224.jpg,/objects/mg387_1_7-224a.md,https://objects.lib.uidaho.edu/sakaino/small/mg387_1_7-224_sm.jpg,https://objects.lib.uidaho.edu/sakaino/thumbs/mg387_1_7-224_th.jpg,https://objects.lib.uidaho.edu/sakaino/mg387_1_7-224.jpg,Lined notebook paper with handwritten Japanese text in ink
sakaino392,,"February 5, 1943 entry","Sakaino, Bunro","Camp Livingston, LA",31.442945,-92.375467,1943-02-05,"February 5, 1943, diary entry written by Bunro Sakaino while he was incarcerated at Camp Livingston, near Pineville, Louisiana.",concentration camps; diaries,"MG 387, George Shihei Shitamae papers, Special Collections and Archives, University of Idaho Library","Transcribed and translated by Naoko Tanabe, 2024-2025, of Densho (densho.org)",Text,application/pdf,jpn,mg387_1_7-1943-02-05,"In copyright, educational use permitted. Educational use includes non-commercial reproduction of text and images in materials for teaching and research purposes. For other contexts beyond fair use, including digital reproduction, please contact the University of Idaho Library Special Collections and Archives Department at libspec@uidaho.edu. The University of Idaho Library is not liable for any violations of the law by users.",http://rightsstatements.org/vocab/InC-EDU/1.0/,letter,mg387_1_7-1943-02-05.pdf,/objects/1943-02-05.md,https://objects.lib.uidaho.edu/sakaino/small/mg387_1_7-1943-02-05_sm.jpg,https://objects.lib.uidaho.edu/sakaino/thumbs/mg387_1_7-1943-02-05_th.jpg,https://objects.lib.uidaho.edu/sakaino/mg387_1_7-1943-02-05.pdf,
sakaino393,sakaino392,"February 5, 1943 entry, page 1",,,,,,,,,"Transcribed and translated by Naoko Tanabe, 2024-2025, of Densho (densho.org)",Text,image/jpeg,jpn,mg387_1_7-224,"In copyright, educational use permitted. Educational use includes non-commercial reproduction of text and images in materials for teaching and research purposes. For other contexts beyond fair use, including digital reproduction, please contact the University of Idaho Library Special Collections and Archives Department at libspec@uidaho.edu. The University of Idaho Library is not liable for any violations of the law by users.",http://rightsstatements.org/vocab/InC-EDU/1.0/,image,mg387_1_7-224.jpg,/objects/mg387_1_7-224b.md,https://objects.lib.uidaho.edu/sakaino/small/mg387_1_7-224_sm.jpg,https://objects.lib.uidaho.edu/sakaino/thumbs/mg387_1_7-224_th.jpg,https://objects.lib.uidaho.edu/sakaino/mg387_1_7-224.jpg,Lined notebook paper with handwritten Japanese text in ink
sakaino394,sakaino392,"February 5, 1943 entry, page 2",,,,,,,,,"Transcribed and translated by Naoko Tanabe, 2024-2025, of Densho (densho.org)",Text,image/jpeg,jpn,mg387_1_7-225,"In copyright, educational use permitted. Educational use includes non-commercial reproduction of text and images in materials for teaching and research purposes. For other contexts beyond fair use, including digital reproduction, please contact the University of Idaho Library Special Collections and Archives Department at libspec@uidaho.edu. The University of Idaho Library is not liable for any violations of the law by users.",http://rightsstatements.org/vocab/InC-EDU/1.0/,image,mg387_1_7-225.jpg,/objects/mg387_1_7-225a.md,https://objects.lib.uidaho.edu/sakaino/small/mg387_1_7-225_sm.jpg,https://objects.lib.uidaho.edu/sakaino/thumbs/mg387_1_7-225_th.jpg,https://objects.lib.uidaho.edu/sakaino/mg387_1_7-225.jpg,Lined notebook paper with handwritten Japanese text in ink
sakaino395,,"February 6, 1943 entry","Sakaino, Bunro","Camp Livingston, LA",31.442945,-92.375467,1943-02-06,"February 6, 1943, diary entry written by Bunro Sakaino while he was incarcerated at Camp Livingston, near Pineville, Louisiana.",concentration camps; diaries,"MG 387, George Shihei Shitamae papers, Special Collections and Archives, University of Idaho Library","Transcribed and translated by Naoko Tanabe, 2024-2025, of Densho (densho.org)",Text,application/pdf,jpn,mg387_1_7-1943-02-06,"In copyright, educational use permitted. Educational use includes non-commercial reproduction of text and images in materials for teaching and research purposes. For other contexts beyond fair use, including digital reproduction, please contact the University of Idaho Library Special Collections and Archives Department at libspec@uidaho.edu. The University of Idaho Library is not liable for any violations of the law by users.",http://rightsstatements.org/vocab/InC-EDU/1.0/,letter,mg387_1_7-1943-02-06.pdf,/objects/1943-02-06.md,https://objects.lib.uidaho.edu/sakaino/small/mg387_1_7-1943-02-06_sm.jpg,https://objects.lib.uidaho.edu/sakaino/thumbs/mg387_1_7-1943-02-06_th.jpg,https://objects.lib.uidaho.edu/sakaino/mg387_1_7-1943-02-06.pdf,
sakaino396,sakaino395,"February 6, 1943 entry, page 1",,,,,,,,,"Transcribed and translated by Naoko Tanabe, 2024-2025, of Densho (densho.org)",Text,image/jpeg,jpn,mg387_1_7-225,"In copyright, educational use permitted. Educational use includes non-commercial reproduction of text and images in materials for teaching and research purposes. For other contexts beyond fair use, including digital reproduction, please contact the University of Idaho Library Special Collections and Archives Department at libspec@uidaho.edu. The University of Idaho Library is not liable for any violations of the law by users.",http://rightsstatements.org/vocab/InC-EDU/1.0/,image,mg387_1_7-225.jpg,/objects/mg387_1_7-225b.md,https://objects.lib.uidaho.edu/sakaino/small/mg387_1_7-225_sm.jpg,https://objects.lib.uidaho.edu/sakaino/thumbs/mg387_1_7-225_th.jpg,https://objects.lib.uidaho.edu/sakaino/mg387_1_7-225.jpg,Lined notebook paper with handwritten Japanese text in ink
sakaino397,sakaino395,"February 6, 1943 entry, page 2",,,,,,,,,"Transcribed and translated by Naoko Tanabe, 2024-2025, of Densho (densho.org)",Text,image/jpeg,jpn,mg387_1_7-226,"In copyright, educational use permitted. Educational use includes non-commercial reproduction of text and images in materials for teaching and research purposes. For other contexts beyond fair use, including digital reproduction, please contact the University of Idaho Library Special Collections and Archives Department at libspec@uidaho.edu. The University of Idaho Library is not liable for any violations of the law by users.",http://rightsstatements.org/vocab/InC-EDU/1.0/,image,mg387_1_7-226.jpg,/objects/mg387_1_7-226a.md,https://objects.lib.uidaho.edu/sakaino/small/mg387_1_7-226_sm.jpg,https://objects.lib.uidaho.edu/sakaino/thumbs/mg387_1_7-226_th.jpg,https://objects.lib.uidaho.edu/sakaino/mg387_1_7-226.jpg,Lined notebook paper with handwritten Japanese text in ink
sakaino398,,"February 7, 1943 entry","Sakaino, Bunro","Camp Livingston, LA",31.442945,-92.375467,1943-02-07,"February 7, 1943, diary entry written by Bunro Sakaino while he was incarcerated at Camp Livingston, near Pineville, Louisiana.",concentration camps; diaries,"MG 387, George Shihei Shitamae papers, Special Collections and Archives, University of Idaho Library","Transcribed and translated by Naoko Tanabe, 2024-2025, of Densho (densho.org)",Text,application/pdf,jpn,mg387_1_7-1943-02-07,"In copyright, educational use permitted. Educational use includes non-commercial reproduction of text and images in materials for teaching and research purposes. For other contexts beyond fair use, including digital reproduction, please contact the University of Idaho Library Special Collections and Archives Department at libspec@uidaho.edu. The University of Idaho Library is not liable for any violations of the law by users.",http://rightsstatements.org/vocab/InC-EDU/1.0/,letter,mg387_1_7-1943-02-07.pdf,/objects/1943-02-07.md,https://objects.lib.uidaho.edu/sakaino/small/mg387_1_7-1943-02-07_sm.jpg,https://objects.lib.uidaho.edu/sakaino/thumbs/mg387_1_7-1943-02-07_th.jpg,https://objects.lib.uidaho.edu/sakaino/mg387_1_7-1943-02-07.pdf,
sakaino399,sakaino398,"February 7, 1943 entry, page 1",,,,,,,,,"Transcribed and translated by Naoko Tanabe, 2024-2025, of Densho (densho.org)",Text,image/jpeg,jpn,mg387_1_7-226,"In copyright, educational use permitted. Educational use includes non-commercial reproduction of text and images in materials for teaching and research purposes. For other contexts beyond fair use, including digital reproduction, please contact the University of Idaho Library Special Collections and Archives Department at libspec@uidaho.edu. The University of Idaho Library is not liable for any violations of the law by users.",http://rightsstatements.org/vocab/InC-EDU/1.0/,image,mg387_1_7-226.jpg,/objects/mg387_1_7-226b.md,https://objects.lib.uidaho.edu/sakaino/small/mg387_1_7-226_sm.jpg,https://objects.lib.uidaho.edu/sakaino/thumbs/mg387_1_7-226_th.jpg,https://objects.lib.uidaho.edu/sakaino/mg387_1_7-226.jpg,Lined notebook paper with handwritten Japanese text in ink
sakaino400,sakaino398,"February 7, 1943 entry, page 2",,,,,,,,,"Transcribed and translated by Naoko Tanabe, 2024-2025, of Densho (densho.org)",Text,image/jpeg,jpn,mg387_1_7-227,"In copyright, educational use permitted. Educational use includes non-commercial reproduction of text and images in materials for teaching and research purposes. For other contexts beyond fair use, including digital reproduction, please contact the University of Idaho Library Special Collections and Archives Department at libspec@uidaho.edu. The University of Idaho Library is not liable for any violations of the law by users.",http://rightsstatements.org/vocab/InC-EDU/1.0/,image,mg387_1_7-227.jpg,/objects/mg387_1_7-227a.md,https://objects.lib.uidaho.edu/sakaino/small/mg387_1_7-227_sm.jpg,https://objects.lib.uidaho.edu/sakaino/thumbs/mg387_1_7-227_th.jpg,https://objects.lib.uidaho.edu/sakaino/mg387_1_7-227.jpg,Lined notebook paper with handwritten Japanese text in ink
sakaino401,,"February 8, 1943 entry","Sakaino, Bunro","Camp Livingston, LA",31.442945,-92.375467,1943-02-08,"February 8, 1943, diary entry written by Bunro Sakaino while he was incarcerated at Camp Livingston, near Pineville, Louisiana.",concentration camps; diaries,"MG 387, George Shihei Shitamae papers, Special Collections and Archives, University of Idaho Library","Transcribed and translated by Naoko Tanabe, 2024-2025, of Densho (densho.org)",Text,application/pdf,jpn,mg387_1_7-1943-02-08,"In copyright, educational use permitted. Educational use includes non-commercial reproduction of text and images in materials for teaching and research purposes. For other contexts beyond fair use, including digital reproduction, please contact the University of Idaho Library Special Collections and Archives Department at libspec@uidaho.edu. The University of Idaho Library is not liable for any violations of the law by users.",http://rightsstatements.org/vocab/InC-EDU/1.0/,letter,mg387_1_7-1943-02-08.pdf,/objects/1943-02-08.md,https://objects.lib.uidaho.edu/sakaino/small/mg387_1_7-1943-02-08_sm.jpg,https://objects.lib.uidaho.edu/sakaino/thumbs/mg387_1_7-1943-02-08_th.jpg,https://objects.lib.uidaho.edu/sakaino/mg387_1_7-1943-02-08.pdf,
sakaino402,sakaino401,"February 8, 1943 entry, page 1",,,,,,,,,"Transcribed and translated by Naoko Tanabe, 2024-2025, of Densho (densho.org)",Text,image/jpeg,jpn,mg387_1_7-227,"In copyright, educational use permitted. Educational use includes non-commercial reproduction of text and images in materials for teaching and research purposes. For other contexts beyond fair use, including digital reproduction, please contact the University of Idaho Library Special Collections and Archives Department at libspec@uidaho.edu. The University of Idaho Library is not liable for any violations of the law by users.",http://rightsstatements.org/vocab/InC-EDU/1.0/,image,mg387_1_7-227.jpg,/objects/mg387_1_7-227b.md,https://objects.lib.uidaho.edu/sakaino/small/mg387_1_7-227_sm.jpg,https://objects.lib.uidaho.edu/sakaino/thumbs/mg387_1_7-227_th.jpg,https://objects.lib.uidaho.edu/sakaino/mg387_1_7-227.jpg,Lined notebook paper with handwritten Japanese text in ink
sakaino403,sakaino401,"February 8, 1943 entry, page 2",,,,,,,,,"Transcribed and translated by Naoko Tanabe, 2024-2025, of Densho (densho.org)",Text,image/jpeg,jpn,mg387_1_7-228,"In copyright, educational use permitted. Educational use includes non-commercial reproduction of text and images in materials for teaching and research purposes. For other contexts beyond fair use, including digital reproduction, please contact the University of Idaho Library Special Collections and Archives Department at libspec@uidaho.edu. The University of Idaho Library is not liable for any violations of the law by users.",http://rightsstatements.org/vocab/InC-EDU/1.0/,image,mg387_1_7-228.jpg,/objects/mg387_1_7-228a.md,https://objects.lib.uidaho.edu/sakaino/small/mg387_1_7-228_sm.jpg,https://objects.lib.uidaho.edu/sakaino/thumbs/mg387_1_7-228_th.jpg,https://objects.lib.uidaho.edu/sakaino/mg387_1_7-228.jpg,Lined notebook paper with handwritten Japanese text in ink
sakaino404,,"February 10, 1943 entry","Sakaino, Bunro","Camp Livingston, LA",31.442945,-92.375467,1943-02-10,"February 10, 1943, diary entry written by Bunro Sakaino while he was incarcerated at Camp Livingston, near Pineville, Louisiana.",concentration camps; diaries,"MG 387, George Shihei Shitamae papers, Special Collections and Archives, University of Idaho Library","Transcribed and translated by Naoko Tanabe, 2024-2025, of Densho (densho.org)",Text,application/pdf,jpn,mg387_1_7-1943-02-10,"In copyright, educational use permitted. Educational use includes non-commercial reproduction of text and images in materials for teaching and research purposes. For other contexts beyond fair use, including digital reproduction, please contact the University of Idaho Library Special Collections and Archives Department at libspec@uidaho.edu. The University of Idaho Library is not liable for any violations of the law by users.",http://rightsstatements.org/vocab/InC-EDU/1.0/,letter,mg387_1_7-1943-02-10.pdf,/objects/1943-02-10.md,https://objects.lib.uidaho.edu/sakaino/small/mg387_1_7-1943-02-10_sm.jpg,https://objects.lib.uidaho.edu/sakaino/thumbs/mg387_1_7-1943-02-10_th.jpg,https://objects.lib.uidaho.edu/sakaino/mg387_1_7-1943-02-10.pdf,
sakaino405,sakaino404,"February 10, 1943 entry, page 1",,,,,,,,,"Transcribed and translated by Naoko Tanabe, 2024-2025, of Densho (densho.org)",Text,image/jpeg,jpn,mg387_1_7-228,"In copyright, educational use permitted. Educational use includes non-commercial reproduction of text and images in materials for teaching and research purposes. For other contexts beyond fair use, including digital reproduction, please contact the University of Idaho Library Special Collections and Archives Department at libspec@uidaho.edu. The University of Idaho Library is not liable for any violations of the law by users.",http://rightsstatements.org/vocab/InC-EDU/1.0/,image,mg387_1_7-228.jpg,/objects/mg387_1_7-228b.md,https://objects.lib.uidaho.edu/sakaino/small/mg387_1_7-228_sm.jpg,https://objects.lib.uidaho.edu/sakaino/thumbs/mg387_1_7-228_th.jpg,https://objects.lib.uidaho.edu/sakaino/mg387_1_7-228.jpg,Lined notebook paper with handwritten Japanese text in ink
sakaino406,sakaino404,"February 10, 1943 entry, page 2",,,,,,,,,"Transcribed and translated by Naoko Tanabe, 2024-2025, of Densho (densho.org)",Text,image/jpeg,jpn,mg387_1_7-229,"In copyright, educational use permitted. Educational use includes non-commercial reproduction of text and images in materials for teaching and research purposes. For other contexts beyond fair use, including digital reproduction, please contact the University of Idaho Library Special Collections and Archives Department at libspec@uidaho.edu. The University of Idaho Library is not liable for any violations of the law by users.",http://rightsstatements.org/vocab/InC-EDU/1.0/,image,mg387_1_7-229.jpg,/objects/mg387_1_7-229.md,https://objects.lib.uidaho.edu/sakaino/small/mg387_1_7-229_sm.jpg,https://objects.lib.uidaho.edu/sakaino/thumbs/mg387_1_7-229_th.jpg,https://objects.lib.uidaho.edu/sakaino/mg387_1_7-229.jpg,Lined notebook paper with handwritten Japanese text in ink
sakaino407,sakaino404,"February 10, 1943 entry, page 3",,,,,,,,,"Transcribed and translated by Naoko Tanabe, 2024-2025, of Densho (densho.org)",Text,image/jpeg,jpn,mg387_1_7-230,"In copyright, educational use permitted. Educational use includes non-commercial reproduction of text and images in materials for teaching and research purposes. For other contexts beyond fair use, including digital reproduction, please contact the University of Idaho Library Special Collections and Archives Department at libspec@uidaho.edu. The University of Idaho Library is not liable for any violations of the law by users.",http://rightsstatements.org/vocab/InC-EDU/1.0/,image,mg387_1_7-230.jpg,/objects/mg387_1_7-230a.md,https://objects.lib.uidaho.edu/sakaino/small/mg387_1_7-230_sm.jpg,https://objects.lib.uidaho.edu/sakaino/thumbs/mg387_1_7-230_th.jpg,https://objects.lib.uidaho.edu/sakaino/mg387_1_7-230.jpg,Lined notebook paper with handwritten Japanese text in ink
sakaino408,,"February 11, 1943 entry","Sakaino, Bunro","Camp Livingston, LA",31.442945,-92.375467,1943-02-11,"February 11, 1943, diary entry written by Bunro Sakaino while he was incarcerated at Camp Livingston, near Pineville, Louisiana.",concentration camps; diaries,"MG 387, George Shihei Shitamae papers, Special Collections and Archives, University of Idaho Library","Transcribed and translated by Naoko Tanabe, 2024-2025, of Densho (densho.org)",Text,application/pdf,jpn,mg387_1_7-1943-02-11,"In copyright, educational use permitted. Educational use includes non-commercial reproduction of text and images in materials for teaching and research purposes. For other contexts beyond fair use, including digital reproduction, please contact the University of Idaho Library Special Collections and Archives Department at libspec@uidaho.edu. The University of Idaho Library is not liable for any violations of the law by users.",http://rightsstatements.org/vocab/InC-EDU/1.0/,letter,mg387_1_7-1943-02-11.pdf,/objects/1943-02-11.md,https://objects.lib.uidaho.edu/sakaino/small/mg387_1_7-1943-02-11_sm.jpg,https://objects.lib.uidaho.edu/sakaino/thumbs/mg387_1_7-1943-02-11_th.jpg,https://objects.lib.uidaho.edu/sakaino/mg387_1_7-1943-02-11.pdf,
sakaino409,sakaino408,"February 11, 1943 entry, page 1",,,,,,,,,"Transcribed and translated by Naoko Tanabe, 2024-2025, of Densho (densho.org)",Text,image/jpeg,jpn,mg387_1_7-230,"In copyright, educational use permitted. Educational use includes non-commercial reproduction of text and images in materials for teaching and research purposes. For other contexts beyond fair use, including digital reproduction, please contact the University of Idaho Library Special Collections and Archives Department at libspec@uidaho.edu. The University of Idaho Library is not liable for any violations of the law by users.",http://rightsstatements.org/vocab/InC-EDU/1.0/,image,mg387_1_7-230.jpg,/objects/mg387_1_7-230b.md,https://objects.lib.uidaho.edu/sakaino/small/mg387_1_7-230_sm.jpg,https://objects.lib.uidaho.edu/sakaino/thumbs/mg387_1_7-230_th.jpg,https://objects.lib.uidaho.edu/sakaino/mg387_1_7-230.jpg,Lined notebook paper with handwritten Japanese text in ink
sakaino410,sakaino408,"February 11, 1943 entry, page 2",,,,,,,,,"Transcribed and translated by Naoko Tanabe, 2024-2025, of Densho (densho.org)",Text,image/jpeg,jpn,mg387_1_7-231,"In copyright, educational use permitted. Educational use includes non-commercial reproduction of text and images in materials for teaching and research purposes. For other contexts beyond fair use, including digital reproduction, please contact the University of Idaho Library Special Collections and Archives Department at libspec@uidaho.edu. The University of Idaho Library is not liable for any violations of the law by users.",http://rightsstatements.org/vocab/InC-EDU/1.0/,image,mg387_1_7-231.jpg,/objects/mg387_1_7-231.md,https://objects.lib.uidaho.edu/sakaino/small/mg387_1_7-231_sm.jpg,https://objects.lib.uidaho.edu/sakaino/thumbs/mg387_1_7-231_th.jpg,https://objects.lib.uidaho.edu/sakaino/mg387_1_7-231.jpg,Lined notebook paper with handwritten Japanese text in ink
sakaino411,sakaino408,"February 11, 1943 entry, page 3",,,,,,,,,"Transcribed and translated by Naoko Tanabe, 2024-2025, of Densho (densho.org)",Text,image/jpeg,jpn,mg387_1_7-232,"In copyright, educational use permitted. Educational use includes non-commercial reproduction of text and images in materials for teaching and research purposes. For other contexts beyond fair use, including digital reproduction, please contact the University of Idaho Library Special Collections and Archives Department at libspec@uidaho.edu. The University of Idaho Library is not liable for any violations of the law by users.",http://rightsstatements.org/vocab/InC-EDU/1.0/,image,mg387_1_7-232.jpg,/objects/mg387_1_7-232.md,https://objects.lib.uidaho.edu/sakaino/small/mg387_1_7-232_sm.jpg,https://objects.lib.uidaho.edu/sakaino/thumbs/mg387_1_7-232_th.jpg,https://objects.lib.uidaho.edu/sakaino/mg387_1_7-232.jpg,Lined notebook paper with handwritten Japanese text in ink
sakaino412,sakaino408,"February 11, 1943 entry, page 4",,,,,,,,,"Transcribed and translated by Naoko Tanabe, 2024-2025, of Densho (densho.org)",Text,image/jpeg,jpn,mg387_1_7-233,"In copyright, educational use permitted. Educational use includes non-commercial reproduction of text and images in materials for teaching and research purposes. For other contexts beyond fair use, including digital reproduction, please contact the University of Idaho Library Special Collections and Archives Department at libspec@uidaho.edu. The University of Idaho Library is not liable for any violations of the law by users.",http://rightsstatements.org/vocab/InC-EDU/1.0/,image,mg387_1_7-233.jpg,/objects/mg387_1_7-233.md,https://objects.lib.uidaho.edu/sakaino/small/mg387_1_7-233_sm.jpg,https://objects.lib.uidaho.edu/sakaino/thumbs/mg387_1_7-233_th.jpg,https://objects.lib.uidaho.edu/sakaino/mg387_1_7-233.jpg,Lined notebook paper with handwritten Japanese text in ink
sakaino413,sakaino408,"February 11, 1943 entry, page 5",,,,,,,,,"Transcribed and translated by Naoko Tanabe, 2024-2025, of Densho (densho.org)",Text,image/jpeg,jpn,mg387_1_7-234,"In copyright, educational use permitted. Educational use includes non-commercial reproduction of text and images in materials for teaching and research purposes. For other contexts beyond fair use, including digital reproduction, please contact the University of Idaho Library Special Collections and Archives Department at libspec@uidaho.edu. The University of Idaho Library is not liable for any violations of the law by users.",http://rightsstatements.org/vocab/InC-EDU/1.0/,image,mg387_1_7-234.jpg,/objects/mg387_1_7-234.md,https://objects.lib.uidaho.edu/sakaino/small/mg387_1_7-234_sm.jpg,https://objects.lib.uidaho.edu/sakaino/thumbs/mg387_1_7-234_th.jpg,https://objects.lib.uidaho.edu/sakaino/mg387_1_7-234.jpg,Lined notebook paper with handwritten Japanese text in ink
sakaino414,sakaino408,"February 11, 1943 entry, page 6",,,,,,,,,"Transcribed and translated by Naoko Tanabe, 2024-2025, of Densho (densho.org)",Text,image/jpeg,jpn,mg387_1_7-235,"In copyright, educational use permitted. Educational use includes non-commercial reproduction of text and images in materials for teaching and research purposes. For other contexts beyond fair use, including digital reproduction, please contact the University of Idaho Library Special Collections and Archives Department at libspec@uidaho.edu. The University of Idaho Library is not liable for any violations of the law by users.",http://rightsstatements.org/vocab/InC-EDU/1.0/,image,mg387_1_7-235.jpg,/objects/mg387_1_7-235a.md,https://objects.lib.uidaho.edu/sakaino/small/mg387_1_7-235_sm.jpg,https://objects.lib.uidaho.edu/sakaino/thumbs/mg387_1_7-235_th.jpg,https://objects.lib.uidaho.edu/sakaino/mg387_1_7-235.jpg,Lined notebook paper with handwritten Japanese text in ink
sakaino415,,"February 12, 1943 entry","Sakaino, Bunro","Camp Livingston, LA",31.442945,-92.375467,1943-02-12,"February 12, 1943, diary entry written by Bunro Sakaino while he was incarcerated at Camp Livingston, near Pineville, Louisiana.",concentration camps; diaries,"MG 387, George Shihei Shitamae papers, Special Collections and Archives, University of Idaho Library","Transcribed and translated by Naoko Tanabe, 2024-2025, of Densho (densho.org)",Text,application/pdf,jpn,mg387_1_7-1943-02-12,"In copyright, educational use permitted. Educational use includes non-commercial reproduction of text and images in materials for teaching and research purposes. For other contexts beyond fair use, including digital reproduction, please contact the University of Idaho Library Special Collections and Archives Department at libspec@uidaho.edu. The University of Idaho Library is not liable for any violations of the law by users.",http://rightsstatements.org/vocab/InC-EDU/1.0/,letter,mg387_1_7-1943-02-12.pdf,/objects/1943-02-12.md,https://objects.lib.uidaho.edu/sakaino/small/mg387_1_7-1943-02-12_sm.jpg,https://objects.lib.uidaho.edu/sakaino/thumbs/mg387_1_7-1943-02-12_th.jpg,https://objects.lib.uidaho.edu/sakaino/mg387_1_7-1943-02-12.pdf,
sakaino416,sakaino415,"February 12, 1943 entry, page 1",,,,,,,,,"Transcribed and translated by Naoko Tanabe, 2024-2025, of Densho (densho.org)",Text,image/jpeg,jpn,mg387_1_7-235,"In copyright, educational use permitted. Educational use includes non-commercial reproduction of text and images in materials for teaching and research purposes. For other contexts beyond fair use, including digital reproduction, please contact the University of Idaho Library Special Collections and Archives Department at libspec@uidaho.edu. The University of Idaho Library is not liable for any violations of the law by users.",http://rightsstatements.org/vocab/InC-EDU/1.0/,image,mg387_1_7-235.jpg,/objects/mg387_1_7-235b.md,https://objects.lib.uidaho.edu/sakaino/small/mg387_1_7-235_sm.jpg,https://objects.lib.uidaho.edu/sakaino/thumbs/mg387_1_7-235_th.jpg,https://objects.lib.uidaho.edu/sakaino/mg387_1_7-235.jpg,Lined notebook paper with handwritten Japanese text in ink
sakaino417,sakaino415,"February 12, 1943 entry, page 2",,,,,,,,,"Transcribed and translated by Naoko Tanabe, 2024-2025, of Densho (densho.org)",Text,image/jpeg,jpn,mg387_1_7-236,"In copyright, educational use permitted. Educational use includes non-commercial reproduction of text and images in materials for teaching and research purposes. For other contexts beyond fair use, including digital reproduction, please contact the University of Idaho Library Special Collections and Archives Department at libspec@uidaho.edu. The University of Idaho Library is not liable for any violations of the law by users.",http://rightsstatements.org/vocab/InC-EDU/1.0/,image,mg387_1_7-236.jpg,/objects/mg387_1_7-236a.md,https://objects.lib.uidaho.edu/sakaino/small/mg387_1_7-236_sm.jpg,https://objects.lib.uidaho.edu/sakaino/thumbs/mg387_1_7-236_th.jpg,https://objects.lib.uidaho.edu/sakaino/mg387_1_7-236.jpg,Lined notebook paper with handwritten Japanese text in ink
sakaino418,,"February 13, 1943 entry","Sakaino, Bunro","Camp Livingston, LA",31.442945,-92.375467,1943-02-13,"February 13, 1943, diary entry written by Bunro Sakaino while he was incarcerated at Camp Livingston, near Pineville, Louisiana.",concentration camps; diaries,"MG 387, George Shihei Shitamae papers, Special Collections and Archives, University of Idaho Library","Transcribed and translated by Naoko Tanabe, 2024-2025, of Densho (densho.org)",Text,application/pdf,jpn,mg387_1_7-1943-02-13,"In copyright, educational use permitted. Educational use includes non-commercial reproduction of text and images in materials for teaching and research purposes. For other contexts beyond fair use, including digital reproduction, please contact the University of Idaho Library Special Collections and Archives Department at libspec@uidaho.edu. The University of Idaho Library is not liable for any violations of the law by users.",http://rightsstatements.org/vocab/InC-EDU/1.0/,letter,mg387_1_7-1943-02-13.pdf,/objects/1943-02-13.md,https://objects.lib.uidaho.edu/sakaino/small/mg387_1_7-1943-02-13_sm.jpg,https://objects.lib.uidaho.edu/sakaino/thumbs/mg387_1_7-1943-02-13_th.jpg,https://objects.lib.uidaho.edu/sakaino/mg387_1_7-1943-02-13.pdf,
sakaino419,sakaino418,"February 13, 1943 entry, page 1",,,,,,,,,"Transcribed and translated by Naoko Tanabe, 2024-2025, of Densho (densho.org)",Text,image/jpeg,jpn,mg387_1_7-236,"In copyright, educational use permitted. Educational use includes non-commercial reproduction of text and images in materials for teaching and research purposes. For other contexts beyond fair use, including digital reproduction, please contact the University of Idaho Library Special Collections and Archives Department at libspec@uidaho.edu. The University of Idaho Library is not liable for any violations of the law by users.",http://rightsstatements.org/vocab/InC-EDU/1.0/,image,mg387_1_7-236.jpg,/objects/mg387_1_7-236b.md,https://objects.lib.uidaho.edu/sakaino/small/mg387_1_7-236_sm.jpg,https://objects.lib.uidaho.edu/sakaino/thumbs/mg387_1_7-236_th.jpg,https://objects.lib.uidaho.edu/sakaino/mg387_1_7-236.jpg,Lined notebook paper with handwritten Japanese text in ink
sakaino420,,"February 14, 1943 entry","Sakaino, Bunro","Camp Livingston, LA",31.442945,-92.375467,1943-02-14,"February 14, 1943, diary entry written by Bunro Sakaino while he was incarcerated at Camp Livingston, near Pineville, Louisiana.",concentration camps; diaries,"MG 387, George Shihei Shitamae papers, Special Collections and Archives, University of Idaho Library","Transcribed and translated by Naoko Tanabe, 2024-2025, of Densho (densho.org)",Text,application/pdf,jpn,mg387_1_7-1943-02-14,"In copyright, educational use permitted. Educational use includes non-commercial reproduction of text and images in materials for teaching and research purposes. For other contexts beyond fair use, including digital reproduction, please contact the University of Idaho Library Special Collections and Archives Department at libspec@uidaho.edu. The University of Idaho Library is not liable for any violations of the law by users.",http://rightsstatements.org/vocab/InC-EDU/1.0/,letter,mg387_1_7-1943-02-14.pdf,/objects/1943-02-14.md,https://objects.lib.uidaho.edu/sakaino/small/mg387_1_7-1943-02-14_sm.jpg,https://objects.lib.uidaho.edu/sakaino/thumbs/mg387_1_7-1943-02-14_th.jpg,https://objects.lib.uidaho.edu/sakaino/mg387_1_7-1943-02-14.pdf,
sakaino421,sakaino420,"February 14, 1943 entry, page 1",,,,,,,,,"Transcribed and translated by Naoko Tanabe, 2024-2025, of Densho (densho.org)",Text,image/jpeg,jpn,mg387_1_7-237,"In copyright, educational use permitted. Educational use includes non-commercial reproduction of text and images in materials for teaching and research purposes. For other contexts beyond fair use, including digital reproduction, please contact the University of Idaho Library Special Collections and Archives Department at libspec@uidaho.edu. The University of Idaho Library is not liable for any violations of the law by users.",http://rightsstatements.org/vocab/InC-EDU/1.0/,image,mg387_1_7-237.jpg,/objects/mg387_1_7-237a.md,https://objects.lib.uidaho.edu/sakaino/small/mg387_1_7-237_sm.jpg,https://objects.lib.uidaho.edu/sakaino/thumbs/mg387_1_7-237_th.jpg,https://objects.lib.uidaho.edu/sakaino/mg387_1_7-237.jpg,Lined notebook paper with handwritten Japanese text in ink
sakaino422,,"February 15, 1943 entry","Sakaino, Bunro","Camp Livingston, LA",31.442945,-92.375467,1943-02-15,"February 15, 1943, diary entry written by Bunro Sakaino while he was incarcerated at Camp Livingston, near Pineville, Louisiana.",concentration camps; diaries,"MG 387, George Shihei Shitamae papers, Special Collections and Archives, University of Idaho Library","Transcribed and translated by Naoko Tanabe, 2024-2025, of Densho (densho.org)",Text,application/pdf,jpn,mg387_1_7-1943-02-15,"In copyright, educational use permitted. Educational use includes non-commercial reproduction of text and images in materials for teaching and research purposes. For other contexts beyond fair use, including digital reproduction, please contact the University of Idaho Library Special Collections and Archives Department at libspec@uidaho.edu. The University of Idaho Library is not liable for any violations of the law by users.",http://rightsstatements.org/vocab/InC-EDU/1.0/,letter,mg387_1_7-1943-02-15.pdf,/objects/1943-02-15.md,https://objects.lib.uidaho.edu/sakaino/small/mg387_1_7-1943-02-15_sm.jpg,https://objects.lib.uidaho.edu/sakaino/thumbs/mg387_1_7-1943-02-15_th.jpg,https://objects.lib.uidaho.edu/sakaino/mg387_1_7-1943-02-15.pdf,
sakaino423,sakaino422,"February 15, 1943 entry, page 1",,,,,,,,,"Transcribed and translated by Naoko Tanabe, 2024-2025, of Densho (densho.org)",Text,image/jpeg,jpn,mg387_1_7-237,"In copyright, educational use permitted. Educational use includes non-commercial reproduction of text and images in materials for teaching and research purposes. For other contexts beyond fair use, including digital reproduction, please contact the University of Idaho Library Special Collections and Archives Department at libspec@uidaho.edu. The University of Idaho Library is not liable for any violations of the law by users.",http://rightsstatements.org/vocab/InC-EDU/1.0/,image,mg387_1_7-237.jpg,/objects/mg387_1_7-237b.md,https://objects.lib.uidaho.edu/sakaino/small/mg387_1_7-237_sm.jpg,https://objects.lib.uidaho.edu/sakaino/thumbs/mg387_1_7-237_th.jpg,https://objects.lib.uidaho.edu/sakaino/mg387_1_7-237.jpg,Lined notebook paper with handwritten Japanese text in ink
sakaino424,sakaino422,"February 15, 1943 entry, page 2",,,,,,,,,"Transcribed and translated by Naoko Tanabe, 2024-2025, of Densho (densho.org)",Text,image/jpeg,jpn,mg387_1_7-238,"In copyright, educational use permitted. Educational use includes non-commercial reproduction of text and images in materials for teaching and research purposes. For other contexts beyond fair use, including digital reproduction, please contact the University of Idaho Library Special Collections and Archives Department at libspec@uidaho.edu. The University of Idaho Library is not liable for any violations of the law by users.",http://rightsstatements.org/vocab/InC-EDU/1.0/,image,mg387_1_7-238.jpg,/objects/mg387_1_7-238.md,https://objects.lib.uidaho.edu/sakaino/small/mg387_1_7-238_sm.jpg,https://objects.lib.uidaho.edu/sakaino/thumbs/mg387_1_7-238_th.jpg,https://objects.lib.uidaho.edu/sakaino/mg387_1_7-238.jpg,Lined notebook paper with handwritten Japanese text in ink
sakaino425,sakaino422,"February 15, 1943 entry, page 3",,,,,,,,,"Transcribed and translated by Naoko Tanabe, 2024-2025, of Densho (densho.org)",Text,image/jpeg,jpn,mg387_1_7-239,"In copyright, educational use permitted. Educational use includes non-commercial reproduction of text and images in materials for teaching and research purposes. For other contexts beyond fair use, including digital reproduction, please contact the University of Idaho Library Special Collections and Archives Department at libspec@uidaho.edu. The University of Idaho Library is not liable for any violations of the law by users.",http://rightsstatements.org/vocab/InC-EDU/1.0/,image,mg387_1_7-239.jpg,/objects/mg387_1_7-239a.md,https://objects.lib.uidaho.edu/sakaino/small/mg387_1_7-239_sm.jpg,https://objects.lib.uidaho.edu/sakaino/thumbs/mg387_1_7-239_th.jpg,https://objects.lib.uidaho.edu/sakaino/mg387_1_7-239.jpg,Lined notebook paper with handwritten Japanese text in ink
sakaino426,,"February 16, 1943 entry","Sakaino, Bunro","Camp Livingston, LA",31.442945,-92.375467,1943-02-16,"February 16, 1943, diary entry written by Bunro Sakaino while he was incarcerated at Camp Livingston, near Pineville, Louisiana.",concentration camps; diaries,"MG 387, George Shihei Shitamae papers, Special Collections and Archives, University of Idaho Library","Transcribed and translated by Naoko Tanabe, 2024-2025, of Densho (densho.org)",Text,application/pdf,jpn,mg387_1_7-1943-02-16,"In copyright, educational use permitted. Educational use includes non-commercial reproduction of text and images in materials for teaching and research purposes. For other contexts beyond fair use, including digital reproduction, please contact the University of Idaho Library Special Collections and Archives Department at libspec@uidaho.edu. The University of Idaho Library is not liable for any violations of the law by users.",http://rightsstatements.org/vocab/InC-EDU/1.0/,letter,mg387_1_7-1943-02-16.pdf,/objects/1943-02-16.md,https://objects.lib.uidaho.edu/sakaino/small/mg387_1_7-1943-02-16_sm.jpg,https://objects.lib.uidaho.edu/sakaino/thumbs/mg387_1_7-1943-02-16_th.jpg,https://objects.lib.uidaho.edu/sakaino/mg387_1_7-1943-02-16.pdf,
sakaino427,sakaino426,"February 16, 1943 entry, page 1",,,,,,,,,"Transcribed and translated by Naoko Tanabe, 2024-2025, of Densho (densho.org)",Text,image/jpeg,jpn,mg387_1_7-239,"In copyright, educational use permitted. Educational use includes non-commercial reproduction of text and images in materials for teaching and research purposes. For other contexts beyond fair use, including digital reproduction, please contact the University of Idaho Library Special Collections and Archives Department at libspec@uidaho.edu. The University of Idaho Library is not liable for any violations of the law by users.",http://rightsstatements.org/vocab/InC-EDU/1.0/,image,mg387_1_7-239.jpg,/objects/mg387_1_7-239a.md,https://objects.lib.uidaho.edu/sakaino/small/mg387_1_7-239_sm.jpg,https://objects.lib.uidaho.edu/sakaino/thumbs/mg387_1_7-239_th.jpg,https://objects.lib.uidaho.edu/sakaino/mg387_1_7-239.jpg,Lined notebook paper with handwritten Japanese text in ink
sakaino428,sakaino426,"February 16, 1943 entry, page 2",,,,,,,,,"Transcribed and translated by Naoko Tanabe, 2024-2025, of Densho (densho.org)",Text,image/jpeg,jpn,mg387_1_7-240,"In copyright, educational use permitted. Educational use includes non-commercial reproduction of text and images in materials for teaching and research purposes. For other contexts beyond fair use, including digital reproduction, please contact the University of Idaho Library Special Collections and Archives Department at libspec@uidaho.edu. The University of Idaho Library is not liable for any violations of the law by users.",http://rightsstatements.org/vocab/InC-EDU/1.0/,image,mg387_1_7-240.jpg,/objects/mg387_1_7-240.md,https://objects.lib.uidaho.edu/sakaino/small/mg387_1_7-240_sm.jpg,https://objects.lib.uidaho.edu/sakaino/thumbs/mg387_1_7-240_th.jpg,https://objects.lib.uidaho.edu/sakaino/mg387_1_7-240.jpg,Lined notebook paper with handwritten Japanese text in ink
sakaino429,sakaino426,"February 16, 1943 entry, page 3",,,,,,,,,"Transcribed and translated by Naoko Tanabe, 2024-2025, of Densho (densho.org)",Text,image/jpeg,jpn,mg387_1_7-241,"In copyright, educational use permitted. Educational use includes non-commercial reproduction of text and images in materials for teaching and research purposes. For other contexts beyond fair use, including digital reproduction, please contact the University of Idaho Library Special Collections and Archives Department at libspec@uidaho.edu. The University of Idaho Library is not liable for any violations of the law by users.",http://rightsstatements.org/vocab/InC-EDU/1.0/,image,mg387_1_7-241.jpg,/objects/mg387_1_7-241a.md,https://objects.lib.uidaho.edu/sakaino/small/mg387_1_7-241_sm.jpg,https://objects.lib.uidaho.edu/sakaino/thumbs/mg387_1_7-241_th.jpg,https://objects.lib.uidaho.edu/sakaino/mg387_1_7-241.jpg,Lined notebook paper with handwritten Japanese text in ink
sakaino430,,"February 19, 1943 entry","Sakaino, Bunro","Camp Livingston, LA",31.442945,-92.375467,1943-02-19,"February 19, 1943, diary entry written by Bunro Sakaino while he was incarcerated at Camp Livingston, near Pineville, Louisiana.",concentration camps; diaries,"MG 387, George Shihei Shitamae papers, Special Collections and Archives, University of Idaho Library","Transcribed and translated by Naoko Tanabe, 2024-2025, of Densho (densho.org)",Text,application/pdf,jpn,mg387_1_7-1943-02-19,"In copyright, educational use permitted. Educational use includes non-commercial reproduction of text and images in materials for teaching and research purposes. For other contexts beyond fair use, including digital reproduction, please contact the University of Idaho Library Special Collections and Archives Department at libspec@uidaho.edu. The University of Idaho Library is not liable for any violations of the law by users.",http://rightsstatements.org/vocab/InC-EDU/1.0/,letter,mg387_1_7-1943-02-19.pdf,/objects/1943-02-19.md,https://objects.lib.uidaho.edu/sakaino/small/mg387_1_7-1943-02-19_sm.jpg,https://objects.lib.uidaho.edu/sakaino/thumbs/mg387_1_7-1943-02-19_th.jpg,https://objects.lib.uidaho.edu/sakaino/mg387_1_7-1943-02-19.pdf,
sakaino431,sakaino430,"February 19, 1943 entry, page 1",,,,,,,,,"Transcribed and translated by Naoko Tanabe, 2024-2025, of Densho (densho.org)",Text,image/jpeg,jpn,mg387_1_7-241,"In copyright, educational use permitted. Educational use includes non-commercial reproduction of text and images in materials for teaching and research purposes. For other contexts beyond fair use, including digital reproduction, please contact the University of Idaho Library Special Collections and Archives Department at libspec@uidaho.edu. The University of Idaho Library is not liable for any violations of the law by users.",http://rightsstatements.org/vocab/InC-EDU/1.0/,image,mg387_1_7-241.jpg,/objects/mg387_1_7-241b.md,https://objects.lib.uidaho.edu/sakaino/small/mg387_1_7-241_sm.jpg,https://objects.lib.uidaho.edu/sakaino/thumbs/mg387_1_7-241_th.jpg,https://objects.lib.uidaho.edu/sakaino/mg387_1_7-241.jpg,Lined notebook paper with handwritten Japanese text in ink
sakaino432,sakaino430,"February 19, 1943 entry, page 2",,,,,,,,,"Transcribed and translated by Naoko Tanabe, 2024-2025, of Densho (densho.org)",Text,image/jpeg,jpn,mg387_1_7-242,"In copyright, educational use permitted. Educational use includes non-commercial reproduction of text and images in materials for teaching and research purposes. For other contexts beyond fair use, including digital reproduction, please contact the University of Idaho Library Special Collections and Archives Department at libspec@uidaho.edu. The University of Idaho Library is not liable for any violations of the law by users.",http://rightsstatements.org/vocab/InC-EDU/1.0/,image,mg387_1_7-242.jpg,/objects/mg387_1_7-242.md,https://objects.lib.uidaho.edu/sakaino/small/mg387_1_7-242_sm.jpg,https://objects.lib.uidaho.edu/sakaino/thumbs/mg387_1_7-242_th.jpg,https://objects.lib.uidaho.edu/sakaino/mg387_1_7-242.jpg,Lined notebook paper with handwritten Japanese text in ink
sakaino433,sakaino430,"February 19, 1943 entry, page 3",,,,,,,,,"Transcribed and translated by Naoko Tanabe, 2024-2025, of Densho (densho.org)",Text,image/jpeg,jpn,mg387_1_7-243,"In copyright, educational use permitted. Educational use includes non-commercial reproduction of text and images in materials for teaching and research purposes. For other contexts beyond fair use, including digital reproduction, please contact the University of Idaho Library Special Collections and Archives Department at libspec@uidaho.edu. The University of Idaho Library is not liable for any violations of the law by users.",http://rightsstatements.org/vocab/InC-EDU/1.0/,image,mg387_1_7-243.jpg,/objects/mg387_1_7-243.md,https://objects.lib.uidaho.edu/sakaino/small/mg387_1_7-243_sm.jpg,https://objects.lib.uidaho.edu/sakaino/thumbs/mg387_1_7-243_th.jpg,https://objects.lib.uidaho.edu/sakaino/mg387_1_7-243.jpg,Lined notebook paper with handwritten Japanese text in ink
sakaino434,sakaino430,"February 19, 1943 entry, page 4",,,,,,,,,"Transcribed and translated by Naoko Tanabe, 2024-2025, of Densho (densho.org)",Text,image/jpeg,jpn,mg387_1_7-244,"In copyright, educational use permitted. Educational use includes non-commercial reproduction of text and images in materials for teaching and research purposes. For other contexts beyond fair use, including digital reproduction, please contact the University of Idaho Library Special Collections and Archives Department at libspec@uidaho.edu. The University of Idaho Library is not liable for any violations of the law by users.",http://rightsstatements.org/vocab/InC-EDU/1.0/,image,mg387_1_7-244.jpg,/objects/mg387_1_7-244a.md,https://objects.lib.uidaho.edu/sakaino/small/mg387_1_7-244_sm.jpg,https://objects.lib.uidaho.edu/sakaino/thumbs/mg387_1_7-244_th.jpg,https://objects.lib.uidaho.edu/sakaino/mg387_1_7-244.jpg,Lined notebook paper with handwritten Japanese text in ink
sakaino435,,"February 20, 1943 entry","Sakaino, Bunro","Camp Livingston, LA",31.442945,-92.375467,1943-02-20,"February 20, 1943, diary entry written by Bunro Sakaino while he was incarcerated at Camp Livingston, near Pineville, Louisiana.",concentration camps; diaries,"MG 387, George Shihei Shitamae papers, Special Collections and Archives, University of Idaho Library","Transcribed and translated by Naoko Tanabe, 2024-2025, of Densho (densho.org)",Text,application/pdf,jpn,mg387_1_7-1943-02-20,"In copyright, educational use permitted. Educational use includes non-commercial reproduction of text and images in materials for teaching and research purposes. For other contexts beyond fair use, including digital reproduction, please contact the University of Idaho Library Special Collections and Archives Department at libspec@uidaho.edu. The University of Idaho Library is not liable for any violations of the law by users.",http://rightsstatements.org/vocab/InC-EDU/1.0/,letter,mg387_1_7-1943-02-20.pdf,/objects/1943-02-20.md,https://objects.lib.uidaho.edu/sakaino/small/mg387_1_7-1943-02-20_sm.jpg,https://objects.lib.uidaho.edu/sakaino/thumbs/mg387_1_7-1943-02-20_th.jpg,https://objects.lib.uidaho.edu/sakaino/mg387_1_7-1943-02-20.pdf,
sakaino436,sakaino435,"February 20, 1943 entry, page 1",,,,,,,,,"Transcribed and translated by Naoko Tanabe, 2024-2025, of Densho (densho.org)",Text,image/jpeg,jpn,mg387_1_7-244,"In copyright, educational use permitted. Educational use includes non-commercial reproduction of text and images in materials for teaching and research purposes. For other contexts beyond fair use, including digital reproduction, please contact the University of Idaho Library Special Collections and Archives Department at libspec@uidaho.edu. The University of Idaho Library is not liable for any violations of the law by users.",http://rightsstatements.org/vocab/InC-EDU/1.0/,image,mg387_1_7-244.jpg,/objects/mg387_1_7-244b.md,https://objects.lib.uidaho.edu/sakaino/small/mg387_1_7-244_sm.jpg,https://objects.lib.uidaho.edu/sakaino/thumbs/mg387_1_7-244_th.jpg,https://objects.lib.uidaho.edu/sakaino/mg387_1_7-244.jpg,Lined notebook paper with handwritten Japanese text in ink
sakaino437,,"February 21, 1943 entry","Sakaino, Bunro","Camp Livingston, LA",31.442945,-92.375467,1943-02-20,"February 21, 1943, diary entry written by Bunro Sakaino while he was incarcerated at Camp Livingston, near Pineville, Louisiana.",concentration camps; diaries,"MG 387, George Shihei Shitamae papers, Special Collections and Archives, University of Idaho Library","Transcribed and translated by Naoko Tanabe, 2024-2025, of Densho (densho.org)",Text,application/pdf,jpn,mg387_1_7-1943-02-21,"In copyright, educational use permitted. Educational use includes non-commercial reproduction of text and images in materials for teaching and research purposes. For other contexts beyond fair use, including digital reproduction, please contact the University of Idaho Library Special Collections and Archives Department at libspec@uidaho.edu. The University of Idaho Library is not liable for any violations of the law by users.",http://rightsstatements.org/vocab/InC-EDU/1.0/,letter,mg387_1_7-1943-02-21.pdf,/objects/1943-02-21.md,https://objects.lib.uidaho.edu/sakaino/small/mg387_1_7-1943-02-21_sm.jpg,https://objects.lib.uidaho.edu/sakaino/thumbs/mg387_1_7-1943-02-21_th.jpg,https://objects.lib.uidaho.edu/sakaino/mg387_1_7-1943-02-21.pdf,
sakaino438,sakaino437,"February 21, 1943 entry, page 1",,,,,,,,,"Transcribed and translated by Naoko Tanabe, 2024-2025, of Densho (densho.org)",Text,image/jpeg,jpn,mg387_1_7-245,"In copyright, educational use permitted. Educational use includes non-commercial reproduction of text and images in materials for teaching and research purposes. For other contexts beyond fair use, including digital reproduction, please contact the University of Idaho Library Special Collections and Archives Department at libspec@uidaho.edu. The University of Idaho Library is not liable for any violations of the law by users.",http://rightsstatements.org/vocab/InC-EDU/1.0/,image,mg387_1_7-245.jpg,/objects/mg387_1_7-245.md,https://objects.lib.uidaho.edu/sakaino/small/mg387_1_7-245_sm.jpg,https://objects.lib.uidaho.edu/sakaino/thumbs/mg387_1_7-245_th.jpg,https://objects.lib.uidaho.edu/sakaino/mg387_1_7-245.jpg,Lined notebook paper with handwritten Japanese text in ink
sakaino439,sakaino437,"February 21, 1943 entry, page 2",,,,,,,,,"Transcribed and translated by Naoko Tanabe, 2024-2025, of Densho (densho.org)",Text,image/jpeg,jpn,mg387_1_7-246,"In copyright, educational use permitted. Educational use includes non-commercial reproduction of text and images in materials for teaching and research purposes. For other contexts beyond fair use, including digital reproduction, please contact the University of Idaho Library Special Collections and Archives Department at libspec@uidaho.edu. The University of Idaho Library is not liable for any violations of the law by users.",http://rightsstatements.org/vocab/InC-EDU/1.0/,image,mg387_1_7-246.jpg,/objects/mg387_1_7-246a.md,https://objects.lib.uidaho.edu/sakaino/small/mg387_1_7-246_sm.jpg,https://objects.lib.uidaho.edu/sakaino/thumbs/mg387_1_7-246_th.jpg,https://objects.lib.uidaho.edu/sakaino/mg387_1_7-246.jpg,Lined notebook paper with handwritten Japanese text in ink
sakaino440,,"February 22, 1943 entry","Sakaino, Bunro","Camp Livingston, LA",31.442945,-92.375467,1943-02-22,"February 22, 1943, diary entry written by Bunro Sakaino while he was incarcerated at Camp Livingston, near Pineville, Louisiana.",concentration camps; diaries,"MG 387, George Shihei Shitamae papers, Special Collections and Archives, University of Idaho Library","Transcribed and translated by Naoko Tanabe, 2024-2025, of Densho (densho.org)",Text,application/pdf,jpn,mg387_1_7-1943-02-22,"In copyright, educational use permitted. Educational use includes non-commercial reproduction of text and images in materials for teaching and research purposes. For other contexts beyond fair use, including digital reproduction, please contact the University of Idaho Library Special Collections and Archives Department at libspec@uidaho.edu. The University of Idaho Library is not liable for any violations of the law by users.",http://rightsstatements.org/vocab/InC-EDU/1.0/,letter,mg387_1_7-1943-02-22.pdf,/objects/1943-02-22.md,https://objects.lib.uidaho.edu/sakaino/small/mg387_1_7-1943-02-22_sm.jpg,https://objects.lib.uidaho.edu/sakaino/thumbs/mg387_1_7-1943-02-22_th.jpg,https://objects.lib.uidaho.edu/sakaino/mg387_1_7-1943-02-22.pdf,
sakaino441,sakaino440,"February 22, 1943 entry, page 1",,,,,,,,,"Transcribed and translated by Naoko Tanabe, 2024-2025, of Densho (densho.org)",Text,image/jpeg,jpn,mg387_1_7-246,"In copyright, educational use permitted. Educational use includes non-commercial reproduction of text and images in materials for teaching and research purposes. For other contexts beyond fair use, including digital reproduction, please contact the University of Idaho Library Special Collections and Archives Department at libspec@uidaho.edu. The University of Idaho Library is not liable for any violations of the law by users.",http://rightsstatements.org/vocab/InC-EDU/1.0/,image,mg387_1_7-246.jpg,/objects/mg387_1_7-246b.md,https://objects.lib.uidaho.edu/sakaino/small/mg387_1_7-246_sm.jpg,https://objects.lib.uidaho.edu/sakaino/thumbs/mg387_1_7-246_th.jpg,https://objects.lib.uidaho.edu/sakaino/mg387_1_7-246.jpg,Lined notebook paper with handwritten Japanese text in ink
sakaino442,sakaino440,"February 22, 1943 entry, page 2",,,,,,,,,"Transcribed and translated by Naoko Tanabe, 2024-2025, of Densho (densho.org)",Text,image/jpeg,jpn,mg387_1_7-247,"In copyright, educational use permitted. Educational use includes non-commercial reproduction of text and images in materials for teaching and research purposes. For other contexts beyond fair use, including digital reproduction, please contact the University of Idaho Library Special Collections and Archives Department at libspec@uidaho.edu. The University of Idaho Library is not liable for any violations of the law by users.",http://rightsstatements.org/vocab/InC-EDU/1.0/,image,mg387_1_7-247.jpg,/objects/mg387_1_7-247a.md,https://objects.lib.uidaho.edu/sakaino/small/mg387_1_7-247_sm.jpg,https://objects.lib.uidaho.edu/sakaino/thumbs/mg387_1_7-247_th.jpg,https://objects.lib.uidaho.edu/sakaino/mg387_1_7-247.jpg,Lined notebook paper with handwritten Japanese text in ink
sakaino443,,"February 23, 1943 entry","Sakaino, Bunro","Camp Livingston, LA",31.442945,-92.375467,1943-02-23,"February 23, 1943, diary entry written by Bunro Sakaino while he was incarcerated at Camp Livingston, near Pineville, Louisiana.",concentration camps; diaries,"MG 387, George Shihei Shitamae papers, Special Collections and Archives, University of Idaho Library","Transcribed and translated by Naoko Tanabe, 2024-2025, of Densho (densho.org)",Text,application/pdf,jpn,mg387_1_7-1943-02-23,"In copyright, educational use permitted. Educational use includes non-commercial reproduction of text and images in materials for teaching and research purposes. For other contexts beyond fair use, including digital reproduction, please contact the University of Idaho Library Special Collections and Archives Department at libspec@uidaho.edu. The University of Idaho Library is not liable for any violations of the law by users.",http://rightsstatements.org/vocab/InC-EDU/1.0/,letter,mg387_1_7-1943-02-23.pdf,/objects/1943-02-23.md,https://objects.lib.uidaho.edu/sakaino/small/mg387_1_7-1943-02-23_sm.jpg,https://objects.lib.uidaho.edu/sakaino/thumbs/mg387_1_7-1943-02-23_th.jpg,https://objects.lib.uidaho.edu/sakaino/mg387_1_7-1943-02-23.pdf,
sakaino444,sakaino443,"February 23, 1943 entry, page 1",,,,,,,,,"Transcribed and translated by Naoko Tanabe, 2024-2025, of Densho (densho.org)",Text,image/jpeg,jpn,mg387_1_7-247,"In copyright, educational use permitted. Educational use includes non-commercial reproduction of text and images in materials for teaching and research purposes. For other contexts beyond fair use, including digital reproduction, please contact the University of Idaho Library Special Collections and Archives Department at libspec@uidaho.edu. The University of Idaho Library is not liable for any violations of the law by users.",http://rightsstatements.org/vocab/InC-EDU/1.0/,image,mg387_1_7-247.jpg,/objects/mg387_1_7-247b.md,https://objects.lib.uidaho.edu/sakaino/small/mg387_1_7-247_sm.jpg,https://objects.lib.uidaho.edu/sakaino/thumbs/mg387_1_7-247_th.jpg,https://objects.lib.uidaho.edu/sakaino/mg387_1_7-247.jpg,Lined notebook paper with handwritten Japanese text in ink
sakaino445,sakaino443,"February 23, 1943 entry, page 2",,,,,,,,,"Transcribed and translated by Naoko Tanabe, 2024-2025, of Densho (densho.org)",Text,image/jpeg,jpn,mg387_1_7-248,"In copyright, educational use permitted. Educational use includes non-commercial reproduction of text and images in materials for teaching and research purposes. For other contexts beyond fair use, including digital reproduction, please contact the University of Idaho Library Special Collections and Archives Department at libspec@uidaho.edu. The University of Idaho Library is not liable for any violations of the law by users.",http://rightsstatements.org/vocab/InC-EDU/1.0/,image,mg387_1_7-248.jpg,/objects/mg387_1_7-248.md,https://objects.lib.uidaho.edu/sakaino/small/mg387_1_7-248_sm.jpg,https://objects.lib.uidaho.edu/sakaino/thumbs/mg387_1_7-248_th.jpg,https://objects.lib.uidaho.edu/sakaino/mg387_1_7-248.jpg,Lined notebook paper with handwritten Japanese text in ink
sakaino446,sakaino443,"February 23, 1943 entry, page 3",,,,,,,,,"Transcribed and translated by Naoko Tanabe, 2024-2025, of Densho (densho.org)",Text,image/jpeg,jpn,mg387_1_7-249,"In copyright, educational use permitted. Educational use includes non-commercial reproduction of text and images in materials for teaching and research purposes. For other contexts beyond fair use, including digital reproduction, please contact the University of Idaho Library Special Collections and Archives Department at libspec@uidaho.edu. The University of Idaho Library is not liable for any violations of the law by users.",http://rightsstatements.org/vocab/InC-EDU/1.0/,image,mg387_1_7-249.jpg,/objects/mg387_1_7-249a.md,https://objects.lib.uidaho.edu/sakaino/small/mg387_1_7-249_sm.jpg,https://objects.lib.uidaho.edu/sakaino/thumbs/mg387_1_7-249_th.jpg,https://objects.lib.uidaho.edu/sakaino/mg387_1_7-249.jpg,Lined notebook paper with handwritten Japanese text in ink
sakaino447,,"February 24, 1943 entry","Sakaino, Bunro","Camp Livingston, LA",31.442945,-92.375467,1943-02-24,"February 24, 1943, diary entry written by Bunro Sakaino while he was incarcerated at Camp Livingston, near Pineville, Louisiana.",concentration camps; diaries,"MG 387, George Shihei Shitamae papers, Special Collections and Archives, University of Idaho Library","Transcribed and translated by Naoko Tanabe, 2024-2025, of Densho (densho.org)",Text,application/pdf,jpn,mg387_1_7-1943-02-24,"In copyright, educational use permitted. Educational use includes non-commercial reproduction of text and images in materials for teaching and research purposes. For other contexts beyond fair use, including digital reproduction, please contact the University of Idaho Library Special Collections and Archives Department at libspec@uidaho.edu. The University of Idaho Library is not liable for any violations of the law by users.",http://rightsstatements.org/vocab/InC-EDU/1.0/,letter,mg387_1_7-1943-02-24.pdf,/objects/1943-02-24.md,https://objects.lib.uidaho.edu/sakaino/small/mg387_1_7-1943-02-24_sm.jpg,https://objects.lib.uidaho.edu/sakaino/thumbs/mg387_1_7-1943-02-24_th.jpg,https://objects.lib.uidaho.edu/sakaino/mg387_1_7-1943-02-24.pdf,
sakaino448,sakaino447,"February 24, 1943 entry, page 1",,,,,,,,,"Transcribed and translated by Naoko Tanabe, 2024-2025, of Densho (densho.org)",Text,image/jpeg,jpn,mg387_1_7-249,"In copyright, educational use permitted. Educational use includes non-commercial reproduction of text and images in materials for teaching and research purposes. For other contexts beyond fair use, including digital reproduction, please contact the University of Idaho Library Special Collections and Archives Department at libspec@uidaho.edu. The University of Idaho Library is not liable for any violations of the law by users.",http://rightsstatements.org/vocab/InC-EDU/1.0/,image,mg387_1_7-249.jpg,/objects/mg387_1_7-249b.md,https://objects.lib.uidaho.edu/sakaino/small/mg387_1_7-249_sm.jpg,https://objects.lib.uidaho.edu/sakaino/thumbs/mg387_1_7-249_th.jpg,https://objects.lib.uidaho.edu/sakaino/mg387_1_7-249.jpg,Lined notebook paper with handwritten Japanese text in ink
sakaino449,sakaino447,"February 24, 1943 entry, page 2",,,,,,,,,"Transcribed and translated by Naoko Tanabe, 2024-2025, of Densho (densho.org)",Text,image/jpeg,jpn,mg387_1_7-250,"In copyright, educational use permitted. Educational use includes non-commercial reproduction of text and images in materials for teaching and research purposes. For other contexts beyond fair use, including digital reproduction, please contact the University of Idaho Library Special Collections and Archives Department at libspec@uidaho.edu. The University of Idaho Library is not liable for any violations of the law by users.",http://rightsstatements.org/vocab/InC-EDU/1.0/,image,mg387_1_7-250.jpg,/objects/mg387_1_7-250a.md,https://objects.lib.uidaho.edu/sakaino/small/mg387_1_7-250_sm.jpg,https://objects.lib.uidaho.edu/sakaino/thumbs/mg387_1_7-250_th.jpg,https://objects.lib.uidaho.edu/sakaino/mg387_1_7-250.jpg,Lined notebook paper with handwritten Japanese text in ink
sakaino450,,"February 26, 1943 entry","Sakaino, Bunro","Camp Livingston, LA",31.442945,-92.375467,1943-02-26,"February 26, 1943, diary entry written by Bunro Sakaino while he was incarcerated at Camp Livingston, near Pineville, Louisiana.",concentration camps; diaries,"MG 387, George Shihei Shitamae papers, Special Collections and Archives, University of Idaho Library","Transcribed and translated by Naoko Tanabe, 2024-2025, of Densho (densho.org)",Text,application/pdf,jpn,mg387_1_7-1943-02-26,"In copyright, educational use permitted. Educational use includes non-commercial reproduction of text and images in materials for teaching and research purposes. For other contexts beyond fair use, including digital reproduction, please contact the University of Idaho Library Special Collections and Archives Department at libspec@uidaho.edu. The University of Idaho Library is not liable for any violations of the law by users.",http://rightsstatements.org/vocab/InC-EDU/1.0/,letter,mg387_1_7-1943-02-26.pdf,/objects/1943-02-26.md,https://objects.lib.uidaho.edu/sakaino/small/mg387_1_7-1943-02-26_sm.jpg,https://objects.lib.uidaho.edu/sakaino/thumbs/mg387_1_7-1943-02-26_th.jpg,https://objects.lib.uidaho.edu/sakaino/mg387_1_7-1943-02-26.pdf,
sakaino451,sakaino450,"February 26, 1943 entry, page 1",,,,,,,,,"Transcribed and translated by Naoko Tanabe, 2024-2025, of Densho (densho.org)",Text,image/jpeg,jpn,mg387_1_7-250,"In copyright, educational use permitted. Educational use includes non-commercial reproduction of text and images in materials for teaching and research purposes. For other contexts beyond fair use, including digital reproduction, please contact the University of Idaho Library Special Collections and Archives Department at libspec@uidaho.edu. The University of Idaho Library is not liable for any violations of the law by users.",http://rightsstatements.org/vocab/InC-EDU/1.0/,image,mg387_1_7-250.jpg,/objects/mg387_1_7-250b.md,https://objects.lib.uidaho.edu/sakaino/small/mg387_1_7-250_sm.jpg,https://objects.lib.uidaho.edu/sakaino/thumbs/mg387_1_7-250_th.jpg,https://objects.lib.uidaho.edu/sakaino/mg387_1_7-250.jpg,Lined notebook paper with handwritten Japanese text in ink
sakaino452,sakaino450,"February 26, 1943 entry, page 2",,,,,,,,,"Transcribed and translated by Naoko Tanabe, 2024-2025, of Densho (densho.org)",Text,image/jpeg,jpn,mg387_1_7-251,"In copyright, educational use permitted. Educational use includes non-commercial reproduction of text and images in materials for teaching and research purposes. For other contexts beyond fair use, including digital reproduction, please contact the University of Idaho Library Special Collections and Archives Department at libspec@uidaho.edu. The University of Idaho Library is not liable for any violations of the law by users.",http://rightsstatements.org/vocab/InC-EDU/1.0/,image,mg387_1_7-251.jpg,/objects/mg387_1_7-251.md,https://objects.lib.uidaho.edu/sakaino/small/mg387_1_7-251_sm.jpg,https://objects.lib.uidaho.edu/sakaino/thumbs/mg387_1_7-251_th.jpg,https://objects.lib.uidaho.edu/sakaino/mg387_1_7-251.jpg,Lined notebook paper with handwritten Japanese text in ink
sakaino453,sakaino450,"February 26, 1943 entry, page 3",,,,,,,,,"Transcribed and translated by Naoko Tanabe, 2024-2025, of Densho (densho.org)",Text,image/jpeg,jpn,mg387_1_7-252,"In copyright, educational use permitted. Educational use includes non-commercial reproduction of text and images in materials for teaching and research purposes. For other contexts beyond fair use, including digital reproduction, please contact the University of Idaho Library Special Collections and Archives Department at libspec@uidaho.edu. The University of Idaho Library is not liable for any violations of the law by users.",http://rightsstatements.org/vocab/InC-EDU/1.0/,image,mg387_1_7-252.jpg,/objects/mg387_1_7-252a.md,https://objects.lib.uidaho.edu/sakaino/small/mg387_1_7-252_sm.jpg,https://objects.lib.uidaho.edu/sakaino/thumbs/mg387_1_7-252_th.jpg,https://objects.lib.uidaho.edu/sakaino/mg387_1_7-252.jpg,Lined notebook paper with handwritten Japanese text in ink
sakaino454,,"February 27, 1943 entry","Sakaino, Bunro","Camp Livingston, LA",31.442945,-92.375467,1943-02-27,"February 27, 1943, diary entry written by Bunro Sakaino while he was incarcerated at Camp Livingston, near Pineville, Louisiana.",concentration camps; diaries,"MG 387, George Shihei Shitamae papers, Special Collections and Archives, University of Idaho Library","Transcribed and translated by Naoko Tanabe, 2024-2025, of Densho (densho.org)",Text,application/pdf,jpn,mg387_1_7-1943-02-27,"In copyright, educational use permitted. Educational use includes non-commercial reproduction of text and images in materials for teaching and research purposes. For other contexts beyond fair use, including digital reproduction, please contact the University of Idaho Library Special Collections and Archives Department at libspec@uidaho.edu. The University of Idaho Library is not liable for any violations of the law by users.",http://rightsstatements.org/vocab/InC-EDU/1.0/,letter,mg387_1_7-1943-02-27.pdf,/objects/1943-02-27.md,https://objects.lib.uidaho.edu/sakaino/small/mg387_1_7-1943-02-27_sm.jpg,https://objects.lib.uidaho.edu/sakaino/thumbs/mg387_1_7-1943-02-27_th.jpg,https://objects.lib.uidaho.edu/sakaino/mg387_1_7-1943-02-27.pdf,
sakaino455,sakaino454,"February 27, 1943 entry, page 1",,,,,,,,,"Transcribed and translated by Naoko Tanabe, 2024-2025, of Densho (densho.org)",Text,image/jpeg,jpn,mg387_1_7-252,"In copyright, educational use permitted. Educational use includes non-commercial reproduction of text and images in materials for teaching and research purposes. For other contexts beyond fair use, including digital reproduction, please contact the University of Idaho Library Special Collections and Archives Department at libspec@uidaho.edu. The University of Idaho Library is not liable for any violations of the law by users.",http://rightsstatements.org/vocab/InC-EDU/1.0/,image,mg387_1_7-252.jpg,/objects/mg387_1_7-252b.md,https://objects.lib.uidaho.edu/sakaino/small/mg387_1_7-252_sm.jpg,https://objects.lib.uidaho.edu/sakaino/thumbs/mg387_1_7-252_th.jpg,https://objects.lib.uidaho.edu/sakaino/mg387_1_7-252.jpg,Lined notebook paper with handwritten Japanese text in ink
sakaino456,sakaino454,"February 27, 1943 entry, page 2",,,,,,,,,"Transcribed and translated by Naoko Tanabe, 2024-2025, of Densho (densho.org)",Text,image/jpeg,jpn,mg387_1_7-253,"In copyright, educational use permitted. Educational use includes non-commercial reproduction of text and images in materials for teaching and research purposes. For other contexts beyond fair use, including digital reproduction, please contact the University of Idaho Library Special Collections and Archives Department at libspec@uidaho.edu. The University of Idaho Library is not liable for any violations of the law by users.",http://rightsstatements.org/vocab/InC-EDU/1.0/,image,mg387_1_7-253.jpg,/objects/mg387_1_7-253a.md,https://objects.lib.uidaho.edu/sakaino/small/mg387_1_7-253_sm.jpg,https://objects.lib.uidaho.edu/sakaino/thumbs/mg387_1_7-253_th.jpg,https://objects.lib.uidaho.edu/sakaino/mg387_1_7-253.jpg,Lined notebook paper with handwritten Japanese text in ink
sakaino457,,"February 28, 1943 entry","Sakaino, Bunro","Camp Livingston, LA",31.442945,-92.375467,1943-02-28,"February 28, 1943, diary entry written by Bunro Sakaino while he was incarcerated at Camp Livingston, near Pineville, Louisiana.",concentration camps; diaries,"MG 387, George Shihei Shitamae papers, Special Collections and Archives, University of Idaho Library","Transcribed and translated by Naoko Tanabe, 2024-2025, of Densho (densho.org)",Text,application/pdf,jpn,mg387_1_7-1943-02-28,"In copyright, educational use permitted. Educational use includes non-commercial reproduction of text and images in materials for teaching and research purposes. For other contexts beyond fair use, including digital reproduction, please contact the University of Idaho Library Special Collections and Archives Department at libspec@uidaho.edu. The University of Idaho Library is not liable for any violations of the law by users.",http://rightsstatements.org/vocab/InC-EDU/1.0/,letter,mg387_1_7-1943-02-28.pdf,/objects/1943-02-28.md,https://objects.lib.uidaho.edu/sakaino/small/mg387_1_7-1943-02-28_sm.jpg,https://objects.lib.uidaho.edu/sakaino/thumbs/mg387_1_7-1943-02-28_th.jpg,https://objects.lib.uidaho.edu/sakaino/mg387_1_7-1943-02-28.pdf,
sakaino458,sakaino457,"February 28, 1943 entry, page 1",,,,,,,,,"Transcribed and translated by Naoko Tanabe, 2024-2025, of Densho (densho.org)",Text,image/jpeg,jpn,mg387_1_7-253,"In copyright, educational use permitted. Educational use includes non-commercial reproduction of text and images in materials for teaching and research purposes. For other contexts beyond fair use, including digital reproduction, please contact the University of Idaho Library Special Collections and Archives Department at libspec@uidaho.edu. The University of Idaho Library is not liable for any violations of the law by users.",http://rightsstatements.org/vocab/InC-EDU/1.0/,image,mg387_1_7-253.jpg,/objects/mg387_1_7-253a.md,https://objects.lib.uidaho.edu/sakaino/small/mg387_1_7-253_sm.jpg,https://objects.lib.uidaho.edu/sakaino/thumbs/mg387_1_7-253_th.jpg,https://objects.lib.uidaho.edu/sakaino/mg387_1_7-253.jpg,Lined notebook paper with handwritten Japanese text in ink
sakaino459,sakaino457,"February 28, 1943 entry, page 2",,,,,,,,,"Transcribed and translated by Naoko Tanabe, 2024-2025, of Densho (densho.org)",Text,image/jpeg,jpn,mg387_1_7-254,"In copyright, educational use permitted. Educational use includes non-commercial reproduction of text and images in materials for teaching and research purposes. For other contexts beyond fair use, including digital reproduction, please contact the University of Idaho Library Special Collections and Archives Department at libspec@uidaho.edu. The University of Idaho Library is not liable for any violations of the law by users.",http://rightsstatements.org/vocab/InC-EDU/1.0/,image,mg387_1_7-254.jpg,/objects/mg387_1_7-254.md,https://objects.lib.uidaho.edu/sakaino/small/mg387_1_7-254_sm.jpg,https://objects.lib.uidaho.edu/sakaino/thumbs/mg387_1_7-254_th.jpg,https://objects.lib.uidaho.edu/sakaino/mg387_1_7-254.jpg,Lined notebook paper with handwritten Japanese text in ink
sakaino460,sakaino457,"February 28, 1943 entry, page 3",,,,,,,,,"Transcribed and translated by Naoko Tanabe, 2024-2025, of Densho (densho.org)",Text,image/jpeg,jpn,mg387_1_7-255,"In copyright, educational use permitted. Educational use includes non-commercial reproduction of text and images in materials for teaching and research purposes. For other contexts beyond fair use, including digital reproduction, please contact the University of Idaho Library Special Collections and Archives Department at libspec@uidaho.edu. The University of Idaho Library is not liable for any violations of the law by users.",http://rightsstatements.org/vocab/InC-EDU/1.0/,image,mg387_1_7-255.jpg,/objects/mg387_1_7-255a.md,https://objects.lib.uidaho.edu/sakaino/small/mg387_1_7-255_sm.jpg,https://objects.lib.uidaho.edu/sakaino/thumbs/mg387_1_7-255_th.jpg,https://objects.lib.uidaho.edu/sakaino/mg387_1_7-255.jpg,Lined notebook paper with handwritten Japanese text in ink
sakaino461,,"March 1, 1943 entry","Sakaino, Bunro","Camp Livingston, LA",31.442945,-92.375467,1943-03-01,"March 1, 1943, diary entry written by Bunro Sakaino while he was incarcerated at Camp Livingston, near Pineville, Louisiana.",concentration camps; diaries,"MG 387, George Shihei Shitamae papers, Special Collections and Archives, University of Idaho Library","Transcribed and translated by Naoko Tanabe, 2024-2025, of Densho (densho.org)",Text,application/pdf,jpn,mg387_1_7-1943-03-01,"In copyright, educational use permitted. Educational use includes non-commercial reproduction of text and images in materials for teaching and research purposes. For other contexts beyond fair use, including digital reproduction, please contact the University of Idaho Library Special Collections and Archives Department at libspec@uidaho.edu. The University of Idaho Library is not liable for any violations of the law by users.",http://rightsstatements.org/vocab/InC-EDU/1.0/,letter,mg387_1_7-1943-03-01.pdf,/objects/1943-03-01.md,https://objects.lib.uidaho.edu/sakaino/small/mg387_1_7-1943-03-01_sm.jpg,https://objects.lib.uidaho.edu/sakaino/thumbs/mg387_1_7-1943-03-01_th.jpg,https://objects.lib.uidaho.edu/sakaino/mg387_1_7-1943-03-01.pdf,
sakaino462,sakaino461,"March 1, 1943 entry, page 1",,,,,,,,,"Transcribed and translated by Naoko Tanabe, 2024-2025, of Densho (densho.org)",Text,image/jpeg,jpn,mg387_1_7-255,"In copyright, educational use permitted. Educational use includes non-commercial reproduction of text and images in materials for teaching and research purposes. For other contexts beyond fair use, including digital reproduction, please contact the University of Idaho Library Special Collections and Archives Department at libspec@uidaho.edu. The University of Idaho Library is not liable for any violations of the law by users.",http://rightsstatements.org/vocab/InC-EDU/1.0/,image,mg387_1_7-255.jpg,/objects/mg387_1_7-255b.md,https://objects.lib.uidaho.edu/sakaino/small/mg387_1_7-255_sm.jpg,https://objects.lib.uidaho.edu/sakaino/thumbs/mg387_1_7-255_th.jpg,https://objects.lib.uidaho.edu/sakaino/mg387_1_7-255.jpg,Lined notebook paper with handwritten Japanese text in ink
sakaino463,sakaino461,"March 1, 1943 entry, page 2",,,,,,,,,"Transcribed and translated by Naoko Tanabe, 2024-2025, of Densho (densho.org)",Text,image/jpeg,jpn,mg387_1_7-256,"In copyright, educational use permitted. Educational use includes non-commercial reproduction of text and images in materials for teaching and research purposes. For other contexts beyond fair use, including digital reproduction, please contact the University of Idaho Library Special Collections and Archives Department at libspec@uidaho.edu. The University of Idaho Library is not liable for any violations of the law by users.",http://rightsstatements.org/vocab/InC-EDU/1.0/,image,mg387_1_7-256.jpg,/objects/mg387_1_7-256a.md,https://objects.lib.uidaho.edu/sakaino/small/mg387_1_7-256_sm.jpg,https://objects.lib.uidaho.edu/sakaino/thumbs/mg387_1_7-256_th.jpg,https://objects.lib.uidaho.edu/sakaino/mg387_1_7-256.jpg,Lined notebook paper with handwritten Japanese text in ink
sakaino464,,"March 2, 1943 entry","Sakaino, Bunro","Camp Livingston, LA",31.442945,-92.375467,1943-03-02,"March 2, 1943, diary entry written by Bunro Sakaino while he was incarcerated at Camp Livingston, near Pineville, Louisiana.",concentration camps; diaries,"MG 387, George Shihei Shitamae papers, Special Collections and Archives, University of Idaho Library","Transcribed and translated by Naoko Tanabe, 2024-2025, of Densho (densho.org)",Text,application/pdf,jpn,mg387_1_7-1943-03-02,"In copyright, educational use permitted. Educational use includes non-commercial reproduction of text and images in materials for teaching and research purposes. For other contexts beyond fair use, including digital reproduction, please contact the University of Idaho Library Special Collections and Archives Department at libspec@uidaho.edu. The University of Idaho Library is not liable for any violations of the law by users.",http://rightsstatements.org/vocab/InC-EDU/1.0/,letter,mg387_1_7-1943-03-02.pdf,/objects/1943-03-02.md,https://objects.lib.uidaho.edu/sakaino/small/mg387_1_7-1943-03-02_sm.jpg,https://objects.lib.uidaho.edu/sakaino/thumbs/mg387_1_7-1943-03-02_th.jpg,https://objects.lib.uidaho.edu/sakaino/mg387_1_7-1943-03-02.pdf,
sakaino465,sakaino464,"March 2, 1943 entry, page 1",,,,,,,,,"Transcribed and translated by Naoko Tanabe, 2024-2025, of Densho (densho.org)",Text,image/jpeg,jpn,mg387_1_7-256,"In copyright, educational use permitted. Educational use includes non-commercial reproduction of text and images in materials for teaching and research purposes. For other contexts beyond fair use, including digital reproduction, please contact the University of Idaho Library Special Collections and Archives Department at libspec@uidaho.edu. The University of Idaho Library is not liable for any violations of the law by users.",http://rightsstatements.org/vocab/InC-EDU/1.0/,image,mg387_1_7-256.jpg,/objects/mg387_1_7-256b.md,https://objects.lib.uidaho.edu/sakaino/small/mg387_1_7-256_sm.jpg,https://objects.lib.uidaho.edu/sakaino/thumbs/mg387_1_7-256_th.jpg,https://objects.lib.uidaho.edu/sakaino/mg387_1_7-256.jpg,Lined notebook paper with handwritten Japanese text in ink
sakaino466,,"March 3, 1943 entry","Sakaino, Bunro","Camp Livingston, LA",31.442945,-92.375467,1943-03-03,"March 3, 1943, diary entry written by Bunro Sakaino while he was incarcerated at Camp Livingston, near Pineville, Louisiana.",concentration camps; diaries,"MG 387, George Shihei Shitamae papers, Special Collections and Archives, University of Idaho Library","Transcribed and translated by Naoko Tanabe, 2024-2025, of Densho (densho.org)",Text,application/pdf,jpn,mg387_1_7-1943-03-03,"In copyright, educational use permitted. Educational use includes non-commercial reproduction of text and images in materials for teaching and research purposes. For other contexts beyond fair use, including digital reproduction, please contact the University of Idaho Library Special Collections and Archives Department at libspec@uidaho.edu. The University of Idaho Library is not liable for any violations of the law by users.",http://rightsstatements.org/vocab/InC-EDU/1.0/,letter,mg387_1_7-1943-03-03.pdf,/objects/1943-03-03.md,https://objects.lib.uidaho.edu/sakaino/small/mg387_1_7-1943-03-03_sm.jpg,https://objects.lib.uidaho.edu/sakaino/thumbs/mg387_1_7-1943-03-03_th.jpg,https://objects.lib.uidaho.edu/sakaino/mg387_1_7-1943-03-03.pdf,
sakaino467,sakaino466,"March 3, 1943 entry, page 1",,,,,,,,,"Transcribed and translated by Naoko Tanabe, 2024-2025, of Densho (densho.org)",Text,image/jpeg,jpn,mg387_1_7-256,"In copyright, educational use permitted. Educational use includes non-commercial reproduction of text and images in materials for teaching and research purposes. For other contexts beyond fair use, including digital reproduction, please contact the University of Idaho Library Special Collections and Archives Department at libspec@uidaho.edu. The University of Idaho Library is not liable for any violations of the law by users.",http://rightsstatements.org/vocab/InC-EDU/1.0/,image,mg387_1_7-256.jpg,/objects/mg387_1_7-256c.md,https://objects.lib.uidaho.edu/sakaino/small/mg387_1_7-256_sm.jpg,https://objects.lib.uidaho.edu/sakaino/thumbs/mg387_1_7-256_th.jpg,https://objects.lib.uidaho.edu/sakaino/mg387_1_7-256.jpg,Lined notebook paper with handwritten Japanese text in ink
sakaino468,sakaino466,"March 3, 1943 entry, page 2",,,,,,,,,"Transcribed and translated by Naoko Tanabe, 2024-2025, of Densho (densho.org)",Text,image/jpeg,jpn,mg387_1_7-257,"In copyright, educational use permitted. Educational use includes non-commercial reproduction of text and images in materials for teaching and research purposes. For other contexts beyond fair use, including digital reproduction, please contact the University of Idaho Library Special Collections and Archives Department at libspec@uidaho.edu. The University of Idaho Library is not liable for any violations of the law by users.",http://rightsstatements.org/vocab/InC-EDU/1.0/,image,mg387_1_7-257.jpg,/objects/mg387_1_7-257a.md,https://objects.lib.uidaho.edu/sakaino/small/mg387_1_7-257_sm.jpg,https://objects.lib.uidaho.edu/sakaino/thumbs/mg387_1_7-257_th.jpg,https://objects.lib.uidaho.edu/sakaino/mg387_1_7-257.jpg,Lined notebook paper with handwritten Japanese text in ink
sakaino469,,"March 4, 1943 entry","Sakaino, Bunro","Camp Livingston, LA",31.442945,-92.375467,1943-03-04,"March 4, 1943, diary entry written by Bunro Sakaino while he was incarcerated at Camp Livingston, near Pineville, Louisiana.",concentration camps; diaries,"MG 387, George Shihei Shitamae papers, Special Collections and Archives, University of Idaho Library","Transcribed and translated by Naoko Tanabe, 2024-2025, of Densho (densho.org)",Text,application/pdf,jpn,mg387_1_7-1943-03-04,"In copyright, educational use permitted. Educational use includes non-commercial reproduction of text and images in materials for teaching and research purposes. For other contexts beyond fair use, including digital reproduction, please contact the University of Idaho Library Special Collections and Archives Department at libspec@uidaho.edu. The University of Idaho Library is not liable for any violations of the law by users.",http://rightsstatements.org/vocab/InC-EDU/1.0/,letter,mg387_1_7-1943-03-04.pdf,/objects/1943-03-04.md,https://objects.lib.uidaho.edu/sakaino/small/mg387_1_7-1943-03-04_sm.jpg,https://objects.lib.uidaho.edu/sakaino/thumbs/mg387_1_7-1943-03-04_th.jpg,https://objects.lib.uidaho.edu/sakaino/mg387_1_7-1943-03-04.pdf,
sakaino470,sakaino469,"March 4, 1943 entry, page 1",,,,,,,,,"Transcribed and translated by Naoko Tanabe, 2024-2025, of Densho (densho.org)",Text,image/jpeg,jpn,mg387_1_7-257,"In copyright, educational use permitted. Educational use includes non-commercial reproduction of text and images in materials for teaching and research purposes. For other contexts beyond fair use, including digital reproduction, please contact the University of Idaho Library Special Collections and Archives Department at libspec@uidaho.edu. The University of Idaho Library is not liable for any violations of the law by users.",http://rightsstatements.org/vocab/InC-EDU/1.0/,image,mg387_1_7-257.jpg,/objects/mg387_1_7-257b.md,https://objects.lib.uidaho.edu/sakaino/small/mg387_1_7-257_sm.jpg,https://objects.lib.uidaho.edu/sakaino/thumbs/mg387_1_7-257_th.jpg,https://objects.lib.uidaho.edu/sakaino/mg387_1_7-257.jpg,Lined notebook paper with handwritten Japanese text in ink
sakaino471,sakaino469,"March 4, 1943 entry, page 2",,,,,,,,,"Transcribed and translated by Naoko Tanabe, 2024-2025, of Densho (densho.org)",Text,image/jpeg,jpn,mg387_1_7-258,"In copyright, educational use permitted. Educational use includes non-commercial reproduction of text and images in materials for teaching and research purposes. For other contexts beyond fair use, including digital reproduction, please contact the University of Idaho Library Special Collections and Archives Department at libspec@uidaho.edu. The University of Idaho Library is not liable for any violations of the law by users.",http://rightsstatements.org/vocab/InC-EDU/1.0/,image,mg387_1_7-258.jpg,/objects/mg387_1_7-258a.md,https://objects.lib.uidaho.edu/sakaino/small/mg387_1_7-258_sm.jpg,https://objects.lib.uidaho.edu/sakaino/thumbs/mg387_1_7-258_th.jpg,https://objects.lib.uidaho.edu/sakaino/mg387_1_7-258.jpg,Lined notebook paper with handwritten Japanese text in ink
sakaino472,,"March 5, 1943 entry","Sakaino, Bunro","Camp Livingston, LA",31.442945,-92.375467,1943-03-05,"March 5, 1943, diary entry written by Bunro Sakaino while he was incarcerated at Camp Livingston, near Pineville, Louisiana.",concentration camps; diaries,"MG 387, George Shihei Shitamae papers, Special Collections and Archives, University of Idaho Library","Transcribed and translated by Naoko Tanabe, 2024-2025, of Densho (densho.org)",Text,application/pdf,jpn,mg387_1_7-1943-03-05,"In copyright, educational use permitted. Educational use includes non-commercial reproduction of text and images in materials for teaching and research purposes. For other contexts beyond fair use, including digital reproduction, please contact the University of Idaho Library Special Collections and Archives Department at libspec@uidaho.edu. The University of Idaho Library is not liable for any violations of the law by users.",http://rightsstatements.org/vocab/InC-EDU/1.0/,letter,mg387_1_7-1943-03-05.pdf,/objects/1943-03-05.md,https://objects.lib.uidaho.edu/sakaino/small/mg387_1_7-1943-03-05_sm.jpg,https://objects.lib.uidaho.edu/sakaino/thumbs/mg387_1_7-1943-03-05_th.jpg,https://objects.lib.uidaho.edu/sakaino/mg387_1_7-1943-03-05.pdf,
sakaino473,sakaino472,"March 5, 1943 entry, page 1",,,,,,,,,"Transcribed and translated by Naoko Tanabe, 2024-2025, of Densho (densho.org)",Text,image/jpeg,jpn,mg387_1_7-258,"In copyright, educational use permitted. Educational use includes non-commercial reproduction of text and images in materials for teaching and research purposes. For other contexts beyond fair use, including digital reproduction, please contact the University of Idaho Library Special Collections and Archives Department at libspec@uidaho.edu. The University of Idaho Library is not liable for any violations of the law by users.",http://rightsstatements.org/vocab/InC-EDU/1.0/,image,mg387_1_7-258.jpg,/objects/mg387_1_7-258b.md,https://objects.lib.uidaho.edu/sakaino/small/mg387_1_7-258_sm.jpg,https://objects.lib.uidaho.edu/sakaino/thumbs/mg387_1_7-258_th.jpg,https://objects.lib.uidaho.edu/sakaino/mg387_1_7-258.jpg,Lined notebook paper with handwritten Japanese text in ink
sakaino474,sakaino472,"March 5, 1943 entry, page 2",,,,,,,,,"Transcribed and translated by Naoko Tanabe, 2024-2025, of Densho (densho.org)",Text,image/jpeg,jpn,mg387_1_7-259,"In copyright, educational use permitted. Educational use includes non-commercial reproduction of text and images in materials for teaching and research purposes. For other contexts beyond fair use, including digital reproduction, please contact the University of Idaho Library Special Collections and Archives Department at libspec@uidaho.edu. The University of Idaho Library is not liable for any violations of the law by users.",http://rightsstatements.org/vocab/InC-EDU/1.0/,image,mg387_1_7-259.jpg,/objects/mg387_1_7-259a.md,https://objects.lib.uidaho.edu/sakaino/small/mg387_1_7-259_sm.jpg,https://objects.lib.uidaho.edu/sakaino/thumbs/mg387_1_7-259_th.jpg,https://objects.lib.uidaho.edu/sakaino/mg387_1_7-259.jpg,Lined notebook paper with handwritten Japanese text in ink
sakaino475,,"March 7, 1943 entry","Sakaino, Bunro","Camp Livingston, LA",31.442945,-92.375467,1943-03-07,"March 7, 1943, diary entry written by Bunro Sakaino while he was incarcerated at Camp Livingston, near Pineville, Louisiana.",concentration camps; diaries,"MG 387, George Shihei Shitamae papers, Special Collections and Archives, University of Idaho Library","Transcribed and translated by Naoko Tanabe, 2024-2025, of Densho (densho.org)",Text,application/pdf,jpn,mg387_1_7-1943-03-07,"In copyright, educational use permitted. Educational use includes non-commercial reproduction of text and images in materials for teaching and research purposes. For other contexts beyond fair use, including digital reproduction, please contact the University of Idaho Library Special Collections and Archives Department at libspec@uidaho.edu. The University of Idaho Library is not liable for any violations of the law by users.",http://rightsstatements.org/vocab/InC-EDU/1.0/,letter,mg387_1_7-1943-03-07.pdf,/objects/1943-03-07.md,https://objects.lib.uidaho.edu/sakaino/small/mg387_1_7-1943-03-07_sm.jpg,https://objects.lib.uidaho.edu/sakaino/thumbs/mg387_1_7-1943-03-07_th.jpg,https://objects.lib.uidaho.edu/sakaino/mg387_1_7-1943-03-07.pdf,
sakaino476,sakaino475,"March 7, 1943 entry, page 1",,,,,,,,,"Transcribed and translated by Naoko Tanabe, 2024-2025, of Densho (densho.org)",Text,image/jpeg,jpn,mg387_1_7-259,"In copyright, educational use permitted. Educational use includes non-commercial reproduction of text and images in materials for teaching and research purposes. For other contexts beyond fair use, including digital reproduction, please contact the University of Idaho Library Special Collections and Archives Department at libspec@uidaho.edu. The University of Idaho Library is not liable for any violations of the law by users.",http://rightsstatements.org/vocab/InC-EDU/1.0/,image,mg387_1_7-259.jpg,/objects/mg387_1_7-259b.md,https://objects.lib.uidaho.edu/sakaino/small/mg387_1_7-259_sm.jpg,https://objects.lib.uidaho.edu/sakaino/thumbs/mg387_1_7-259_th.jpg,https://objects.lib.uidaho.edu/sakaino/mg387_1_7-259.jpg,Lined notebook paper with handwritten Japanese text in ink
sakaino477,sakaino475,"March 7, 1943 entry, page 2",,,,,,,,,"Transcribed and translated by Naoko Tanabe, 2024-2025, of Densho (densho.org)",Text,image/jpeg,jpn,mg387_1_7-260,"In copyright, educational use permitted. Educational use includes non-commercial reproduction of text and images in materials for teaching and research purposes. For other contexts beyond fair use, including digital reproduction, please contact the University of Idaho Library Special Collections and Archives Department at libspec@uidaho.edu. The University of Idaho Library is not liable for any violations of the law by users.",http://rightsstatements.org/vocab/InC-EDU/1.0/,image,mg387_1_7-260.jpg,/objects/mg387_1_7-260a.md,https://objects.lib.uidaho.edu/sakaino/small/mg387_1_7-260_sm.jpg,https://objects.lib.uidaho.edu/sakaino/thumbs/mg387_1_7-260_th.jpg,https://objects.lib.uidaho.edu/sakaino/mg387_1_7-260.jpg,Lined notebook paper with handwritten Japanese text in ink
sakaino478,,"March 10, 1943 entry","Sakaino, Bunro","Camp Livingston, LA",31.442945,-92.375467,1943-03-10,"March 10, 1943, diary entry written by Bunro Sakaino while he was incarcerated at Camp Livingston, near Pineville, Louisiana.",concentration camps; diaries,"MG 387, George Shihei Shitamae papers, Special Collections and Archives, University of Idaho Library","Transcribed and translated by Naoko Tanabe, 2024-2025, of Densho (densho.org)",Text,application/pdf,jpn,mg387_1_7-1943-03-10,"In copyright, educational use permitted. Educational use includes non-commercial reproduction of text and images in materials for teaching and research purposes. For other contexts beyond fair use, including digital reproduction, please contact the University of Idaho Library Special Collections and Archives Department at libspec@uidaho.edu. The University of Idaho Library is not liable for any violations of the law by users.",http://rightsstatements.org/vocab/InC-EDU/1.0/,letter,mg387_1_7-1943-03-10.pdf,/objects/1943-03-10.md,https://objects.lib.uidaho.edu/sakaino/small/mg387_1_7-1943-03-10_sm.jpg,https://objects.lib.uidaho.edu/sakaino/thumbs/mg387_1_7-1943-03-10_th.jpg,https://objects.lib.uidaho.edu/sakaino/mg387_1_7-1943-03-10.pdf,
sakaino479,sakaino478,"March 10, 1943 entry, page 1",,,,,,,,,"Transcribed and translated by Naoko Tanabe, 2024-2025, of Densho (densho.org)",Text,image/jpeg,jpn,mg387_1_7-260,"In copyright, educational use permitted. Educational use includes non-commercial reproduction of text and images in materials for teaching and research purposes. For other contexts beyond fair use, including digital reproduction, please contact the University of Idaho Library Special Collections and Archives Department at libspec@uidaho.edu. The University of Idaho Library is not liable for any violations of the law by users.",http://rightsstatements.org/vocab/InC-EDU/1.0/,image,mg387_1_7-260.jpg,/objects/mg387_1_7-260b.md,https://objects.lib.uidaho.edu/sakaino/small/mg387_1_7-260_sm.jpg,https://objects.lib.uidaho.edu/sakaino/thumbs/mg387_1_7-260_th.jpg,https://objects.lib.uidaho.edu/sakaino/mg387_1_7-260.jpg,Lined notebook paper with handwritten Japanese text in ink
sakaino480,,"March 12, 1943 entry","Sakaino, Bunro","Camp Livingston, LA",31.442945,-92.375467,1943-03-12,"March 12, 1943, diary entry written by Bunro Sakaino while he was incarcerated at Camp Livingston, near Pineville, Louisiana.",concentration camps; diaries,"MG 387, George Shihei Shitamae papers, Special Collections and Archives, University of Idaho Library","Transcribed and translated by Naoko Tanabe, 2024-2025, of Densho (densho.org)",Text,application/pdf,jpn,mg387_1_7-1943-03-12,"In copyright, educational use permitted. Educational use includes non-commercial reproduction of text and images in materials for teaching and research purposes. For other contexts beyond fair use, including digital reproduction, please contact the University of Idaho Library Special Collections and Archives Department at libspec@uidaho.edu. The University of Idaho Library is not liable for any violations of the law by users.",http://rightsstatements.org/vocab/InC-EDU/1.0/,letter,mg387_1_7-1943-03-12.pdf,/objects/1943-03-12.md,https://objects.lib.uidaho.edu/sakaino/small/mg387_1_7-1943-03-12_sm.jpg,https://objects.lib.uidaho.edu/sakaino/thumbs/mg387_1_7-1943-03-12_th.jpg,https://objects.lib.uidaho.edu/sakaino/mg387_1_7-1943-03-12.pdf,
sakaino481,sakaino480,"March 12, 1943 entry, page 1",,,,,,,,,"Transcribed and translated by Naoko Tanabe, 2024-2025, of Densho (densho.org)",Text,image/jpeg,jpn,mg387_1_7-260,"In copyright, educational use permitted. Educational use includes non-commercial reproduction of text and images in materials for teaching and research purposes. For other contexts beyond fair use, including digital reproduction, please contact the University of Idaho Library Special Collections and Archives Department at libspec@uidaho.edu. The University of Idaho Library is not liable for any violations of the law by users.",http://rightsstatements.org/vocab/InC-EDU/1.0/,image,mg387_1_7-260.jpg,/objects/mg387_1_7-260c.md,https://objects.lib.uidaho.edu/sakaino/small/mg387_1_7-260_sm.jpg,https://objects.lib.uidaho.edu/sakaino/thumbs/mg387_1_7-260_th.jpg,https://objects.lib.uidaho.edu/sakaino/mg387_1_7-260.jpg,Lined notebook paper with handwritten Japanese text in ink
sakaino482,sakaino480,"March 12, 1943 entry, page 2",,,,,,,,,"Transcribed and translated by Naoko Tanabe, 2024-2025, of Densho (densho.org)",Text,image/jpeg,jpn,mg387_1_7-261,"In copyright, educational use permitted. Educational use includes non-commercial reproduction of text and images in materials for teaching and research purposes. For other contexts beyond fair use, including digital reproduction, please contact the University of Idaho Library Special Collections and Archives Department at libspec@uidaho.edu. The University of Idaho Library is not liable for any violations of the law by users.",http://rightsstatements.org/vocab/InC-EDU/1.0/,image,mg387_1_7-261.jpg,/objects/mg387_1_7-261.md,https://objects.lib.uidaho.edu/sakaino/small/mg387_1_7-261_sm.jpg,https://objects.lib.uidaho.edu/sakaino/thumbs/mg387_1_7-261_th.jpg,https://objects.lib.uidaho.edu/sakaino/mg387_1_7-261.jpg,Lined notebook paper with handwritten Japanese text in ink
sakaino483,sakaino480,"March 12, 1943 entry, page 3",,,,,,,,,"Transcribed and translated by Naoko Tanabe, 2024-2025, of Densho (densho.org)",Text,image/jpeg,jpn,mg387_1_7-262,"In copyright, educational use permitted. Educational use includes non-commercial reproduction of text and images in materials for teaching and research purposes. For other contexts beyond fair use, including digital reproduction, please contact the University of Idaho Library Special Collections and Archives Department at libspec@uidaho.edu. The University of Idaho Library is not liable for any violations of the law by users.",http://rightsstatements.org/vocab/InC-EDU/1.0/,image,mg387_1_7-262.jpg,/objects/mg387_1_7-262a.md,https://objects.lib.uidaho.edu/sakaino/small/mg387_1_7-262_sm.jpg,https://objects.lib.uidaho.edu/sakaino/thumbs/mg387_1_7-262_th.jpg,https://objects.lib.uidaho.edu/sakaino/mg387_1_7-262.jpg,Lined notebook paper with handwritten Japanese text in ink
sakaino484,,"March 13, 1943 entry","Sakaino, Bunro","Camp Livingston, LA",31.442945,-92.375467,1943-03-13,"March 13, 1943, diary entry written by Bunro Sakaino while he was incarcerated at Camp Livingston, near Pineville, Louisiana.",concentration camps; diaries,"MG 387, George Shihei Shitamae papers, Special Collections and Archives, University of Idaho Library","Transcribed and translated by Naoko Tanabe, 2024-2025, of Densho (densho.org)",Text,application/pdf,jpn,mg387_1_7-1943-03-13,"In copyright, educational use permitted. Educational use includes non-commercial reproduction of text and images in materials for teaching and research purposes. For other contexts beyond fair use, including digital reproduction, please contact the University of Idaho Library Special Collections and Archives Department at libspec@uidaho.edu. The University of Idaho Library is not liable for any violations of the law by users.",http://rightsstatements.org/vocab/InC-EDU/1.0/,letter,mg387_1_7-1943-03-13.pdf,/objects/1943-03-13.md,https://objects.lib.uidaho.edu/sakaino/small/mg387_1_7-1943-03-13_sm.jpg,https://objects.lib.uidaho.edu/sakaino/thumbs/mg387_1_7-1943-03-13_th.jpg,https://objects.lib.uidaho.edu/sakaino/mg387_1_7-1943-03-13.pdf,
sakaino485,sakaino484,"March 13, 1943 entry, page 1",,,,,,,,,"Transcribed and translated by Naoko Tanabe, 2024-2025, of Densho (densho.org)",Text,image/jpeg,jpn,mg387_1_7-262,"In copyright, educational use permitted. Educational use includes non-commercial reproduction of text and images in materials for teaching and research purposes. For other contexts beyond fair use, including digital reproduction, please contact the University of Idaho Library Special Collections and Archives Department at libspec@uidaho.edu. The University of Idaho Library is not liable for any violations of the law by users.",http://rightsstatements.org/vocab/InC-EDU/1.0/,image,mg387_1_7-262.jpg,/objects/mg387_1_7-262b.md,https://objects.lib.uidaho.edu/sakaino/small/mg387_1_7-262_sm.jpg,https://objects.lib.uidaho.edu/sakaino/thumbs/mg387_1_7-262_th.jpg,https://objects.lib.uidaho.edu/sakaino/mg387_1_7-262.jpg,Lined notebook paper with handwritten Japanese text in ink
sakaino486,sakaino484,"March 13, 1943 entry, page 2",,,,,,,,,"Transcribed and translated by Naoko Tanabe, 2024-2025, of Densho (densho.org)",Text,image/jpeg,jpn,mg387_1_7-263,"In copyright, educational use permitted. Educational use includes non-commercial reproduction of text and images in materials for teaching and research purposes. For other contexts beyond fair use, including digital reproduction, please contact the University of Idaho Library Special Collections and Archives Department at libspec@uidaho.edu. The University of Idaho Library is not liable for any violations of the law by users.",http://rightsstatements.org/vocab/InC-EDU/1.0/,image,mg387_1_7-263.jpg,/objects/mg387_1_7-263a.md,https://objects.lib.uidaho.edu/sakaino/small/mg387_1_7-263_sm.jpg,https://objects.lib.uidaho.edu/sakaino/thumbs/mg387_1_7-263_th.jpg,https://objects.lib.uidaho.edu/sakaino/mg387_1_7-263.jpg,Lined notebook paper with handwritten Japanese text in ink
sakaino487,,"March 14, 1943 entry","Sakaino, Bunro","Camp Livingston, LA",31.442945,-92.375467,1943-03-14,"March 14, 1943, diary entry written by Bunro Sakaino while he was incarcerated at Camp Livingston, near Pineville, Louisiana.",concentration camps; diaries,"MG 387, George Shihei Shitamae papers, Special Collections and Archives, University of Idaho Library","Transcribed and translated by Naoko Tanabe, 2024-2025, of Densho (densho.org)",Text,application/pdf,jpn,mg387_1_7-1943-03-14,"In copyright, educational use permitted. Educational use includes non-commercial reproduction of text and images in materials for teaching and research purposes. For other contexts beyond fair use, including digital reproduction, please contact the University of Idaho Library Special Collections and Archives Department at libspec@uidaho.edu. The University of Idaho Library is not liable for any violations of the law by users.",http://rightsstatements.org/vocab/InC-EDU/1.0/,letter,mg387_1_7-1943-03-14.pdf,/objects/1943-03-14.md,https://objects.lib.uidaho.edu/sakaino/small/mg387_1_7-1943-03-14_sm.jpg,https://objects.lib.uidaho.edu/sakaino/thumbs/mg387_1_7-1943-03-14_th.jpg,https://objects.lib.uidaho.edu/sakaino/mg387_1_7-1943-03-14.pdf,
sakaino488,sakaino487,"March 14, 1943 entry, page 1",,,,,,,,,"Transcribed and translated by Naoko Tanabe, 2024-2025, of Densho (densho.org)",Text,image/jpeg,jpn,mg387_1_7-263,"In copyright, educational use permitted. Educational use includes non-commercial reproduction of text and images in materials for teaching and research purposes. For other contexts beyond fair use, including digital reproduction, please contact the University of Idaho Library Special Collections and Archives Department at libspec@uidaho.edu. The University of Idaho Library is not liable for any violations of the law by users.",http://rightsstatements.org/vocab/InC-EDU/1.0/,image,mg387_1_7-263.jpg,/objects/mg387_1_7-263b.md,https://objects.lib.uidaho.edu/sakaino/small/mg387_1_7-263_sm.jpg,https://objects.lib.uidaho.edu/sakaino/thumbs/mg387_1_7-263_th.jpg,https://objects.lib.uidaho.edu/sakaino/mg387_1_7-263.jpg,Lined notebook paper with handwritten Japanese text in ink
sakaino489,,"March 15, 1943 entry","Sakaino, Bunro","Camp Livingston, LA",31.442945,-92.375467,1943-03-15,"March 15, 1943, diary entry written by Bunro Sakaino while he was incarcerated at Camp Livingston, near Pineville, Louisiana.",concentration camps; diaries,"MG 387, George Shihei Shitamae papers, Special Collections and Archives, University of Idaho Library","Transcribed and translated by Naoko Tanabe, 2024-2025, of Densho (densho.org)",Text,application/pdf,jpn,mg387_1_7-1943-03-15,"In copyright, educational use permitted. Educational use includes non-commercial reproduction of text and images in materials for teaching and research purposes. For other contexts beyond fair use, including digital reproduction, please contact the University of Idaho Library Special Collections and Archives Department at libspec@uidaho.edu. The University of Idaho Library is not liable for any violations of the law by users.",http://rightsstatements.org/vocab/InC-EDU/1.0/,letter,mg387_1_7-1943-03-15.pdf,/objects/1943-03-15.md,https://objects.lib.uidaho.edu/sakaino/small/mg387_1_7-1943-03-15_sm.jpg,https://objects.lib.uidaho.edu/sakaino/thumbs/mg387_1_7-1943-03-15_th.jpg,https://objects.lib.uidaho.edu/sakaino/mg387_1_7-1943-03-15.pdf,
sakaino490,sakaino489,"March 15, 1943 entry, page 1",,,,,,,,,"Transcribed and translated by Naoko Tanabe, 2024-2025, of Densho (densho.org)",Text,image/jpeg,jpn,mg387_1_7-263,"In copyright, educational use permitted. Educational use includes non-commercial reproduction of text and images in materials for teaching and research purposes. For other contexts beyond fair use, including digital reproduction, please contact the University of Idaho Library Special Collections and Archives Department at libspec@uidaho.edu. The University of Idaho Library is not liable for any violations of the law by users.",http://rightsstatements.org/vocab/InC-EDU/1.0/,image,mg387_1_7-263.jpg,/objects/mg387_1_7-263c.md,https://objects.lib.uidaho.edu/sakaino/small/mg387_1_7-263_sm.jpg,https://objects.lib.uidaho.edu/sakaino/thumbs/mg387_1_7-263_th.jpg,https://objects.lib.uidaho.edu/sakaino/mg387_1_7-263.jpg,Lined notebook paper with handwritten Japanese text in ink
sakaino491,,"March 19, 1943 entry","Sakaino, Bunro","Camp Livingston, LA",31.442945,-92.375467,1943-03-19,"March 19, 1943, diary entry written by Bunro Sakaino while he was incarcerated at Camp Livingston, near Pineville, Louisiana.",concentration camps; diaries,"MG 387, George Shihei Shitamae papers, Special Collections and Archives, University of Idaho Library","Transcribed and translated by Naoko Tanabe, 2024-2025, of Densho (densho.org)",Text,application/pdf,jpn,mg387_1_7-1943-03-19,"In copyright, educational use permitted. Educational use includes non-commercial reproduction of text and images in materials for teaching and research purposes. For other contexts beyond fair use, including digital reproduction, please contact the University of Idaho Library Special Collections and Archives Department at libspec@uidaho.edu. The University of Idaho Library is not liable for any violations of the law by users.",http://rightsstatements.org/vocab/InC-EDU/1.0/,letter,mg387_1_7-1943-03-19.pdf,/objects/1943-03-19.md,https://objects.lib.uidaho.edu/sakaino/small/mg387_1_7-1943-03-19_sm.jpg,https://objects.lib.uidaho.edu/sakaino/thumbs/mg387_1_7-1943-03-19_th.jpg,https://objects.lib.uidaho.edu/sakaino/mg387_1_7-1943-03-19.pdf,
sakaino492,sakaino491,"March 19, 1943 entry, page 1",,,,,,,,,"Transcribed and translated by Naoko Tanabe, 2024-2025, of Densho (densho.org)",Text,image/jpeg,jpn,mg387_1_7-263,"In copyright, educational use permitted. Educational use includes non-commercial reproduction of text and images in materials for teaching and research purposes. For other contexts beyond fair use, including digital reproduction, please contact the University of Idaho Library Special Collections and Archives Department at libspec@uidaho.edu. The University of Idaho Library is not liable for any violations of the law by users.",http://rightsstatements.org/vocab/InC-EDU/1.0/,image,mg387_1_7-263.jpg,/objects/mg387_1_7-263d.md,https://objects.lib.uidaho.edu/sakaino/small/mg387_1_7-263_sm.jpg,https://objects.lib.uidaho.edu/sakaino/thumbs/mg387_1_7-263_th.jpg,https://objects.lib.uidaho.edu/sakaino/mg387_1_7-263.jpg,Lined notebook paper with handwritten Japanese text in ink
sakaino493,,"March 20, 1943 entry","Sakaino, Bunro","Camp Livingston, LA",31.442945,-92.375467,1943-03-20,"March 20, 1943, diary entry written by Bunro Sakaino while he was incarcerated at Camp Livingston, near Pineville, Louisiana.",concentration camps; diaries,"MG 387, George Shihei Shitamae papers, Special Collections and Archives, University of Idaho Library","Transcribed and translated by Naoko Tanabe, 2024-2025, of Densho (densho.org)",Text,application/pdf,jpn,mg387_1_7-1943-03-20,"In copyright, educational use permitted. Educational use includes non-commercial reproduction of text and images in materials for teaching and research purposes. For other contexts beyond fair use, including digital reproduction, please contact the University of Idaho Library Special Collections and Archives Department at libspec@uidaho.edu. The University of Idaho Library is not liable for any violations of the law by users.",http://rightsstatements.org/vocab/InC-EDU/1.0/,letter,mg387_1_7-1943-03-20.pdf,/objects/1943-03-20.md,https://objects.lib.uidaho.edu/sakaino/small/mg387_1_7-1943-03-20_sm.jpg,https://objects.lib.uidaho.edu/sakaino/thumbs/mg387_1_7-1943-03-20_th.jpg,https://objects.lib.uidaho.edu/sakaino/mg387_1_7-1943-03-20.pdf,
sakaino494,sakaino493,"March 20, 1943 entry, page 1",,,,,,,,,"Transcribed and translated by Naoko Tanabe, 2024-2025, of Densho (densho.org)",Text,image/jpeg,jpn,mg387_1_7-264,"In copyright, educational use permitted. Educational use includes non-commercial reproduction of text and images in materials for teaching and research purposes. For other contexts beyond fair use, including digital reproduction, please contact the University of Idaho Library Special Collections and Archives Department at libspec@uidaho.edu. The University of Idaho Library is not liable for any violations of the law by users.",http://rightsstatements.org/vocab/InC-EDU/1.0/,image,mg387_1_7-264.jpg,/objects/mg387_1_7-264a.md,https://objects.lib.uidaho.edu/sakaino/small/mg387_1_7-264_sm.jpg,https://objects.lib.uidaho.edu/sakaino/thumbs/mg387_1_7-264_th.jpg,https://objects.lib.uidaho.edu/sakaino/mg387_1_7-264.jpg,Lined notebook paper with handwritten Japanese text in ink
sakaino495,,"March 24, 1943 entry","Sakaino, Bunro","Camp Livingston, LA",31.442945,-92.375467,1943-03-24,"March 24, 1943, diary entry written by Bunro Sakaino while he was incarcerated at Camp Livingston, near Pineville, Louisiana.",concentration camps; diaries,"MG 387, George Shihei Shitamae papers, Special Collections and Archives, University of Idaho Library","Transcribed and translated by Naoko Tanabe, 2024-2025, of Densho (densho.org)",Text,application/pdf,jpn,mg387_1_7-1943-03-24,"In copyright, educational use permitted. Educational use includes non-commercial reproduction of text and images in materials for teaching and research purposes. For other contexts beyond fair use, including digital reproduction, please contact the University of Idaho Library Special Collections and Archives Department at libspec@uidaho.edu. The University of Idaho Library is not liable for any violations of the law by users.",http://rightsstatements.org/vocab/InC-EDU/1.0/,letter,mg387_1_7-1943-03-24.pdf,/objects/1943-03-24.md,https://objects.lib.uidaho.edu/sakaino/small/mg387_1_7-1943-03-24_sm.jpg,https://objects.lib.uidaho.edu/sakaino/thumbs/mg387_1_7-1943-03-24_th.jpg,https://objects.lib.uidaho.edu/sakaino/mg387_1_7-1943-03-24.pdf,
sakaino496,sakaino495,"March 24, 1943 entry, page 1",,,,,,,,,"Transcribed and translated by Naoko Tanabe, 2024-2025, of Densho (densho.org)",Text,image/jpeg,jpn,mg387_1_7-264,"In copyright, educational use permitted. Educational use includes non-commercial reproduction of text and images in materials for teaching and research purposes. For other contexts beyond fair use, including digital reproduction, please contact the University of Idaho Library Special Collections and Archives Department at libspec@uidaho.edu. The University of Idaho Library is not liable for any violations of the law by users.",http://rightsstatements.org/vocab/InC-EDU/1.0/,image,mg387_1_7-264.jpg,/objects/mg387_1_7-264b.md,https://objects.lib.uidaho.edu/sakaino/small/mg387_1_7-264_sm.jpg,https://objects.lib.uidaho.edu/sakaino/thumbs/mg387_1_7-264_th.jpg,https://objects.lib.uidaho.edu/sakaino/mg387_1_7-264.jpg,Lined notebook paper with handwritten Japanese text in ink
sakaino497,sakaino495,"March 24, 1943 entry, page 2",,,,,,,,,"Transcribed and translated by Naoko Tanabe, 2024-2025, of Densho (densho.org)",Text,image/jpeg,jpn,mg387_1_7-265,"In copyright, educational use permitted. Educational use includes non-commercial reproduction of text and images in materials for teaching and research purposes. For other contexts beyond fair use, including digital reproduction, please contact the University of Idaho Library Special Collections and Archives Department at libspec@uidaho.edu. The University of Idaho Library is not liable for any violations of the law by users.",http://rightsstatements.org/vocab/InC-EDU/1.0/,image,mg387_1_7-265.jpg,/objects/mg387_1_7-265a.md,https://objects.lib.uidaho.edu/sakaino/small/mg387_1_7-265_sm.jpg,https://objects.lib.uidaho.edu/sakaino/thumbs/mg387_1_7-265_th.jpg,https://objects.lib.uidaho.edu/sakaino/mg387_1_7-265.jpg,Lined notebook paper with handwritten Japanese text in ink
sakaino498,,"March 26, 1943 entry","Sakaino, Bunro","Camp Livingston, LA",31.442945,-92.375467,1943-03-26,"March 26, 1943, diary entry written by Bunro Sakaino while he was incarcerated at Camp Livingston, near Pineville, Louisiana.",concentration camps; diaries,"MG 387, George Shihei Shitamae papers, Special Collections and Archives, University of Idaho Library","Transcribed and translated by Naoko Tanabe, 2024-2025, of Densho (densho.org)",Text,application/pdf,jpn,mg387_1_7-1943-03-26,"In copyright, educational use permitted. Educational use includes non-commercial reproduction of text and images in materials for teaching and research purposes. For other contexts beyond fair use, including digital reproduction, please contact the University of Idaho Library Special Collections and Archives Department at libspec@uidaho.edu. The University of Idaho Library is not liable for any violations of the law by users.",http://rightsstatements.org/vocab/InC-EDU/1.0/,letter,mg387_1_7-1943-03-26.pdf,/objects/1943-03-26.md,https://objects.lib.uidaho.edu/sakaino/small/mg387_1_7-1943-03-26_sm.jpg,https://objects.lib.uidaho.edu/sakaino/thumbs/mg387_1_7-1943-03-26_th.jpg,https://objects.lib.uidaho.edu/sakaino/mg387_1_7-1943-03-26.pdf,
sakaino499,sakaino498,"March 26, 1943 entry, page 1",,,,,,,,,"Transcribed and translated by Naoko Tanabe, 2024-2025, of Densho (densho.org)",Text,image/jpeg,jpn,mg387_1_7-265,"In copyright, educational use permitted. Educational use includes non-commercial reproduction of text and images in materials for teaching and research purposes. For other contexts beyond fair use, including digital reproduction, please contact the University of Idaho Library Special Collections and Archives Department at libspec@uidaho.edu. The University of Idaho Library is not liable for any violations of the law by users.",http://rightsstatements.org/vocab/InC-EDU/1.0/,image,mg387_1_7-265.jpg,/objects/mg387_1_7-265b.md,https://objects.lib.uidaho.edu/sakaino/small/mg387_1_7-265_sm.jpg,https://objects.lib.uidaho.edu/sakaino/thumbs/mg387_1_7-265_th.jpg,https://objects.lib.uidaho.edu/sakaino/mg387_1_7-265.jpg,Lined notebook paper with handwritten Japanese text in ink
sakaino500,sakaino498,"March 26, 1943 entry, page 2",,,,,,,,,"Transcribed and translated by Naoko Tanabe, 2024-2025, of Densho (densho.org)",Text,image/jpeg,jpn,mg387_1_7-266,"In copyright, educational use permitted. Educational use includes non-commercial reproduction of text and images in materials for teaching and research purposes. For other contexts beyond fair use, including digital reproduction, please contact the University of Idaho Library Special Collections and Archives Department at libspec@uidaho.edu. The University of Idaho Library is not liable for any violations of the law by users.",http://rightsstatements.org/vocab/InC-EDU/1.0/,image,mg387_1_7-266.jpg,/objects/mg387_1_7-266a.md,https://objects.lib.uidaho.edu/sakaino/small/mg387_1_7-266_sm.jpg,https://objects.lib.uidaho.edu/sakaino/thumbs/mg387_1_7-266_th.jpg,https://objects.lib.uidaho.edu/sakaino/mg387_1_7-266.jpg,Lined notebook paper with handwritten Japanese text in ink
sakaino501,,"March 27, 1943 entry","Sakaino, Bunro","Camp Livingston, LA",31.442945,-92.375467,1943-03-27,"March 27, 1943, diary entry written by Bunro Sakaino while he was incarcerated at Camp Livingston, near Pineville, Louisiana.",concentration camps; diaries,"MG 387, George Shihei Shitamae papers, Special Collections and Archives, University of Idaho Library","Transcribed and translated by Naoko Tanabe, 2024-2025, of Densho (densho.org)",Text,application/pdf,jpn,mg387_1_7-1943-03-27,"In copyright, educational use permitted. Educational use includes non-commercial reproduction of text and images in materials for teaching and research purposes. For other contexts beyond fair use, including digital reproduction, please contact the University of Idaho Library Special Collections and Archives Department at libspec@uidaho.edu. The University of Idaho Library is not liable for any violations of the law by users.",http://rightsstatements.org/vocab/InC-EDU/1.0/,letter,mg387_1_7-1943-03-27.pdf,/objects/1943-03-27.md,https://objects.lib.uidaho.edu/sakaino/small/mg387_1_7-1943-03-27_sm.jpg,https://objects.lib.uidaho.edu/sakaino/thumbs/mg387_1_7-1943-03-27_th.jpg,https://objects.lib.uidaho.edu/sakaino/mg387_1_7-1943-03-27.pdf,
sakaino502,sakaino501,"March 27, 1943 entry, page 1",,,,,,,,,"Transcribed and translated by Naoko Tanabe, 2024-2025, of Densho (densho.org)",Text,image/jpeg,jpn,mg387_1_7-266,"In copyright, educational use permitted. Educational use includes non-commercial reproduction of text and images in materials for teaching and research purposes. For other contexts beyond fair use, including digital reproduction, please contact the University of Idaho Library Special Collections and Archives Department at libspec@uidaho.edu. The University of Idaho Library is not liable for any violations of the law by users.",http://rightsstatements.org/vocab/InC-EDU/1.0/,image,mg387_1_7-266.jpg,/objects/mg387_1_7-266b.md,https://objects.lib.uidaho.edu/sakaino/small/mg387_1_7-266_sm.jpg,https://objects.lib.uidaho.edu/sakaino/thumbs/mg387_1_7-266_th.jpg,https://objects.lib.uidaho.edu/sakaino/mg387_1_7-266.jpg,Lined notebook paper with handwritten Japanese text in ink
sakaino503,sakaino501,"March 27, 1943 entry, page 2",,,,,,,,,"Transcribed and translated by Naoko Tanabe, 2024-2025, of Densho (densho.org)",Text,image/jpeg,jpn,mg387_1_7-267,"In copyright, educational use permitted. Educational use includes non-commercial reproduction of text and images in materials for teaching and research purposes. For other contexts beyond fair use, including digital reproduction, please contact the University of Idaho Library Special Collections and Archives Department at libspec@uidaho.edu. The University of Idaho Library is not liable for any violations of the law by users.",http://rightsstatements.org/vocab/InC-EDU/1.0/,image,mg387_1_7-267.jpg,/objects/mg387_1_7-267.md,https://objects.lib.uidaho.edu/sakaino/small/mg387_1_7-267_sm.jpg,https://objects.lib.uidaho.edu/sakaino/thumbs/mg387_1_7-267_th.jpg,https://objects.lib.uidaho.edu/sakaino/mg387_1_7-267.jpg,Lined notebook paper with handwritten Japanese text in ink
sakaino504,,Pre-Evacuation Inventory,,"Portland, OR",45.524567,-122.673429,1942-03-27,"Newspaper clipping from Oregon Journal showing a woman inventorying chopsticks in the M. Furuya Importing company store in Portland, OR.",stores (businesses);  chopsticks,"MG 387, George Shihei Shitamae papers, Special Collections and Archives, University of Idaho Library","Transcribed and translated by Naoko Tanabe, 2024-2025, of Densho (densho.org)",Text,application/pdf,eng,mg387_1_7-268,"In copyright, educational use permitted. Educational use includes non-commercial reproduction of text and images in materials for teaching and research purposes. For other contexts beyond fair use, including digital reproduction, please contact the University of Idaho Library Special Collections and Archives Department at libspec@uidaho.edu. The University of Idaho Library is not liable for any violations of the law by users.",http://rightsstatements.org/vocab/InC-EDU/1.0/,pdf,mg387_1_7-268.pdf,,https://objects.lib.uidaho.edu/sakaino/small/mg387_1_7-268_sm.jpg,https://objects.lib.uidaho.edu/sakaino/thumbs/mg387_1_7-268_th.jpg,https://objects.lib.uidaho.edu/sakaino/mg387_1_7-268.pdf,
sakaino505,,Tokyo Sukiyaki,,"Portland, OR",45.525034,-122.674483,1942-03-27,"Newspaper clipping from Oregon Journal discussing changes to the sign for a Japanese restaurant in Portland, OR.",restaurants; advertising signs,"MG 387, George Shihei Shitamae papers, Special Collections and Archives, University of Idaho Library","Transcribed and translated by Naoko Tanabe, 2024-2025, of Densho (densho.org)",Text,application/pdf,eng,mg387_1_7-269,"In copyright, educational use permitted. Educational use includes non-commercial reproduction of text and images in materials for teaching and research purposes. For other contexts beyond fair use, including digital reproduction, please contact the University of Idaho Library Special Collections and Archives Department at libspec@uidaho.edu. The University of Idaho Library is not liable for any violations of the law by users.",http://rightsstatements.org/vocab/InC-EDU/1.0/,pdf,mg387_1_7-269.pdf,,https://objects.lib.uidaho.edu/sakaino/small/mg387_1_7-269_sm.jpg,https://objects.lib.uidaho.edu/sakaino/thumbs/mg387_1_7-269_th.jpg,https://objects.lib.uidaho.edu/sakaino/mg387_1_7-269.pdf,
sakaino506,,Lowered Blinds,,"Portland, OR",45.524702,-122.674466,1942-03-27,"Newspaper clipping from Oregon Journal discussing the closure of Coast Times, a Japanese weekly newspaper in Portland, OR. Stamped ""Detained Alien Enemy Mail EXAMINED by 25-3 U. S. I. & N. S.""",newspapers; offices (work spaces),"MG 387, George Shihei Shitamae papers, Special Collections and Archives, University of Idaho Library","Transcribed and translated by Naoko Tanabe, 2024-2025, of Densho (densho.org)",Text,application/pdf,eng,mg387_1_7-270,"In copyright, educational use permitted. Educational use includes non-commercial reproduction of text and images in materials for teaching and research purposes. For other contexts beyond fair use, including digital reproduction, please contact the University of Idaho Library Special Collections and Archives Department at libspec@uidaho.edu. The University of Idaho Library is not liable for any violations of the law by users.",http://rightsstatements.org/vocab/InC-EDU/1.0/,pdf,mg387_1_7-270.pdf,,https://objects.lib.uidaho.edu/sakaino/small/mg387_1_7-270_sm.jpg,https://objects.lib.uidaho.edu/sakaino/thumbs/mg387_1_7-270_th.jpg,https://objects.lib.uidaho.edu/sakaino/mg387_1_7-270.pdf,
sakaino507,,Japanese Chamber of Commerce,,"Portland, OR",45.525251,-122.674493,1942-03-27,Newspaper clipping from Oregon Journal showing the Portland Japanese Chamber of Commerce office.,offices (work spaces); chamber of commerce buildings,"MG 387, George Shihei Shitamae papers, Special Collections and Archives, University of Idaho Library","Transcribed and translated by Naoko Tanabe, 2024-2025, of Densho (densho.org)",Text,application/pdf,eng,mg387_1_7-271,"In copyright, educational use permitted. Educational use includes non-commercial reproduction of text and images in materials for teaching and research purposes. For other contexts beyond fair use, including digital reproduction, please contact the University of Idaho Library Special Collections and Archives Department at libspec@uidaho.edu. The University of Idaho Library is not liable for any violations of the law by users.",http://rightsstatements.org/vocab/InC-EDU/1.0/,pdf,mg387_1_7-271.pdf,,https://objects.lib.uidaho.edu/sakaino/small/mg387_1_7-271_sm.jpg,https://objects.lib.uidaho.edu/sakaino/thumbs/mg387_1_7-271_th.jpg,https://objects.lib.uidaho.edu/sakaino/mg387_1_7-271.pdf,
sakaino508,,Preparing for Evacuation,,"Portland, OR",45.524239,-122.673443,1942-03-27,Newspaper clipping from Oregon Journal discussing aid for Japanese Americans from the Japanese-American Citizens league of Portland.,financial aid,"MG 387, George Shihei Shitamae papers, Special Collections and Archives, University of Idaho Library","Transcribed and translated by Naoko Tanabe, 2024-2025, of Densho (densho.org)",Text,application/pdf,eng,mg387_1_7-272,"In copyright, educational use permitted. Educational use includes non-commercial reproduction of text and images in materials for teaching and research purposes. For other contexts beyond fair use, including digital reproduction, please contact the University of Idaho Library Special Collections and Archives Department at libspec@uidaho.edu. The University of Idaho Library is not liable for any violations of the law by users.",http://rightsstatements.org/vocab/InC-EDU/1.0/,pdf,mg387_1_7-272.pdf,,https://objects.lib.uidaho.edu/sakaino/small/mg387_1_7-272_sm.jpg,https://objects.lib.uidaho.edu/sakaino/thumbs/mg387_1_7-272_th.jpg,https://objects.lib.uidaho.edu/sakaino/mg387_1_7-272.pdf,